:100000000030D3A0D3A0D3A0D3A0D3A0D3A0D3A09B
:10001000870CD3A082AED3A0D3A07436795C85D4EC
:100020007A10D3A0849274B679B2D3A0D3A0D3A00F
:10003000E0603C00E1F0CC02E0603C10E13F107E6B
:10004000E0001400E0603C17E0201408E1DD1484B7
:100050003C790108E02015603D2815801601E00379
:10006000D5CAE1A6147C3C0200000000000000009C
:100070000000000000000000000000000000000080
:100080000000000000000000000000000000000070
:100090000000000000000000000000000000000060
:1000A0000000000000000000000000000000000050
:1000B0000000000000000000000000000000000040
:1000C0000000000000000000000000000000000030
:1000D0000000000000000000000000000000000020
:1000E0000000000000000000000000000000000010
:1000F0000000000000000000000000000000000000
:10010000776E88912BA4D45B0804F7FBDA2520DFF7
:1001100000000000000000FF0000C837000080C79A
:10012000708F00FFDA2503FC03FC01FE3BC401FED7
:1001300001FE02FD0AF501FEFFFFFFFFFFFFC837CA
:100140005030303100FFFFFFFFFFFFFFFFFFFFFFD9
:10015000FFFFFFFFFFFFFFFFFFFFFFFFFFFFFFFFAF
:100160004330303100FFFFFFFFFFFFFFFFFFFFFFC6
:10017000FFFFFFFFFFFFFFFFFFFFFFFFFFFFFFFF8F
:10018000FFFFFFFFFFFFFFFFFFFFFFFFFFFFFFFF7F
:10019000FFFFFFFFFFFFFFFFFFFFFFFFFFFFFFFF6F
:1001A00008B5E400C50EE08110D4E00F389AE012E3
:1001B0008DAFE0128E8FE012899FE88E4FD0E6ABB4
:1001C000CD8B3FFDE00005D9E081114AE08116406A
:1001D000E8854ABBE004391DE00E3E1D8F848F0E7A
:1001E0002A892FA63FE3A9842F34E00E3E1DAD8E51
:1001F0003F6B3DEDE400C5863D91E003C5A48D8BCA
:10020000E200CD8101881780391D17003E9CAF8226
:10021000AF8D3FEEE88E4EE4E201CEFF0186389AC4
:10022000E0128F81E12F3F8DAF88AF090AE1E00531
:1002300039AFE0413AA5E200CA8F050539FF0587CD
:10024000C781AF84E00F391D8F8F00CFC7FF00FA41
:10025000E0033DAEE04139A3E200C99005073DFE51
:10026000E00B3E1D0587C708AF0BE00E3E1D8F0E4D
:1002700000C1C77800FA3F6B3FE300CD08B7178194
:10028000E200CD00171E38EF1780E061392EE8D26A
:100290004A41171F3E6FE06C392EE0433F08E00DE6
:1002A0003F343B64E0053E9CE86755FA3E91E5FF2C
:1002B000C37EE00A36A132A13EE839EF396FE20091
:1002C000CF00E00003523F68C701E0433F0EE00F5C
:1002D0003F34E00A32213E1F3F91362137A13F686B
:1002E000120038EEC081E201C0FFE0433A81E20033
:1002F000CA91E0000555E6A9CC08E00F3C2DE0438B
:100300003F8FE200CF910203E0433F8E3C2EE0435B
:100310003C08E200CC000403E0433C0D3AE9E40071
:10032000C2E4E0701738C781E00D3F15E0083FA830
:100330003973AC6D3A6EE00005C83DE31500C58128
:10034000E008314CE0093124E007D4FE2109218680
:1003500039692C04E201CCFF0583E001117FE00E36
:100360003A15A95E0BE1E0073F953B9B9387E200BE
:10037000CBE4E7FF052A3EEEE00E3F9A3F1B970EC7
:10038000E201C6FFE200CF0039170502399E3F6D3A
:10039000C77F3F96E0433F0EE7FF0093E0053A1C1E
:1003A0003A9B9285E200CAE4E7FF0527E00E3A1F78
:1003B0003F1B970E3915E200CF000502399E3A1A0D
:1003C0003F61E7FF009014003CE800C108B13FE83E
:1003D000E082977F3EEEE00C370FE0C0971F3C7F36
:1003E000E00A370F3E9EB71FE02C3E7A01F73FE947
:1003F0003F9DE00E348FE02E3F7CB48815001599A8
:100400003C6E3CEFE007D4673C6908E1E81057AD6B
:10041000170196EF1600E700CE9EB6EF968FE7071E
:10042000CE9CB68F96EFE700CE9EB6EF968FE7068E
:10043000CE9CB68F96EFE700CE9EB6EF968FE70183
:10044000CE9EB68F3882E8664FDAC781E201C7FFD9
:10045000E8666FDAE86F6FD73882E8654FFCE20034
:10046000CFC0E00001490933E0613F82E7FD177F1B
:100470003FDEE0613F92E7EE1580978BE81055274D
:10048000E001CF80B78B1600E00197AA17013EE884
:10049000E703CF9E3E9C170AE001B7AA3FECE02C91
:1004A0003E7EE7501704B60E110AB69E3EE8C6819E
:1004B0003E9FE02C3FF2E7501708B60EB69E3EE88E
:1004C000C6823E9FE02C3FF2E750170CB60EB69E58
:1004D000E001972AE703CF1FE001B72AE7FE177F65
:1004E000978B3FDEB78BE0613F82E002CF80E06117
:1004F0003F9209E23882E8664FE927A308B2E8692B
:100500004F2E1780E02F3F0FE8696FAE2F17E0677F
:1005100017FAE83377AE1100E833542EDF9FE81066
:1005200057A7E002972FE707CF12E002B72FDF8C23
:10053000E8666968E86669690961E06817D400EAF5
:10054000388208B7C076E844577BE86755FAE20A74
:10055000CF78E8445679179E17141280E06E3A2F30
:100560001300E8894C70E8656AEEE08510D07601EA
:1005700073027703758452823C750190E84457FBFF
:10058000E20ECF880509E86F4FD3E200CF81010466
:100590001580E8656DEEC00A0BE18F818E9137A55D
:1005A00057043F9D37A13F9E970FE200CE81E12F78
:1005B0003B6D3B6FE201C37FE00002CB578152836A
:1005C0003FF5E00005DA1581E8656DEE5581E20042
:1005D000CDADE00005D2E200CE8CE0010281160133
:1005E000E20ECF08E8656E6EE0010201E0011248FC
:1005F000119EE8654FEEE0002FCAE009374F3AED53
:100600003C9EC28134813D6D11117285C17FE00035
:10061000294615BCE12C3F9B2606E00A12F8E02C87
:100620003F152E0A159DE12F3F9B2789E00A16777B
:10063000E02E3E2E27041701E8656F6EE00D3D2D7C
:10064000E200CE8405231781E8656FEE009FE2008B
:10065000CB05E7FF02BD560157833E7F058D128112
:10066000E8656AEEE7FF00B4E200CC010188E00132
:10067000123411AD0087E20ECF080277E001124874
:10068000119EE200CE8CE7FF05B65782C082C7817B
:10069000E201C7FF7782E7FE00F05585E00C3125C7
:1006A000E201C5FFE00C3DACE0A012B036213E15E2
:1006B000E200CD8BE7FF02ACE180929CE1273A9308
:1006C0002385E1273A152382C7813CF53AEBE065A3
:1006D0003B2AC5813D65E201C5FF00EBE20ECF0874
:1006E0000555E200CC0101CB00D13C7C01C8E00102
:1006F000123411ADE7FE00FF08B71580E8656DED17
:10070000E09813301580396B3C6B3CEB3D66E003A1
:10071000312339961088E1809393E00E338F3C9714
:10072000E0283C7EC0FFE201C0FFE02B3DE728F45B
:10073000C108E201C90001ECE200CC003F683FE9DA
:100740000306E000C7FF1480E02E3C79E00837C7BD
:100750001783E0023729E02B3DBF178039483CEF73
:100760003C6F1181E0013D191708E18093113B7B3B
:100770000505C781E201C7FF3C63C77FE201C77F70
:100780002F75E000C4C0E208CC8001ED2403E865C9
:100790006FED17803B6F3BEFE099148EE200CF8E38
:1007A0003DEFE400C58601A9E00A358F3C663CE7D1
:1007B000E007D291178039E93E6F3EEFE09914A22D
:1007C000E200CF8E3DEFE400C58601AAE00A358F36
:1007D0003C6C3CEDE007D27FE0413F29E0413FA384
:1007E0003F7FE0413FA2E0693A23E0413F293FFEDD
:1007F000052BE00839290BE1E00B37A63D99170FCF
:10080000E180951BE00C350F3B9AE0263B7CC7014D
:10081000E201C77FE200CF1501F4C78100C0E00B01
:1008200037A63D991719E180951BE004350F3E9AD4
:10083000E02C3E74C701E201C77FE200CF1F01F444
:10084000C781E7FF00BF140000D7E8854FB4E86612
:100850004F673F9EE00027DDE8654F6EE200CF0165
:1008600001B5E8654FECC781E201C7FFE200CF8F19
:10087000029EE8656FEC1780E8206FCBE8656FE4B7
:10088000E8656FE3E8654FEB2F87E8654F5AE200B4
:10089000CF01E00101AEE86F4F7D17812F03E869BA
:1008A0006FAFE86F6FFDE8656FE238821780E8652B
:1008B0006FEC1783E8656FEAE83257F4E8656F6B11
:1008C000E8656FE6E8656F6500D7E8654F6E2F5BFA
:1008D000E8654FEAE201C7FDE200CF810154E86517
:1008E0004FE4C781E201C7FFE200CF8F0289E865CC
:1008F0006FE41780E8206FCBE8656FEC00C21782C9
:10090000E8656F64E8656F6BE8656FEA00F3E832ED
:1009100057F4E200CF8D0504E8654FE5278BE832F8
:1009200057F4E200CFE30523E8654FE5E200CF810D
:10093000019EE83257F4E8204FCBC781E201C7FFA0
:10094000E200CF990287E8206FCB1780E8656FE45B
:1009500000D4178FE8206FCB1781E8656FEBE8654F
:100960006FEAE83257F4E8656FE600F0E83257F4D2
:10097000E200CF8B0515E8654FE6E201CFB40588AC
:100980001683E8325774E12F3FBD3FFE0209E86548
:100990004FE527AAE83257F4E200CFE30225E865E5
:1009A0004FE2E8654FE3C781E201C7FFE200CF886D
:1009B000028AE8656FE31780E8656FE4E8656FEC2D
:1009C000E7FE00E21780E8656FE3E8656FEBE86536
:1009D0006FEA178FE8206FCBE8654FE527ED179496
:1009E000E8206FCA00E9E8654FE2E7FE00CDE86560
:1009F0006FE5E86F4FFDE200CF810183E8696FAFDB
:100A00001780E8656FE6E7FE00CEE8844F78E000E7
:100A10002F46E84157B0E8415731E8624EC5E8310A
:100A200077A4E83177232E93E200CFB2028AE20066
:100A3000CF320287E8624FC4C781E8626FC4008684
:100A40001780E8626FC4E8626FC53882E200CE8129
:100A500001FDE83156A13FADE83156A0E0413FAF7E
:100A60003F2DE0413F2EE00D3F9EE200CEB20563F8
:100A70001693E02E3EAEE000274EE002172CE02E4B
:100A80003F9EE0002748E203CF8FE0000244E86287
:100A90004FBFC781E8626FBF00D9E200CF02E0001C
:100AA00001D2E8624EC5E8415530E84155B1E83120
:100AB00057A4E83157232E901632E1293E2AE862E6
:100AC0004EBE24ABE12C3E2B2628E201CEEF028461
:100AD000C681E8626EBEE8624EBEE200CEE40589E1
:100AE000E8624EBDE200CEE405841682E8626EC57F
:100AF000E8624EC5E200CE81E7FF02A93FAA3F2B84
:100B0000E0413FAFE0413F2E3F9EE200CFD0E7FF04
:100B1000051E1780E7FF00933E6AE1FDC62CE20048
:100B2000CE2802DAE200CDB202D7E8624E3DE20101
:100B3000CE6F02D2E200CEE405CFC601E8626E3D80
:100B400000CBE200CF01E7FF0182E8624FC5E2007F
:100B5000CF820196E8624FBCE8624F44C781E4004F
:100B6000C70BE201C7FF3FFEE8626FBCE7FE046F00
:100B70001780E8626FC4E8626FBCE7FE00E82F935D
:100B8000E8624EC4E200CE84E7FE05E1E8626F450C
:100B9000E8315724E8317721E8315723E8317720CD
:100BA000E7FE00FAE200CF81E7FE01D1E8624F3FA5
:100BB000E8624FC43F7FE7FE04CA178000DD08B734
:100BC000C042E8325157E83251D6E88548BFE8665E
:100BD0004A671294710EE1FFC11C718FE1FFC19C45
:100BE000E08116D4E05D170A70947297721D711E31
:100BF000719F14008FCDE06015FE3E68740B509D10
:100C000038FCE0010191510BE200C901E0040162EE
:100C1000E200CF89E00402DE958DE0012592518E3D
:100C2000E1233DA37195939DE001238F528FE12530
:100C30003BA572963E6FE400C606E08414F83E19A8
:100C40008E0CE200CE02E00701AD3C6FE400C4323E
:100C500092DDE0093F18955990E9E00C3DAAE0418A
:100C600039AC7189E0023BA17190E0413A2291EDEB
:100C7000751271888D5D89D9760C39FA710D709372
:100C80007287720A721188ED9679E00191090382E8
:100C9000AD593C1E8CE83CF10382A8E83CEFE4002F
:100CA000C4B23C9E8C19E201CC790283C401AC1918
:100CB000E06214CC3C9FE0058C8974983CEF52189C
:100CC000E400C4B22205E0083F198C0874173C9E6A
:100CD0008B39E0042B525294E0083DACE0023BA279
:100CE000E200CA87E0413C28E04139223C1205B0CD
:100CF000E200CC5014A81614E06C3C293CEFE40050
:100D0000C4B23C9E8919E200C91105B7E200CD7852
:100D1000E0040581E200CC77E00302781432AC09EC
:100D2000E00000EDE1808D1B14813FFA550BC601F8
:100D3000E06939AAE201C67F748BE7FE00E2120186
:100D40007215E7FE00F214017416E7FE00F55494E4
:100D5000E200CC840586E200CC3C149E160F00CD48
:100D60005614E200CE02E00605DFE200CC31148A20
:100D70001614E06C3A2900C38909E0083521E40023
:100D8000C1033978E003032EE200CD28E00305AA71
:100D90001103E0283C32AC093CEFE400C4B2E200AD
:100DA000CD4F3C9EE00302AA8C79C401AC793CEFA4
:100DB000E400C4B23C9E8C59E200CC50059F897976
:100DC000E200C902029B396AC114397804058CE932
:100DD00030A138F90313549050913C91E200CCE3D8
:100DE000E003058F511030C231427109708A3CEF27
:100DF000E400C4B214023C9EAC491200518A5489EA
:100E000054093C93E200CC831280E0643AA3E0658D
:100E10003AA87289720AE200CDE3E00305B1549E5C
:100E20003DF9E00302ADE200CBE3E00305A9511F69
:100E3000E1213B9251081403E08239583CE0C48A16
:100E4000E00909135107518539383992396FE400A7
:100E5000C1327185E0033F12E00292735405E00352
:100E600091833A78720171820205018A548639F9B8
:100E70000587391E9142E200C93BE00305983960BD
:100E8000C10E39E2E00309033CE0E0053993E024B8
:100E90003972C486E0090A15510139740205018DC1
:100EA000518239F5058A396FE400C132391E914209
:100EB000E200C93BE00205FF3CE0C482E0090A050C
:100EC000E0033A95E0223A74520539740205018D27
:100ED000528639F5058A3CEFE400C4B23C9E94C9C1
:100EE000E200CCBBE00205EA51021403E088395865
:100EF00051015188E400C10331CE3C125107312227
:100F000039433C72518831A20206E00201BC3CF335
:100F1000E00205B9E200CB00148AE06939AC3E6911
:100F2000518A54893C93E200CCE3028F3CEFE40009
:100F3000C4B23C9E94C9E200CC9D0287E200CD5130
:100F40001532E06A3CAC3E6A208AE200CB010187A0
:100F50003E6FE400C6323E1EAB0C560B39E03960E2
:100F6000C182C10E3D6F3AE3E400C53239E2E003CD
:100F70000903E0050A05E0013F1AE0093A93E02879
:100F80003A721280E004344F39E07299C1B2721A99
:100F90009193729B3C93E0283C75E002342F34C15E
:100FA0003CC2518A510934013913E002B47139E16C
:100FB000E003B4813AE0711CC1AAB141C2B6920506
:100FC00094939295E00294513C95E0283C74E002A1
:100FD000B451E200C928B49305852C0AE20BCCDC9D
:100FE0000287549052913C95E200CCF80506E00946
:100FF0003F1A1401E005AC093D1E8C8AE001B59A48
:101000003CFCE001B3AA0382AE0A541824073E6FE9
:10101000E400C63254973E1EAC8C3D6FE400C564BC
:10102000E07016383E1A8E2CE200CE0A3E6FE400C5
:10103000C6320185E00A3F1C1481AC8A3E1E888CB2
:10104000550938FAE00105E5510A38F2E00105E1F9
:10105000E001B5BCE001B3CC2B29518C520DE2006C
:10106000C980E001B1DC3DE3E001B26CE005AB0C0E
:10107000E002B35CE002B36C0302C58F3E6F3584BF
:10108000E400C632E001259D3E1EE001B5FC558D11
:10109000E200CD800302C58F3E6F3584E400C63286
:1010A000E00125A43E1EE002B58C5115E200C90105
:1010B00001035192B18D5216E200CA01010352930D
:1010C000B29DE400C7B23F9E8E4F2E031601AE4F75
:1010D000C68EE08212E03AFDE7FB018DC03E0BE1D7
:1010E0003CEFE400C4B23C9E8C59E200CC18E7FC13
:1010F00002D5140AE7FC00D11400E7FC00D91180E6
:101100007189718AE7FC00F5E0FF12FFB2F9E7FC94
:1011100000F6E200CD6E058CE200CC6D02041428CE
:10112000E7FB00FFE0FF147FB479E7FC00E8E20092
:10113000CD64058CE200CC630204141EE7FB00F1D1
:10114000E0FF10FFB0F9E7FC00DAE200CD50058CBB
:10115000E200CC4502041414E7FB00E3E0FF117F3A
:10116000B179E7FC00CC8C09E200CC14E7FC05C7A0
:10117000C47EE7FB00D6560BE7FC00CF1081E7FCEE
:1011800000DBE7FD236D3D6FE400C5323D1E8C8A18
:10119000E200CC8A0585148AAC8AE7FD00D7E2001C
:1011A000CC82E7FD05D3C4FE00F8E0001664E7FD3D
:1011B00000CD1632E7FD00CA1628E7FD00C7528CA5
:1011C0003E1EE200CA80040D1401E001B47C3E6FB3
:1011D000E400C63214803E1EE001B4DCE7FE00D914
:1011E00015FFE001B5FC00F4550D3E1EE200CD00F8
:1011F000040D1581E002B58C3E6FE400C63210800C
:101200003E1EE001B0ECE7FE00D215FF00F43CEF1B
:10121000E400C4B23C9EE0019459E0019279E041BF
:101220003928E0413B24E0019539E00196493976BF
:10123000E00A3DAAE00C3BACE0010402E001250419
:101240003C241101E001B459E0413C28E004A979B3
:10125000E0283B18396FE400C132391EE00194E206
:10126000E00291827489E0413AA3E0413CA93CF557
:10127000E000046EE000267054893CA37487E0010E
:10128000B4E21481E004ACF25107E0413CA2E02951
:101290003A99396FE400C132391EE0058902E20053
:1012A000C901E000015D51123D123D1452133E147C
:1012B000399C1600510E520FE02A3D6CE02339ECA8
:1012C000E12A3D52E12339D424093E6FE400C632BD
:1012D000E0083D2B3E1EE002B41C3E6FE400C63227
:1012E0002487E0093F1CE00839A7E002B4293E1E2C
:1012F000E00194DCE001B5BCE0413CA93B79E001B0
:10130000B3CC0231B50DE400C7B2E00B3F1FE001E2
:10131000966BE0413E2C3AFC0231B19D3F9E160196
:10132000AE3F1600AE4FE200C893960DB65F961D15
:10133000B66F05AF160AAE0FE7FD00CC14003A6891
:10134000E7FF008A3C6A3A6AE7FF0086148039E9C1
:10135000E7FF00A13CEC39ECE7FF009D39E73D6B6E
:10136000E7FF00A9E002961C1400548E3D9CE02B80
:101370003DE8E12B3DD9B58D00C7E002962B150065
:10138000558F3E17E02C3E6AE12C3E5BB61D00C730
:10139000E200C881E7FD059EC0FFA88FE7FD009A27
:1013A000E7FD2E18E400C7B2E0281080E00A3F1FD6
:1013B000E05D148CB08A3F99E0021100B10F120178
:1013C0008FDDE0FF11FFAFDA8FEDE002B66AAFEA22
:1013D00097DDE002B65AE002B7FA97EDE005AE0AF3
:1013E000E004AE7AE002B62AE002B61AE002B20ADF
:1013F000E001B27AE001B66AE001B65AE001B3CA90
:10140000E001B5BAE001B3AAE001B59AE001B38A00
:10141000B5FAB3EAB5DAB1CAAE7AAE4AE003B78A32
:10142000E7FC00D83E66E7F800EB08B538E9E400D1
:10143000C08EE08116D4E083166C389D11003A61AD
:101440003FE90083C781C20E3F6FE201C77F3D7E47
:1014500005AC8AC48F4C39EC3F7501F5E201CF7FB2
:101460000172E400C706E400C78E3F1DE003C724F5
:101470008F0E2F03E0033E9F3F68E400C70E8A43B0
:101480003F1BAA4E3F9D92039193B20EC401B19EA1
:10149000E201C47F89DFA9DE89EFA9EE89FFA9FEF9
:1014A000E0018F8FE001AF8EC101E200C90AC60ED4
:1014B00001C70AE1E6ADCF58E001178E3F9EE00E6E
:1014C0003443E08514503C1E8F8FE00F8F08248535
:1014D0003FCEE00FAF883882E30F3F5F00FB08B7D5
:1014E000C07AE86F4FEF7402E200CF810103E86F2A
:1014F0004FEF110039E23A62E00012C6E00000FD51
:10150000E0851750E00F31213F9E8D0F8F1FE00DBA
:1015100035253E9EE08E17F0E00C36A13E1F960C5E
:10152000E0413E2CE202CE2CE000026627093DEDB0
:10153000C5FF35A1E200CF1E3D9F920B02083DED95
:10154000C58135A13D9F918BE0002760E200CF1F50
:1015500038E4E06139A339E13642E0413DA4E0419D
:101560003CA3E12B3DE9E12C3E653DFCE00003C4DA
:10157000E200CD08E00002CD3EEE1580160036A157
:10158000E86F6E463F9D15093E6B3CEB3B6B938FBE
:10159000E0413EA7E202CEAC02232706E200CF1EC6
:1015A000E040931F0203949F273CE200CF1F38E6E0
:1015B000E06139A93CE136C2E12D3EE57681E041AA
:1015C00038A6E0413EA9E12138ED56813EF105887B
:1015D000C601E00D3382E201C67F1581B68FC57F5B
:1015E000E201C57FE000C7C02D532583E86F6E463A
:1015F0001480DF61C1013C625782E201C47F3C7FFD
:10160000E7FF0480C0060BE13A63E7FF00A7E200B2
:10161000CD11E7FF02B43EEEE002C6A0E7FF00AF47
:101620003B6900CAE00F3443E08517503F1FE6AD29
:10163000CC58E001178E3C1FE00F8F0E8C083C5EEB
:10164000388208B5110039E2E08512501281E8892C
:101650004FF03FF30284E88969700AE13C63DFE3FD
:101660002411E00E31A13F148E8EE00F31213F9402
:10167000AE8F3C628F1EC1013CE5E201C17FAF1F0E
:10168000DF1AC181E201C1FF00E3E83257F027858C
:10169000C7FFE83277F03882E84B4F38E83277ED11
:1016A000E8656FDC2779E84B4F39270DE81057279D
:1016B000E84B6FB9E86F6FE3E00296AEE707CE9FA5
:1016C000E002B6AE178AE84B6FBA1780E84B6FBBE3
:1016D00000E3E84B4FFB2F8CE84B4FFA2F8BE84B86
:1016E0004FF92F8AE84B4C78E1283C0F38821404DC
:1016F00000FE140300FC140200FA08B7C06EE832C2
:101700005657E83257D6E0811254E06112881680AD
:10171000E0011516E00014CB7608778989C4E20051
:10172000C98902AC3FE3E400C786E08110D43F9151
:10173000E003C7A48E0F3963E400C11297049394A9
:101740002E24E00F3A92E06115943D92B70FB39FBB
:10175000B60BE06116163E1215A0B58CB72FB3BFBD
:10176000391597A297049614E00F3F2FB7C297B28E
:10177000B722E00F3E2FB632B7D2C20EE08210E0A1
:101780003A7101CDC0120BE1E200CE0201EAE00F96
:101790003A92E0018E4F95AFC601E001AE4FE006F0
:1017A0003F2B963FE04138A6E0063BACE0413C26AB
:1017B000E0063898E0018C7FE201CC000120941F04
:1017C000978FE0083BA8E00F3F2FE0413FAFE0419B
:1017D00038A83F91E02F3F9A2F87E0283C192C042E
:1017E000E201CB16050C3FE3E400C79214003F95DD
:1017F000E001AC5FE7FF1400E001AC7FE00F3A923C
:10180000E0018C7FE201CC00E00001CD7481750223
:1018100076837784770576067587DF5CE200CC01F6
:1018200010841408E0683DA13C765481550256832B
:1018300057845705560655870512E0018C6FE20163
:10184000CC7F0104C401E001AC6FE0083A92E001F2
:101850008FD82794C7FFE001AFD800903FE3E400A2
:10186000C792E200CB193F95E0018C6F3441E00153
:10187000AC6F056C1428E001AC5F3FE3E400C79255
:101880003F95E0018C6FE200CC0A058CE00014402B
:10189000E001AC7F1400B70FB39FE001AC5FE00143
:1018A000AC6FE06217CC3F93E0058F8FE7FE27DA3D
:1018B000E400C192E00F3A9397CFE400C783E200BF
:1018C000CF800302C783378239953D9F97D3E400C9
:1018D000C783E200CF800302C78337823E1F578849
:1018E000E02B3DEDE12B3DDF5789E02C3E6DE12CF7
:1018F0003E5FE0040D9CE7FE00B5E8624FC52FA6F1
:10190000E84B4F34E00216CAE200CF00E00317C2F2
:10191000E06F39ADE0031760E00216B6E06E39AD56
:10192000E200CC3E029817BFE0083FA816003C3EFC
:101930003E7CE00D344802052E05E200CEBE058255
:1019400016BE17BE3FAD3C6F3882E00217CAE002F8
:10195000173600E7E20CCC010594E20CCC40029370
:10196000E1F3C47F17003C3F3F7EE00F344802059F
:101970002F05E200CFBE058217BEE00CC78100E450
:101980003FE800E217003FEE00DFE8624FC52F9E00
:10199000E84B4FB42F9BE00317C23F6FE200CC3EF1
:1019A000E83256D7029817BFE0083FA83C3E160021
:1019B000E00D34482E04E200CEBE058216BE17BEEE
:1019C0003FADE005144F3C2F3882E00217BBE00228
:1019D000173600E53F6DC7413F78038F3C2DC43F6C
:1019E0003C3F1700E00F34482F04E200CFBE0582D1
:1019F00017BEE005C79100E63FE800E408B7C072F3
:101A0000128013811702E8854EB43E683A69396541
:101A100039E5E0811354E02B3C87E02E3C8E3D6598
:101A20003FE5E201C7FF3EFF02911782E02F3A0F28
:101A30002F861484E0243A09E0002270E008312463
:101A40003C13E201C47FC00E0BE13E7F01313FE554
:101A5000E400C78E3F96940F750177027583760474
:101A600076857786DF9357863CE8941F7487DF4638
:101A7000E001394338C45786E201C0FF55015702DF
:101A800055835604568554878FCF2895E20ACC7625
:101A90000586E1FFC49BE204CC8502BAE400C78658
:101AA00039E13F96E003C7A4890FE022390AC281D9
:101AB000E7FF00B838E2E400C881E6AFC8F1259B33
:101AC000209A2999E1FFC41BE20ACC750584E20142
:101AD000CC96059CE400C7863CE73F96E003C7A48C
:101AE0008F8F1101E200CF80E06939A339E9E0620C
:101AF00039A900DE275D20DC298EE1FFC41BE20A44
:101B0000CC7505E9E204CCB805E6396300D139614A
:101B100039E100CE110000CCE00831A43C12E7FF0F
:101B20000092E8656C7CE8654FFCE6A9CFDFE20037
:101B3000CF84018317830085E200CF81028517815E
:101B4000E86F6FEF3882E200CF8201751781E86F8E
:101B50006FEF1780E8656FFC00F6E08E17D0B5FFD9
:101B6000E0413DCBAC1FB49FE6A3CC89B52FE6A3E3
:101B7000CD0AE001B58FE06F17C8AC8FAD1F38827A
:101B8000E86F4FD42FA43F68E400C764E0701438B6
:101B90003C1EE0018F58E200CF330597E0019688A4
:101BA000E0019718E02C3E9F2612E02C3F1F260FE5
:101BB000E400C7031605E02E3F3C3EFE030A8C38C6
:101BC000179DE1283C1F3882140100FE140000FC20
:101BD0003C6F00FA08B7C070E200CD801790E8D2E1
:101BE0004DC11601E06C392F128017913E3B3F65C5
:101BF000E0433909E06E392F3F3BE86757FAE00DC3
:101C0000391C75083D6C3A6936A1E5FFC57E3E9FDB
:101C1000E009372138E239E57205E200C880E000CA
:101C200003773EE4C681E0433E8D3E9C36A13E9F55
:101C300072065606C601E201C67FE043388CE20018
:101C4000C89FE000057D3EE4E0AD3C0B130036A1EB
:101C50003E9F960D3DE2E00D364F3E9C5605368187
:101C60007687E0433E8C16103EFBE000057B56066F
:101C7000E0433B8C16103BF2E0010324E00117FF28
:101C8000E12F3B5F5308E0701138E400C364E201C8
:101C9000C7FFE00E3916E0018E5EE001AFBE3E7F69
:101CA0000383E001AFDEE6A9CA0456055706E00F3C
:101CB0003A2CE0433F8FE200CFA03A2EE0433A04B3
:101CC000E06F3C27E200CA003BEFE0643B2DC3819C
:101CD000E00F3916E00D3BA439F5AECFE00105A5C4
:101CE0003DE51500C581E00831CCE00931A4E006EE
:101CF000D82B2189228639E92C04E201CCFF058307
:101D0000E00111FF3916A9B2C0100BE1E0063D1D3C
:101D10003B199306E200CB64E7FF0505E201C0FF33
:101D200070853996E1C0909DE200C88005023A9125
:101D30005085C0FFE0433881E7FE00F1E0013E9AA4
:101D400038999081E200C8E4E7FE057F3991E1808F
:101D5000909DE200C88005023A917606E7FE00EB0E
:101D60003BEBE200CD80C3FFE201C3FF05263D9EB1
:101D700035A13D9F948B5407E00B3B9E35A13D9FC1
:101D8000E02A3C98958B2519E02A3D9C2516E00811
:101D9000348FE00134CC34243C4138E0C082E00A86
:101DA000358FE0010E1F34A4E006D7CE3DE0C5829A
:101DB000E00B0E0FE1263B69E0433D87E7FE00D6CE
:101DC0003DE2E201C5FF396BE200CD9EC101E201B7
:101DD000C17F02A63D9E35A13D9F948B5407E00B29
:101DE000391E35A13D9FE02A3C98958B2519E02AA4
:101DF0003D9C2516E008348FE00134CC34243C416E
:101E000038E0C082E00A358FE0010E1F34A4E006FE
:101E1000D79B3DE0C582E00B0E0FE1263B69E04316
:101E20003902E7FE00AA14003CE8E7FE00E408B728
:101E3000E400C40EE400C4E4E07012B8E08117D4FA
:101E40003A993F98940FE00593B5E00593453C27F8
:101E5000E0413A28941F17803C26E04139A8E86FFA
:101E60004C54E009AFF524173C66DD48C471E20C20
:101E7000CC220586E00831A3E1223A18009F3C6796
:101E8000DD85C471E205CC3205A2E0083223E122EF
:101E90003998009439683C67DD79C462E205CC1456
:101EA000058FE0018F85C7FFE200CF8102EFE200DE
:101EB000CA0702041781E009AFF53C620BE13C66FA
:101EC000DD1DC471E20CCC2202D600F8110000F630
:101ED00008B7C0783F68E400C70EE08113543B1E8A
:101EE000E86F4FD43AE894063BEA7782396B748105
:101EF000DD4D5481E00012643A39E07011B8E00D14
:101F000039943F68E005943D76837704DD3F5704BC
:101F1000E00C3C2E94167604DCF156833B68E00519
:101F2000944DDCEC5782E0083B28E200CF815481DD
:101F300056040109E86F4FD4E200CF8201043FE864
:101F40003C6C3E6FE00F3994E0018F1FE0413EA8EA
:101F5000C77DE200CF01E0413E2C02958FEFE20009
:101F6000CB81E00001CFE00E3E1DE201CF7A02847A
:101F7000E201CE16058D3C65DF5B3994E009AC5378
:101F8000140100A93F6C8FCF3E6D3EEE00E91704AF
:101F9000E12F3F2F27A5E6AFCFF22FA2E00F399414
:101FA0008FAFE02E3F8E2F051708E02F3F8E27952D
:101FB000E04A17B63F998F8FE0001764E200CF80A8
:101FC000E0011796E06E39AFE12D3E9E2ED5E12857
:101FD0003E1E2C52C0080BE1E000174600F6E86FE9
:101FE0004C542479E00015E4E1283E1B2C04E12840
:101FF0003E9B2471E200C901E7FF01BF3C6200EB98
:102000003F6FE400C7141531E12A3D2EE6AFCC72D4
:1020100025022C2B159EE12E3F6BE6A7CF8FC781A3
:10202000E400C794E0001563E12A3D2F25022C1F30
:102030001432E12F3FE8E0011596E12F3FDBE86F16
:102040004DD4258BE0011516E00015DAE12E3F5A3C
:10205000E12F3FEBE12E3F6BE12D3E9EE7FF2E8D02
:10206000E1283E1FE7FF00B7173200D8E00017E471
:1020700000E7E86F4FD4E400C464E200CF81E07071
:1020800017B801883F98E00B8C5F1787E1283C1F49
:10209000008CE86F4F543F98E200CF020187E00BBD
:1020A0008FDF140AE1283C2F3882E00B8C6F1784F5
:1020B00000EE08B23968DFDE24363F62E400C76410
:1020C000E0701438E00D3C1EE0018F8DC7FFE20088
:1020D000CF813FE805B08E3DE200CE55028B8ECD1C
:1020E000E200CE870287E200CE370586E200CE8589
:1020F000058A14010098E200CE2D0585E200CE8706
:1021000014010111E0083F9E8FD8E200CFD502F202
:102110008C68E200CC0702EEE200CFB70585178598
:10212000E1283C1F0961E200CFAD05851787E02853
:102130003C0F00F9140000F708B23968DF9B243027
:102140003FE2E400C7E4E0701738E86F4ED43F1F69
:102150008FBE2EA7E200CFEE029D8F4EE200CF0B86
:102160000299E200CFA80584E200CF090293E200C1
:10217000CFBC05B6E200CF06028DE200CFD005B09D
:10218000E200CF060107E200CFE405AAE200CF0398
:1021900005A7E04A14363C121781AF881401096183
:1021A000E201CFAA02F78F4EE200CF0B02F3E2006A
:1021B000CFC60584E200CF0B016DE200CFDA0590B7
:1021C000E200CF0702E7E200CFEE058AE200CF0788
:1021D0000161E201CF820584E200CF0400DA14003D
:1021E00000DF08B73AE93BE83C6939EA3A65DFA520
:1021F000E0701138E400C264240B3914218517887B
:10220000AFA23C630BE11784AFA2118100FB3C65D8
:10221000DF513B68240539141782AFF200F73D689F
:102220003DE33CE53C67DE5539142404AB221182C2
:1022300000E98FF22783C7FF00F1AFA229F91781C8
:10224000E009AFD200F53F68E400C70EE08117D483
:102250003F9E8F7FE200CF1102A4E0018F8FE2004A
:10226000CFA0029FE8D24EC1E400C464E0AF3E8E2E
:10227000E867577A37A13F9E968FE07017B8E00E57
:102280003F98E001960E3E7D0303E001B68E3C1FB1
:10229000E844577BE00197983F7F0503E001B718BA
:1022A0003882E86F4FD42FBD08B43EE8E400C6E49E
:1022B000E07017B83F9DE00289CF3A6821830A2178
:1022C00000C3E0028EDFE200CE8E02851701E0023D
:1022D000AF4F00F68E9FE200CE8E0289396FC11497
:1022E000E8854F34E08117D43F7302820A613F636F
:1022F000E400C70E3F1F8ECEE400C6863F9DE0037C
:10230000C7A48F8F2F8A8FFEC7FFE200CF8F028571
:1023100017823C64AF82DF98C181E201C1FF00E116
:1023200038821780E8854CB4E07016B83D6FE081C4
:1023300016541700008A8DCCC60EE6ACCDCB3DFFFF
:102340000108C701E201C77F3F7901F6E002AD5DF8
:10235000C781E201C7FFE200CF8AE000C6E401E8DE
:10236000388208B4E08514D01200E8894970E00092
:1023700016E43E6439E9397C018BE200CEE4018247
:102380001680E200CC003C6DE06839A40A61C60109
:10239000E201C67FE00A36213D1338EC3971C502EF
:1023A0000183C48200E9E0408FAA8F09E0408D9A42
:1023B0003F2F8F99E0413F2E3FABE0413FAF3DEFD4
:1023C000E201C77FE201C5FFE12F3F6BE12D3EDF58
:1023D000E12F3A6F3A6FC081E201C6FFE201C27F8E
:1023E000E201C0FF00DC248DE8D24FC3C7FF3CFFF1
:1023F00001082406E8D24CC2C4FFE1283C88388298
:10240000140000FEE869579DE6AFCFFF2F86E8690C
:10241000541DE6AECC783882140100FE08B33F6844
:10242000E400C70AE0DC17A83F9E89AF15003FE330
:10243000E200CF8402913422E04A115C3918AD02E7
:102440001400C50C1484E006D4A915003DE3E00691
:10245000D47BB49209E1C781C50137C1E201C57FD0
:1024600000E8E0643F80177B3FDE260216042582E9
:1024700015843F03C4FFC47F3E4F3DCFE0643E1050
:10248000C4818689E0643D90C401AE88C57F2D7704
:10249000E0643F9000003F04388208B2C07EE8103C
:1024A00057A71502E000176B11003CEAB76F3E62B8
:1024B0003C901581E00214047101DFD415023CEA5E
:1024C0003E6215813C90E0021408DFCCE81057A76B
:1024D000E001177FE001B70FC0020961E0613F82B0
:1024E000E0613F02E7EF16FF3F5DE0613F12E06110
:1024F0003F0216FB3F5DE0613F12E810572EB44EDD
:10250000E0613F923882E0613E82E0613F82E7EF26
:10251000177F3FDEE0613F92E0613F82177B3FDE45
:10252000E0613F92E81057AE974FB7081700964FFB
:10253000E70ECE1EB64F964FE70DCE1EB64F964F06
:10254000E701CE1EB64F964FE700CE1EB64FE061B4
:102550003E923882E81057ADE8325778E001B74F25
:102560002406E001974F3C4EE001B44F388208B298
:1025700039693F83E7EE1700978ECFA0B78EDFEB68
:10258000E200C901E81057AD01A9976FE700CF122B
:10259000B76F970FE706CF12B70F3B0000000000A0
:1025A000000000000000000000000000000000002B
:1025B00000000000E81057AD1681976FE700CF1DAF
:1025C000B76F1680970FE706CF1DB70FE7EE17001E
:1025D000978E16DF3FDDB78E0961E8105727E002BE
:1025E000972EE6AACF7E270A976F1681E700CF1DA8
:1025F000B76F970FE706CF1D00D0E001B74F00CEB1
:10260000E8244F70E201CF01E00001E23F69E201FE
:10261000C7003FE82708E7EE170096CE1601E7024D
:10262000CE9CB6CEE00027C908B1E200CF813C695C
:1026300001921480DF9DE7EE1780974FE6ADCF7EC5
:102640002706974F1680E702CF1DB74F1780E82463
:102650006FF008E13F83DF7FE81057A7E810572DA0
:10266000E00297AFE6AACFFF27A497EE1681E70016
:10267000CF9DB7EE978EE707CF9DB78E3B0000004A
:10268000000000000000000000000000000000004A
:10269000000000000000E81057AD1681976FE700BA
:1026A000CF1DB76F1680970FE707CF1DB70F00C478
:1026B000E001B7CE00E4E7EE1780974FE6ADCF7E9E
:1026C0002706974F1680E702CF1DB74F1780E824E3
:1026D0006FF038821780E86F6FED1701E869579D3A
:1026E000E703CF9EE869779D1780E81277B7E8691E
:1026F000579DE707CF9EE869779D3882E86F4FF8CE
:102700002F901701E86F6F6DE81277B7E8256FC259
:10271000E8246FEDE8DC4F94E201C7FBE8DC6F943E
:102720003882E86F4FEDE810572E2FB097EEE6AFE6
:10273000CFFF2FB3E86F4FD03F6F2F8217013FEECF
:10274000E000C7E3E02F3FBEC7FDE201C7FFE86F2F
:102750004F74C7FF3FBEE6A2CF8FE8206F99E820F5
:102760004F992F9D1781E8206F99E8204F99E82411
:102770006FE61780E869571DE703CF1FE869771DEB
:10278000E83C7790E81277B2388297EEE6AFCFFF59
:102790002F84E86F4FD100DC178200DAE8204F99D0
:1027A000E200CFFD05E3E00017FD00DEE81057A7CB
:1027B0001681E001972F3422E703CF1DE001B72FE8
:1027C0003F68E150C700969EE150C404B49E168055
:1027D0009718B498E001972FE703CF1DE001B72FBA
:1027E000388208B4E81050A71701E00197A1120041
:1027F000E703CF9EE001B7A1E7501780B20FC7846F
:10280000E040B21FE358CF8001FAE06516FC3E9429
:102810001708E02C3A7EE75017803F6CE833562EBD
:10282000B70FB69FE750168411003FE23F9C170A8E
:10283000E02E3F72B70DC684E040B79DE353CEBC97
:10284000C60101F3E0011780E06E1148E75417005C
:10285000E201CF80E00001CF1500E06F15C83EEA2D
:102860003E9B1608E02C3E7AB60EB69EC781E2016A
:10287000CFF001EF1600E02416C43E9C17083FEC91
:10288000E02C3E7EE756174CB60E3DEFB69EE7565F
:102890001750B60E1508B69EE02416C43D9DE02ADA
:1028A0003D7FE7571770E02416C3B50E3E9F14080E
:1028B000B59EE02C3FF8E7571774B60EE0DC14A87D
:1028C000B69EE8854F48E400C70AE00D3C9E3E9F57
:1028D000E7571778E02C3FF8B60EB69EE757177CFF
:1028E000B50EB59EE0019721E703CF1FE001B721A8
:1028F0000A61140039EFE054C180E009391F3EE855
:102900003E99160831A2E02C3E78B603B693E7FF55
:1029100000AF08B1DF67E81057AD170096AF15821A
:10292000E706CE9EB6AF1681962FE705CE1DB62FD1
:10293000E81057A7E001962FE70BCE2BE001B62F4A
:10294000E7EE1780B68F16FFB6EF1685B6CFE0011B
:1029500016EAE003B68FE001B72FE0613F02E00224
:10296000CF00E0613F12970FE7FE16FF3F5DB70F04
:1029700008E1E88A4F6AE08A17EAE200CF06E00041
:1029800002C3E88A4F6A1680E400C7163F1FE002C0
:10299000B46EE88A4F6AE400C7163F1FE008AC8EA9
:1029A000E88A4F6AE400C7163F1FE007AEAEE0A01A
:1029B00016F0E88A4F6AE400C7163F1FE002B6FE31
:1029C0001681E88A4F6AE400C7163F1FE007AEBED3
:1029D000E88A4F6AE400C7163F9EE0A91770E0033B
:1029E000B70F3FE8C7FD3FFD0290E8854FC8E88A72
:1029F0006FF4E8854EC8E88A6EF5E88A4FEAC78129
:102A0000E88A6FEA14013882E201C47FE88A6C74B4
:102A1000E88A6C7500F3E08A17EA1700AF0F16FF1B
:102A2000AF1FAEAFAF3FAF4FAF5FAF6FAF7FE00154
:102A3000AF0FE001AF1FE002AF0FE002AE9FE00278
:102A4000AF2FE002AF3F388208B23968DFE5E2001D
:102A5000C904028D3121E0001400391897823F82A9
:102A6000E81254B91400E201C4FFDF841780E88A39
:102A70006FFDE08A16EA1780E88A4F6A3FFE0493EA
:102A80000961E81254C31401E201C4FF00EFE81227
:102A900054CD1402E201C4FF00E91481140300E6DE
:102AA000148200FD3F6FE400C716C7813F1DE00898
:102AB0008E0EE88A4F7DE201C7FF3F1CE88A6F7DDA
:102AC00000DC08B13DE9E002C5B217003D6B16809D
:102AD0003E6EE0013C1EE0C0979AC6012E8C37C8BE
:102AE000AF813F6CC681E200CE9101F3C5DE3CFBB5
:102AF00001EE08E1E201C7FFE200CE90AF81017272
:102B00008F8A3E18C702AF8C00EE08B21500E002B3
:102B1000C4323FEA38EFE001C781E00D37A81780E3
:102B2000C08139683E6FE00B3F9AE200CE103D99BC
:102B30008F0B01913F1DE042B718C781C601E2002B
:102B4000CE11C17E01F1E200C8893D1FC45E3FE1A4
:102B500001E209612E0637283F11E040B71800EE68
:102B60008D9BC78235A83F1BE040B71200E8E8D232
:102B70004C382C14E86F4FEDE200CF83010EE84E85
:102B80004FA7E201CFF90284C781E84E6FA7140175
:102B9000E86F4FEFE8256FCD3882140000FEE82083
:102BA0004FE8C781E8206FE8E8204FE8E86F6FD969
:102BB000388208B2E08A11081704E001B752E081B8
:102BC00017A2E001B70FE781167FE00196E2142B10
:102BD0003EDCE001B6E2E001971F3F5CE001B71F79
:102BE000E00194D2E005D5FAE00194E2142C092129
:102BF000E0AB00F408B2E08A11081704E001B73234
:102C0000E08117A2B77F1640E00196E214293EDC6E
:102C1000E001B6E2E001971F3F5CE001B71FE00171
:102C200094B2E005D5DBE00194E2142C0921E0AB7D
:102C300000D508B7E1FFC03E1780151E1480741739
:102C4000E04D1448E8894970E84E6FA5E84E6FA63C
:102C5000E84D6FE6E006D09A153C1480E04D14680C
:102C6000E006D094E200C901E00005FDE8D244C3CB
:102C7000E8D243C2E867557AE8D24DC1160074889D
:102C8000E04B10BC7606E08514D073877509758A11
:102C9000E70014018F998E893DEFE043398DE043C1
:102CA0003A0F3F6DE6A9CE0F3BE3C5FFC77FC38157
:102CB000E0433D8B3E2F3AE4E0433F0EC281738BED
:102CC000758E760F550B3F7AE00005505786E180F0
:102CD000B411C781E201C7FF397F7786C48201D969
:102CE000E8854E35E200CE03760FE0010183E82649
:102CF00057E3E3D4CFDF0284C781E82677E3178068
:102D0000E00D37A1E08517503F1D8B8E8F1E738716
:102D100077093F6FE201C77F2786E04D16483E1FC7
:102D20008E0C2E06E04D16483E1FC701AF0CE04B3F
:102D3000173CE00E3E9E3E6FE04D16C8C6013E9F1A
:102D4000760E7616769A771B578E5386E201C7FF6A
:102D50003BFFE00002D257963F6FE201C77F3F770B
:102D600004D0E000C0420BE1E200CF00031E3E6D44
:102D7000C601E0433E0C55073D7E02053E6DC6018F
:102D8000E0433E0C530A550F558E3B3CE201C57F94
:102D9000E02C398C3DF5050BC701C6FFE0433F0E23
:102DA000E201C6FFE7FF00903E6E00E6E200CD8044
:102DB000031E3FEAC781E0433F8F53883BFB020578
:102DC0003FEAC781E0433F8F2604E0273A0F2B8874
:102DD0003F96538937A13F97978FE0283C6FC58175
:102DE000C57FE0433D8BE201C57F00D53FEB00E6A8
:102DF0001780E7FF0084570EE08517D037213F9EEC
:102E00008B0F8F9F77107788578753883FA6E041B5
:102E10003FAF7794E201C7FF778A5789E8204F4890
:102E2000558A3FA7E0413FAF77953F7BE201C7FF5F
:102E3000778B05833F7F028F560857893FCC2FB988
:102E40005787C7FAE200CF8502B43FE6C7FAE2002F
:102E5000CF8502AF538A1781E12D3FA726AF558B4F
:102E6000E12D3FAB26AB56973EDF26A8E84D4F66D7
:102E70003F1FE84D6F66E84E4F253F1FE84E6F2518
:102E8000568857093F4D2F0A5707C77AE200CF05EA
:102E90000285C37AE200CB050582278B560EE04DF2
:102EA00017483E1E539A8F0C8F87E0042F62AF8C19
:102EB000570EC701770EE7FE00C9560A3F7C028312
:102EC000178000DF568B3F7D05FC5797E200C782D5
:102ED00027F8538A17825607E12E3FA7E12F3FAD0F
:102EE000E00F3F5F3E767791E00004FEE1253E165D
:102EF000E0413AC5570856893EFEE00004F8E12754
:102F00003E9EE0413BC75607E8D24EC15789E8676D
:102F1000577AE0AF3E0D510937A13F9E978F3A6C2B
:102F20007792E0FF11FF5788E001167FE0AF3B0D7D
:102F300037A13F9E978F77931780E12B3B04E000EA
:102F40002DD95488E12B3C82E0002DD453925613A6
:102F5000E2FFC9FF3B9C3381018239EB5710E04B04
:102F600017BC561B3F9E978F970CE00D318F3F1F6C
:102F7000E00F374F3F9E3781E00F3BAFE0413FAF5F
:102F80003F6FE400C706718DE0033BA3E04139A326
:102F900039FE768CE000057AE0001164E023399276
:102FA000E0001178E0223F9239535786569257132A
:102FB000E200CF85E0293EEEE00005FCE0851752F7
:102FC0001780C781E201C7FF3E6E3EEF55063D7D8B
:102FD000E00002DF3D7FC70201F53AE9E004348FEB
:102FE000E00000EB1281E7FF00871381E7FF008D0F
:102FF0003C603CEC150CC438778277037604768508
:10300000E005DEC43B7469396A3C578257035604B5
:10301000568501AE3917E201C17F693DE000694183
:103020003C60C4383DEC14808888E201C8FF010F81
:103030008D18E201CD7F010BE0AA388DE201CDFFB2
:1030400035213D1E950A011E3D7F021CC481E2010F
:10305000C4FFE200CC83C40401E83D6035A2C5385A
:103060003D9A8A0B891BE02339DFE7FE00E854888C
:103070003A15E201C27F3CF26A38E0006A40015131
:1030800000CA3DE93FEA00E31100E7FF0090E0409D
:103090008D2E8D8C3D7B010DC602E0408D1EE040E3
:1030A0008D9C3D7B0106C681E201C6FFE7FF0090D3
:1030B0003AE7E004338F5611E00026615706568F39
:1030C0003EFEE00004E0E84D4FC4173CE200CF8034
:1030D0001780E00011CEE06F3922E06339AE396F1E
:1030E000E8664FE62F89E8704F98E200CF8017A876
:1030F000E06F392339EF5606578F3FFC0485E84DC2
:103100004FC4E00027ED568A1783E12E3FADE00063
:103110002767570BE12F3FAEE00027E2578756079E
:103120001700E12F3FD63DEEE04B14781081E12AE5
:103130003E6677903D7F03AA3F5BE0002F4FE84B50
:103140004FFCE200CF83E00002C9E84B4FFBE001F7
:103150002F9FE84B4F7AE0012F1FE84B4FF9E0011A
:103160002F9EE84B4F7816BCE200CF00E06D39236C
:1031700039EDE06F3922396F00B2E00011CEE7FF80
:1031800000B111BC1100E7FF00AD3EEFC6B936A19A
:103190003E98960DE200CE64021EE3FFCE1B3EE198
:1031A000E06D3A2E3F6D5690E12D3F9D268FE12D2B
:1031B0003D1F268C3EEFC6A736A13E98968DE201B4
:1031C000CEC80504E3FFCE080408C781E201C7FFAB
:1031D000E7FF00B23DE100E8118A1100570FE2005D
:1031E000CF0201AB5786E200CF8201A7E8814F6989
:1031F000E8814FDB3FAEE0413FAFE201C7FF17037D
:10320000E12F3F2F279AE8814FDCE8814EEA3FAD5E
:10321000E0413FAFE201C7FFE12F3F2F278E558AE4
:10322000E12F3F2B278A560BE12E3F2C27063AE948
:10323000E004348FE00011D5E82657E3E200CF85A3
:103240000587EFFFD2482C0417BDE02339EFE86F64
:103250004FD3E200CF81019856925713E02F3EDE04
:10326000E00E378F77827703EFFFD235570357820F
:103270003F7401833FF50114E200CC01E00002F24B
:103280003AE7E004338F1380E00000C8118A396EFA
:10329000E7FF00A61199E7FE00F011A800F9E2008F
:1032A000CC0105F2538A1783E12E3FA7272D558BBA
:1032B000E12F3FAB27A9E82656DA3CE076993EE0BD
:1032C000C498C6B0170077183D69561557943F6DDE
:1032D000E00E0E8EE00A0C8A3F9CE200CF84E00CE8
:1032E0003D1EE02B3CFD118F179E3F60E0633A2F9F
:1032F000C718E3FFCDFFE00E0D9C04370184E3FD0A
:10330000CE5404B3110057915391E200CF8017803F
:10331000E06F3922396F33A1E0083A33E00F318F83
:103320003A68E0A43F85E08E39D51500E0083A1EE2
:10333000E00015E43CEFE005DCCE550C3C7A0206DB
:103340000184558D3CFB0282138156112E05E6AF98
:10335000C972E7FB2937E7FB23B51782E7FB009229
:103360003A6E3AEFE7FF00A01100138200D6E12E7B
:103370003F5FE04D15C71780E0808E9B8D0C3D7D33
:103380000105539A8D073D7D0182AF0BC78156869B
:10339000E201C7FF3FFD01F1E7FB008C08B7E1FE4A
:1033A000C050E8204FC6E201CFFF0104C781E820EA
:1033B0006FC6E0701638E07816A03FEC3A6C7603E2
:1033C000E0028F5FE201CF7F0104C701E002AF5F3F
:1033D000E000C7E43FFD01F516807684E8854EB431
:1033E000570476863F7DE00204973DE0E08117D4E4
:1033F000C59211803BE37584778556863EF3E00ADB
:1034000001D13F60C71C3BEE110077041780E180BB
:10341000AF973FE2E400C786E08115D4E003C7A47C
:103420003F9B8F8F39E2E200CF81E201C1FF01B9FA
:103430005603E001177B8FACE04A13363F5FE20092
:10344000CF02E00C01B28F9CE200CF9D029BE00511
:10345000943CEFFFD29CC471E205CC3105883C63FB
:10346000EFFFD390E200CC01E00C011CE8654FDADD
:10347000E00C2F981284E00F3B128F8FE200CF8177
:1034800001821288560316803B12AE86E040AA974E
:10349000AE9CAEACE001AEDCE001AEECE009AECC3F
:1034A000C1015703E200C90AE000C7647703E7FFE0
:1034B00001AF5784110077863DE25606E201C5FF51
:1034C000E1808F9C7587E200CF847606E00C01FADC
:1034D0001781E8676FF8E08116D41789397FE043D8
:1034E0003B8F010B3F6FE400C706E003C7243F1D7D
:1034F0008F0EE200CF030107C7FFE3FFCFFF01EF0D
:10350000E0433B8239E7E400C1E4E80F537EE00585
:103510003A138FC656873FFDE00C01CD3EE2E40032
:10352000C6E4E071148E3C9D150E3C667682E00583
:10353000DC5F3F67E04A17A2E201C77F3F92AF46D8
:1035400077038F0F5682E200CF010198E07014E8F4
:10355000E07014763C9D150E3C1377017782E005F0
:10356000DC47E07016B855833E93E008ADAD160019
:103570005782AE0F5701E00AAF4D3F67E400C70620
:10358000E08417F83F9E1700B70FE8854FB4C78156
:10359000E8856FB49406EFFFD1FAE005B405941600
:1035A000EFFFD1ADE06217CC3F971701E005B415EE
:1035B000E006AF2FC30EE08216603B7CE7FF01AB55
:1035C000C101E200C90AE7FE01F9E8854A34E08159
:1035D00011D43DE4E400C58E16003D93157F14839D
:1035E00056843C6CE1808F9DE201C47FE200CF886D
:1035F0007684E00C01AD3FECE400C786E003C7A48D
:103600003F938F0FE200CF01E00C01A23EEB3F643D
:10361000E00C009A5704E0811354E400C70EE081E7
:1036200017D43B1E7706E00011648F46E0701468E3
:10363000E6ACC9CE3F63E400C70639333F1FE00361
:10364000C7248F0E150E3CE63C127705E005DBD053
:10365000E0018E0694067607EFFFD199E005174F3B
:103660003F283BE894167708EFFFD149E00F3A1264
:103670001700E203CC10AF3FAF4FAF5FAF6F8AF6DA
:10368000E001029915013CE33C65EFFED5F956884F
:10369000E201CEB3E0010298158154873D633C6599
:1036A000EFFFD29AE86F4FD4E200CF810106E86FB6
:1036B0004FD4E200CF82018BE00F3A128F3F8EDFB2
:1036C000AF5FAEBF8F6F8ECFAF4FAEEFE0063A1257
:1036D0008FE68F4637C13F9E5705AFC6E0032F6D7B
:1036E0005786E08112D43A9F9405EFFFD1503BE812
:1036F0009415EFFFD1045605E07017C03F92AE0657
:10370000E009AE46B60FE00C17BFE86F4ED4E005F7
:10371000B386E200CE81E005B416E1253C5FE0020D
:10372000AE46E001B616E001B606E001AE26E005C1
:10373000134FE1273BD60107E86F4ED4E200CE825B
:10374000E00001D7E86F4FD4E00C133FE200CF81D7
:10375000E00517CFE00001C3E0073FA73F6FE86F28
:103760004FD42F91E206CB9F058EE20ACBF6E00004
:1037700002C53FE5C7E1E205CF9102857701EFFF82
:10378000D5D257013FEEE1FEC7B83BFFE00D330154
:10379000E00105CF3AFDE00F3A1203B91601E2004D
:1037A000CA9EE001AE0F02B6E00F3A121602E00028
:1037B00000C2E1F6C450E203CC10E7FE02EA1500B5
:1037C000E7FE00E3E00117B2E0073FA7E201CBB359
:1037D000E7FE02EA1580E7FE00E2E86F4F54E200E0
:1037E000CF02E7FF01BDE0053B25E7FF00B93F65DC
:1037F0003AE73BEEE7FF00B4E20ACBF701443FE5CE
:10380000E1FFC79BE204CF85E7FF00B91602E001A4
:10381000AE0F3FE6C7E23AFF03C8E200CAE30587FE
:103820003FE6E1FFC79C3AFFE00005FCE00F3A12DB
:103830001606AE0FE00F3A128E0F2E2A3AFDE00167
:10384000038F1681E200CA9EE001AE9FE001028B69
:10385000E86F4FD4E001279CE86F4FD4E200CF819E
:103860000106E86F4FD4E200CF820192E200CA9EC7
:10387000E0010599C3623AF6E0010395E200CB9EB0
:10388000E00105913FEEC7E23BFFE001038CE00F52
:103890003A128E8F2E90E00D37013BFDE001038937
:1038A00016833BFEE001AE9FE00F3A12E001058473
:1038B0001702AF0FE0063A1256868A86E08114D4CA
:1038C000E071140E150E3C123C9DE005DA91E0000B
:1038D00022FD3C63EFFFD4E73C63EFFFD42FE00011
:1038E00024701784AFA6128139141780E009AFE263
:1038F0003FE05604E001C7B03F9CE053AAEF3FE32E
:10390000E400C7E43F948F1FE201CF7F0103C701AA
:10391000AF1F5784C781E201C7FF7784E7FA00E051
:10392000E00F3A121600E001AE0FE7FF0085E2005B
:10393000CBE3E7FF0281E86F4FD4E7FE2FFDE20003
:10394000CA8FE7FE05B33E66C6713AFCE7FE03AEDA
:10395000E00C3A12E001AF8CE7FE00EE1682E001C7
:10396000AE9F3FE6C7E23AFFE7FE03F4E200CB9EDC
:10397000E7FE05F03FEEC7E23BFFE7FE03EBE00F9B
:103980003A121680E001AE9FE7FF0083E200CA9E74
:103990000585C3623AF6E7FE04FCE200CBE4E7FEED
:1039A00005F8E00F3A121682AE8FE7FE00F2168499
:1039B000E7FE00F91700E001AF1FE7FE00FDE2009F
:1039C000CA8201ACAAA61281E00F3A12E0018B0F65
:1039D0003F66C77FE200CF01E7FF02888F2FE2003A
:1039E000CF08E7FF0103E0018FAF2785E200CF0991
:1039F000E7FE01FC1781E86F4CD4E0073A1254044B
:103A0000E001AFA7EFFEDFFCE86F4FD4E0002FC16D
:103A1000243D1788AFA7E7FE00E8E200CA83018CC7
:103A20003C63EFFFD3482406178217017705AAA647
:103A3000AFF6528500CAE200CA85018F1786AFA68D
:103A4000E86F4FD427C1E8204FC6E200CF94E7FFCC
:103A500002BC1788E7FE00C8E200CA8601EBE86FE7
:103A60004FD42786E8204FC6E200CF9405F33C638D
:103A7000EFFFD321E00F3A121707AF2F24051704E9
:103A8000AF7FE7FF00A2170200FC178900C4E86FB0
:103A90004FD4E200CF810107E86F4FD4E200CF821C
:103AA000E7FE01A4E00F3A1224051708AF2FE7FE46
:103AB000009C170900FC5785E200CF8201041280A8
:103AC000E7FE00988FA6E200CF8AE002018D56063D
:103AD000E08117543F1CE0029596E0029636E041E3
:103AE0003D2BE0413AAC948E939EE00197F6E002C4
:103AF00097063D75E00F3CAFE00E3BAEE00104528F
:103B0000E86F4ED4E0012EC6E200CF803EEF030204
:103B1000C6873683E0413C2D3AF8E06D3B2C3E6D84
:103B2000E0413EAD3D7D3EEBE06D3B2C3E6D3DAC5E
:103B3000E00D3A12E002B59D3914E0029522E00250
:103B400096C2E0413C2AE04138AD3C71E0010435C9
:103B5000E86F4DD4E0012DA9E200CF003DEE030255
:103B6000C59F3585E041392B38F2E06B3B2D3EEBAC
:103B7000E0413DAB3C7B3DEAE06B3B2D3EEB3DE362
:103B8000E400C5E43D2D3D94E002B52B3D63E40027
:103B9000C564E0023A1AE0058C2224203DE8C5FF06
:103BA000E201C5FFE200CD83E005ADA2E00101091D
:103BB000C47EE200CC01E0010583E0433C0CE0431D
:103BC0003D8DE200CE00E000047FE02C3E68E20084
:103BD000CE80E000047FE02D3EEBE00B3F9EE20054
:103BE000CDA802093DE9E1FEC5B7E202CDBE0283E0
:103BF000E86F4DD4E00B3A1AE001915BE001946B61
:103C0000E0098DDBE200CD81E000016A3F923F18C0
:103C100015803E9E3E1FE02C3E6BE005114FE02BD1
:103C20003EEBE00C16BFE02C3E52E02B3DDD3FE3C7
:103C3000E400C7E43EE93F94E0098FFFE0811754B8
:103C4000E200CF8057843D14E400C78EE06D392C2C
:103C50003F9EB68FB59FE002979AE001B6DAE04149
:103C60003FAF3AFFE001B5EAE001B4FAE002B38AFF
:103C7000E7FE0527E00297AAE0413FAF38FFE7FEE5
:103C800005201780AFAA1781E001AFAAE7FE0099CF
:103C9000E200CF803EEF0302C69F3685E7FE00BC00
:103CA0001600E7FE00CBE200CF003DEE0302C58721
:103CB0003583E7FE00D91680E7FE00EA15823C6BEB
:103CC000E7FF0081E0413C48E02C3E58E7FF0081DF
:103CD000E0413DCBE02D3EDBE7FF00813DE73E6963
:103CE000E7FF00A7C7FE3F6FE201C77FE200CF07F3
:103CF00037A8028737C7E000170A3F9E978F3F8299
:103D00001280E00D3A12E0018F8D3F6FC77FE20015
:103D1000CF01E00002E58F2DE200CF08E000016056
:103D2000E0018EAD2685E200CF09E00001D9E00672
:103D30003A121681E001AEA68E96E200CE94E00122
:103D4000028FE86F4CD454047782EFFEDE59E86F9F
:103D50004F543BE85782E0002F5D24381788AFA608
:103D6000128100BD3C63EFFFD1E93AE82406E00F81
:103D70003A121704AF2F00A73DE854043D653CE319
:103D8000EFFFD0A82420E00F3A12AAAF5285E7FF38
:103D900000BA150054043CE3EFFFD2253AE8E7FFF0
:103DA00000B23C63EFFFD1CA3AE82405E00F3A12B3
:103DB000170800E1158100E2150100ED3C63EFFFFB
:103DC000D1BD2C751281E7FF009E3D68540415811A
:103DD0003CE3EFFFD07F241A5285ABA639148FA2A3
:103DE000E00027D03C63EFFFD25EE0018D8213003C
:103DF0005404E12B3D8615013CE3EFFFD06BE7FA5D
:103E000024795285AB22E7FA00F51789E7FF00A96C
:103E1000E86F4F54E200CF010106E86F4F54E20013
:103E2000CF0201DDE200CF810108238EE00F3A12BC
:103E30001708AF2FE7FF00962387E00E3A12168887
:103E4000AEAEE7FF008F5404158115003CE3EFFF91
:103E5000D0412C45E00F3A12170900ECE200CF09DF
:103E6000E7FF01BE8F86E200CF86018617801283AE
:103E7000AFA6E7FF00B5E200CF85E7FF01B100F78D
:103E80005786E08113543B1F9406EFFEDD80E0056A
:103E9000B4029416EFFEDD33E005B412E7FA00AA8F
:103EA0005604894FE1808F1CE6ACC942E200CF0185
:103EB000760401ABE8854F3427193E62C77FE400E2
:103EC000C606E8856F34E081175416FF3F1CE003F7
:103ED000C7241603AECFAE0EE060167EE8664F67CD
:103EE0003E1EC701E8666F67AE8CE400C164970FA1
:103EF0003914E001B732C181971FE201C1FFC78EBB
:103F0000E001B742E7F400FBE200CF02E00101BDAF
:103F1000E04A17363DE23F121500E400C5E4968FF3
:103F2000AD0EE00C3A1B971FE86F4CD4E001B6FCD5
:103F3000E009AD6CE002B70C2C93E0098C5CE20068
:103F4000CC01018EE001954CE00A3F2AE0413D2A78
:103F5000E200CD0F0505E009ACDCE009AC6C3D9456
:103F6000E0098E5BE200CE01E0000170E00592BB4B
:103F7000E005934BE00B3EA53EE2E400C6E4150CE1
:103F8000E02A3DBAE00C3A1D3F26E002B59CE00273
:103F9000B72CE002B53C2D08E200CD80E000055AC8
:103FA0001581E002B5BCE00B3A1DE002963BE20051
:103FB000CE00E0000554E200CE0902041603E00240
:103FC000B63B160CE02C3F3CE00B3A1DE002B64B32
:103FD0002E08E200CF00E000054B1701E002B74BCE
:103FE0003E94E002974DE200CF00E0000546E2007B
:103FF000CF0902041703E002B74D3F62E400C76433
:10400000E071148E3C9E3C6F150E7701E005D6F0F2
:104010003EE2E400C686E08415F8E0080A963E9B7E
:10402000B38D168A57013FE83F14AEAE1684E00503
:10403000AEAE1685E001B2DEE001B36EE04A172CA9
:104040003F12AE8EE7FE00D33B6E3AEDE7FF0094E1
:10405000E7FF25AB15FFE7FF00A6E7FF2634E3FFE8
:10406000CE77E7FF0430167DE7FF00ABE7FF273A86
:10407000177FE7FF00B52742E3FFCF77E7FF043F55
:10408000177DE7FF00BAE200CF03E7FE01B03F6211
:10409000E400C706E08416783F1CB38EE7FE00A755
:1040A0001288E7F300EAE200CF03018BE8654FDAFC
:1040B0001284E200CF801788E06539AFE7F300DDB6
:1040C0001284E02E3F852F051688E02E3F8D270AAB
:1040D00056838F9DE200CF85E7F302D51284E7F384
:1040E00000D3E200CF8901A8E8654FDA5703E20068
:1040F000CF808F9EE06539ADE200CF9D058CE20058
:10410000CA84E7F301C1E04A17A23F921701AF0F3B
:10411000E7F300BA5783E005943FEFFEDC38C47143
:10412000E205CC3105ED3C63EFFEDD2CE200CC0175
:1041300001E7E7F300A8E200CF8A01B65603E003E7
:10414000940C7701EFFEDC2356833AE8E003941DDC
:10415000EFFEDBD53FE5C7CEE204CFEC39E85701EF
:1041600002863FE8C7CEE20BCFDC059E5703E00591
:10417000943EEFFEDC0CE0083AA8E0413C28E20067
:10418000CC32021557831285E005944FEFFEDBB762
:10419000E00839A8E0413C28E200CC331780E06514
:1041A0003C2FE7F200F13AEEE7F200EE1285E7F27B
:1041B00000EB3FF7E7F4018017FFAFC6E7F300FC21
:1041C000E200CF85E7F301FE3AE2E400C2E439E21F
:1041D000E07017E8E400C1863A9FE08117D4399F68
:1041E0003F63E06216CCE80F57FEE08213E0E00385
:1041F000C725E003C1A43E928E4F55873E7B0196B2
:104200003C6F150E3CE5E8854B347701C30176829F
:10421000E005D5EE57011602AE0E3FE8AE031601DB
:104220005682E8856B34E006AE2DC78E3FF701E578
:10423000E7F300C888CD38F80182AD4DC701E2012F
:10424000C77FC68EE200CF0905F6AC8FC601E2003B
:10425000CE0AE7F301C73960C126E08212E03FE2EF
:10426000130E54853C6F3D66E005D5C257053FE807
:10427000C70E3AFE7705C78E01F5E001150CE00187
:1042800014FFE0811454E005D5813FE2E001C78CC2
:1042900013803B6716FD128E77838FC2E201CFFF3A
:1042A0000119E400C7863F93E003C7A48F8FE00C99
:1042B0003FDD2E173C66E400C40E3D653CE23C1336
:1042C0007682E005D5953F66C7013B6EE201C37F6C
:1042D00056825583C10E3DF201E1E001C0300BE191
:1042E000E200CF8101F7E0083A17E400C40EC38171
:1042F0003D653CE23C13E201C3FF7682E005D578E0
:1043000000E808B3E1F8C0743F68E400C70AE0DCE5
:1043100017A83F9E89CFE200CC02E401C1CD3CE06A
:10432000E001C1B2E07817A23C63E001151BE00296
:10433000C4A2E07C1162E06239AFE004D9C63CE07F
:104340003C63E001151BE004C4D839E0E004DA0C5A
:10435000C182E002152014803C63E005D5173CE0E3
:10436000E002C4A23C63EFFFD3AEE86E5703E86DF2
:10437000567FC77E3E123FE23FFC019939E0C18281
:104380003CE0E004C4D83C63EFFFD39DE86E568068
:10439000E86E57043FE2E002C6A0C77EE002C7A075
:1043A000391D3FF2018EE007C00C09E1E080969EC6
:1043B000E202CE9F02843E938E8DAE8FC78100DDD8
:1043C000E080969EE202CE9F02843E938E8DAE8F59
:1043D000C78100E808B7C06C1180E88E4F5039FEE5
:1043E0000483C0140BE13B63E400C30EE08112546C
:1043F0003966E001C10CE06E12BA39143A96150E16
:104400003CE23C657702E005D4F3E00F3A16E01297
:104410008F8F5702E6ACCBCF3BFE03A43F67E4008F
:10442000C706E06C16223F14E003C7243A67E40095
:10443000C20E8E8EE06D172EE0063A1E3A1C2E97A5
:10444000150E3CE23C66E005D4D3150E3CE23C641C
:10445000E005D4CEE06C1718E00F3F178F0FC701AF
:10446000AF0FC181E201C1FFE7FF00B9E200CE81D9
:104470000193150EE00114FF3C66E005D487150E8C
:10448000E00114FF3C64E005D481E06C1718E00FF4
:104490003F17170000E6E200CE8201E4E06C1698B8
:1044A0003E978E0D2E0E1781150E3CE53C66AF8DA6
:1044B000E005D49E150E3CE53C64E005D49900D29D
:1044C000E200CE030283C601AE0D3E633D67E40009
:1044D000C60EE400C50EE08116D4E06D15AE3E9C1C
:1044E0003D9AE008966D950B911B3E7AE00896FD8B
:1044F0000183397D011FE00B3EA2E3FFCDFC0424C4
:10450000E200CD840221E00B3E2AE3FFCDFC041C37
:10451000E200CD8402193FE3E400C78EE08115D4A8
:104520003D1C391D3F9B35413141E008B56FE00826
:10453000B17F150E3CE63C64E005D45A150E3CE50F
:104540003C66E7FF00BC1580E005176E7583E0024E
:1045500017F77585E400C38E7506E08A3D5E760424
:10456000E08A3E1FE06C16223E17940CE000167D98
:10457000E0883C5C3C7A0286E00001EE3CFBE00017
:1045800005EB3FE03F60C786C70A3E6F3FEEE00C99
:104590000D8CE00F0F0FE0031574E0093E1FE028BB
:1045A0003DFE3E683E3AE08E3CDA3F1C3E63E4004E
:1045B000C60EE08115D43E1B1500E00715E83C6EE1
:1045C0003CEF76017682E005D3BF56015682158016
:1045D000E008B4ECE005166E7587E0021777758980
:1045E000E08A395C7688E08A3E9EE06C16A2E00F95
:1045F0003E97961FE000147DE08C3E58710A3E7A8B
:10460000028401AF3EFB05AD3FE03F60C78EC7129D
:104610003EEF3FEEE00D0E0DE00F0F0FE00B3E9F63
:10462000E02A3E7E3FEAE00316743FBCE08C3DDCAE
:104630003E1F3FE3E400C78EE08111541500E00700
:1046400015E83C6C3CED391FE005D37EE008B4F280
:10465000E7FE00F1E00F3DA9E12E3D78E7FF00A85D
:10466000E00D3DADE12C3D7C00E508B7C0641600CF
:104670007604E88E4ED0570476853F7D0483C01CB7
:104680000BE15704E08117D4E400C70E3F1FE0128E
:10469000890EE201C97FE000015AE008936EE0084C
:1046A00092FE3F62E400C7063F9EE003C7A48B8FE3
:1046B0002B983F62E001C70CE06917C437213F1F08
:1046C000B38E3F62E000C74B37223F1FB30EE00EB0
:1046D00031223F9EE012B2FFE06917BA3F92AB8FE2
:1046E0003A62E001C20CE069174432213A1E978415
:1046F000E200CF810132048FE200CF821680E069B0
:10470000173AE02017D0E00301663F12B684AE8E60
:10471000E00300D939E2E400C19C151C399EE00198
:1047200014FF3C63E005D3322B91E06917BA391FBF
:104730001781AF82150E5784E08214E03FBA3C63C4
:104740003C9FE005D3551781B7845784C781E201A8
:10475000C7FF7784E7FF008FE200CB82E06917BADA
:10476000E00101AA3F928C0F5204E200CC01E40068
:10477000C20EE08216E039E2E400C19C3A1D0296C6
:104780003EE8E400C40EC6813C13150E3CE43C1E1A
:10479000AE8FE005D32DE06917BA391F8F82E20092
:1047A000CF8902D4C781AF8200D1E0083F13C18E08
:1047B000399E97F8150E3CE3E00193887781E00578
:1047C000D317150E3CE43C63E005D3125781E02E6D
:1047D0003B0F2704E02E3A872F5FE0201650E00DB4
:1047E0003E128F0DE201CF7F0193E06917301580F3
:1047F0003F123B7FAD8DAD8E04831781AF8D3AF7AD
:1048000004CBE00F3E128F0FCF02AF0F00C5E6AF13
:10481000CE7E3B7F2623038BE06917B03F928E0F3D
:104820002E361601E201C77EAE0FAF0DE020175005
:104830003F128F8E3AF73EEFE200C682269BE7FFDB
:1048400003ACE06916B03E928E0D2E211601E201F6
:10485000C7FDAE0DAF8EE7FF00A005E9E06917B018
:104860003F928E0F2E141601E201C77ECF01AE0FCC
:1048700000DDE7FF0592E06916B03E928E0D2E072F
:104880001601E201C7FDCF82AE0D00E53FE2E00177
:10489000C78CE00E37A1E06917C43F9E1700B70F21
:1048A000E06917BA3F92AF0FE02017D03F92177F11
:1048B000E7FF00ADE200CB81E00201893F928E8FDD
:1048C000E200CE83E00105FA3FE2E400C79C3F9E90
:1048D000918F937FE001928F979FE0033B23E00F3E
:1048E0003AAFE0413EA3E0413E2F3E9CE200CE9332
:1048F000E001054F3EE2E000C6CB36A23E9E968D1B
:10490000E000144FE00D3B2DE0413EADE02D3E9820
:104910002E90E00831223F18E012977EE00014CF7D
:10492000E00E3AAEE0413F2EE02E3F19E001273184
:1049300031A137A1E00C3B13E00D3A9FE200CE001D
:1049400076863BE3E004318FE00E378FE000036EA4
:1049500014003CE0C48E740773089499E0413DC98B
:10496000E12A3C78E0083F3BE08C3DDFE0A83F8A4D
:104970003DE33C1C3D643CED77817702E005D1AB23
:104980005781570274835686E200CE80E0000361AF
:1049900014003CE0C496740B728C9499E0413DC9BC
:1049A000E12A3C78E0083A3BE08C3DD3E0A8398A24
:1049B0003DEF3C1C3D6E3CEDE005D18D3BE95603DF
:1049C000E005174FE00C16BF3B173A9C1780E02616
:1049D0003B5EE0253ADDE0263B6FE0811754E025A1
:1049E0003AEF56053E7FE00001C63F62E400C7068D
:1049F000E08417F83F9EE0041702B70FE001C10CF6
:104A0000E8854FB4C781E8856FB41781E8856FBD2D
:104A10001780E8856FB9E00F3121E0691144391F33
:104A20001782B782E7FD0093E205CE4F050E148092
:104A30003EE0C6927489E00515D0730A969D3DAD9F
:104A4000E12A3CF9E7FF00907783E7FF009E5606D6
:104A5000E20CCE3FE7FF053516803CE0C49A768D28
:104A6000E00C15C0728E94993DA9E12A3EFDE7FF46
:104A7000009BE0128E8E3EF20185E008B36EE008E6
:104A8000B2FEC781E201C7FFC70EE7FF00AC3FE2FD
:104A9000E001C78CE00E37A1E06917C43F9E170004
:104AA000B70FE02017D03F9216FFAE8FE06917BA1C
:104AB000391FAF02E7FC00CB1700B704AF0FE020AF
:104AC00017D0391F17FFE7FC00F017003F92B7041B
:104AD00000F63E62E400C606B684E08416F83E9C0A
:104AE000E0021601B60DE8854EB42E841681E885E5
:104AF0006EB93F9216FFAE8F391E1780E7FC00D5C6
:104B000008B7C07417806F8C6F8DE8854FBD2F8BF1
:104B1000E8854FB92F88E8854ABA2A85E8694FAFFA
:104B2000E00327CAE8694F2EE06717FAE200CF00DA
:104B3000E0681354E066392F153EE00114FF3C662F
:104B40007705E005D1233C66151C1480C43E128015
:104B5000E005D11C3BE53EE53F65E08115D4E88EDC
:104B60004FD03FF7E00002D81780E007AFE6E885B6
:104B70004FB6AF16E68CCFCFE120C78037C8E885A7
:104B80004F46AF862707E86F4F7DE002277BCF8235
:104B9000AF862A84E8694FAF278BE81057AE916F34
:104BA000E6AFC972E00221721781E8666FE9E88515
:104BB0004FB9278EE8664967290BE001150CE00123
:104BC00014FFE06D142EE005D0E1E86669681780F7
:104BD000E8856FBDE8856FB9E8856FBAE8696FAFA2
:104BE000E001150CE8664FE6E200CF81E0020179B2
:104BF000E08214E0E066146CE005D0FAE0022AF5E9
:104C0000E001150CE00114FFE066146CC00C0BA170
:104C1000E0A100BC3E67E400C60EE00F3D9CE01240
:104C20008D0FE200CD09E001029F3CEAE400C4865A
:104C3000E008916FE00891FFE8674C78E08417F88E
:104C40003F998A0F2C07E8664FE6E0002FDDE86603
:104C50006FE5E200CA03E0010107E200CA0101902A
:104C6000E06614EC178038E98C49E6ACCC483C7A15
:104C7000E00101FCE400C78E389FE00109033FE03A
:104C8000C7823CE03C60E00F0D9E3D67C48CC40DC4
:104C9000EFFDDA883D60E8664FEAC502E00A0D8E56
:104CA000278517A86F8D178A6F8C3E1BE0128F8C9B
:104CB000E684C9C3E201CFFFE00C37ACE684C94209
:104CC000399CE001015BE200CA010104C701E20175
:104CD000C77FC281322EE201C2FF39143FEDE400EA
:104CE000C786E00C31483F96AE2FE00C31C8AE4F7E
:104CF000C6814E0DE201C6FFAE6F4E0CA93FA9DF83
:104D0000AE7F00B1E8854FB4E8664CE5E200CF81A4
:104D1000E00124800591E8664FE43FFAE7FF019B3C
:104D2000E200CA020186E8335131E83351B03A68F3
:104D30001780E7FF008E2F9CE8664CE43CFAE7FF03
:104D4000018AE200CA010188E8335131E83351B0E9
:104D5000E8666A6A3A6F1780E200CA03E8666FE5A0
:104D6000E7FF018FC381E201C3FFE7FD00FAE866B8
:104D70004A5EE83357B1E83350B0E200CA01E009B7
:104D8000392FE00A39A101A4E200CD000515E00A9F
:104D900038AAE200CD000418E200CD32020DE0098D
:104DA0003FA9E200CC8038EA0411E205CCD0E0054E
:104DB00017CFE06F3CA91500E8666D65396F39E1E2
:104DC0003A68E7FE00DE150000EB178000F5E20010
:104DD000CA02019CE200CD00036FE00A38AAE20C8F
:104DE000CD0CE00C113FE1223D5205E6E0093FA960
:104DF000E200CC800409E205CCD0E00517CFE06FDB
:104E00003CA938E200D9178000FD3FE238E300D426
:104E1000E7FE01A1E7FE2A1F3CE2C4EBE205CCA6B7
:104E200002D03CE3C4EBE201CCB2028DE8666D64D3
:104E3000E8337131E83371B0E8666FE5E8666FDE3C
:104E4000E7FF00923FE3E1F5C788E201CFB2E7FF59
:104E500002B91781E8666FE51782E8666D64E8338A
:104E60007131E83371B000EBC781E200CF8AC48EA4
:104E7000E7FD01FCE7FE0085E180C100E7FE00B030
:104E8000177D3FDEE7FD008657053C66E02F3F02B9
:104E9000E8696FAEEFFDDAE3E81057A7E002972F5D
:104EA000E707CF12E002B72FEFFDDACFE8666968B7
:104EB000E7FC00FFE81057A71681E002972FE001FA
:104EC000150CE707CF1DE00114FFE06D142EE00282
:104ED000B72FE004DF5BE8666AE8E7FD0083E06E79
:104EE00014BAE7FD0089C00C0BE108B7C074E8668E
:104EF0004F661780E200CF016F8C6F8DE00001FFDD
:104F0000E0701138E07812A0137F3A6FE0088F222A
:104F1000E201CF7F0127E00A8FC2E200CF8101A228
:104F2000E06E17BA11803BEF8ECF3EFEE00001E944
:104F3000E0039472EFFED52BE003B472E004940218
:104F4000EFFED4DDE004B4023C63E400C40E3CE2B6
:104F5000150EC4BE3C17E004DF4BE008AB22E00AAC
:104F6000AA42E000C1643AF201D2E8664FEA2F8D0E
:104F7000E88E4DD0E06E163A3EEFE084157814FDD1
:104F80003EFBE00001C627BAE8694AAEE06717FABF
:104F9000E200CA80E0681254E064392F153EE00157
:104FA00014FF3C64E004DEF23C64151C1480C43E33
:104FB0001180E004DEEB3F633BE33B63E06E16BA37
:104FC000E88E4FD03FF602B9E7FF1790AF84AB945D
:104FD000219511003C64E0253A82E8696AAEEFFD54
:104FE000DA3EE81057A7E002972FE707CF12E0025A
:104FF000B72FEFFDDA2AE8666968C00C0BE1C181C2
:10500000E200C98AC78EE7FF0191E7FF00AC8F4C31
:10501000E200CF09028CE400C7063F1A8F0E3F5909
:10502000E200CF010104C781E201C7FFC681E201AE
:10503000C6FFC60EE7FF00A63E66E400C60EE00F00
:105040003E9C8FCFE200CF89E00002D63D6FE400A6
:10505000C506E08415F83D9A890BE8664DE43DFFEE
:10506000E00001CFE8664FEAE00027CB1500E83307
:1050700057B1E83355B0E8666D6A11013CE03C6019
:105080003D66C48CC40D768176027583778477057E
:10509000EFFDD8885681560255833E1D8D4C5784AE
:1050A000E684CDCBE00C352C5705E684CFCF3E1BF4
:1050B000E201CD7F21360136E200C9010104C3813E
:1050C000E201C3FFC181E201C1FF312E391F3FEE72
:1050D000E400C786E00B31483F94ADAFE00B3648A3
:1050E000AE5FC7014E0DE201C77FAE6F4E0CA93F08
:1050F000ADCFAE7FC301E201C37FE7FE00E33FE235
:10510000E201C7FDE200CF810176E8664FE52FF3AB
:10511000E00B3E9C978B959BE7FF00B2110200D0FD
:1051200001FEE780110000D308B7E1FEC026E80FBA
:1051300057FF3C603A60C41EC2323F60E08210E01C
:10514000C7283E643DE83D6F14FF1680ACCFC78E84
:105150003FF1E180AC9BE180AE9CE180AE9E01F727
:10516000E8854E34E8654FD8E0022E522796E06578
:105170001644E06516B0E0821590E08117D4E0FF98
:10518000177FE01AB73FC786E01AB71F3FFBE180E1
:10519000B71CE180B71D01F6E8204FC9E06212CCD0
:1051A000E00527C2E8624FCAE00527BE3F64E08100
:1051B00011D43965C70A3B653BE43EE3160115800F
:1051C000E1808F97E0052781E007ADC23F77C101FD
:1051D000C30EC18601F63B60E8854FB4C33C150A97
:1051E00014803C66E8656FD8E004DDD03FE0E00065
:1051F000C7C6150A14803C6FE004DDC83FE83C6078
:10520000E001150CE00114FFE000C4507781E004D8
:10521000DDBDE8325757E08411F8C7627708E062D5
:10522000114CE83257561380C76277093DE7E18099
:105230008F14E201C5FFE200CF0175878F93E0056F
:1052400001D71700E200CF81E005AF020183178389
:10525000AF938F93E200CF83E00501BDE0028FC2E0
:105260008F023F7FE00505B3E8624F4BE200CF01BC
:10527000E00501ADE8854DB4E80F56FF17003E6E1E
:10528000E201C67F3E7B039F8D4D50873E6E3D7190
:10529000C701C68E01F5E400C60EE08117543E1E1C
:1052A0005589971C3DFEE0050492E200CF1DE00504
:1052B000058E970C56083E7EE0050489E200CF1D5E
:1052C000E0050585C781E002AFC23FE0C7BC17011A
:1052D0003F97AF0F1783AF833FE7E400C78EE064CB
:1052E00017201300E00B3F9EE8854D343B7AE00425
:1052F00004A38F83C381E200CB8AAF93C101C1862F
:10530000E7FF01961100E08113D43A6239E7E8859E
:105310004FB43FF4E005029C3B60E000C34612003E
:10532000E06213CCE1808F963F64E201C77F27AC37
:105330003FE51480E0098ECF3EFEE00501A9E400C0
:10534000C48E3FE4E00E3B99E400C786E00496CEAD
:10535000E004975E3F933C62E01AB6BFE400C40EDF
:10536000E01AB74F3EE03FE2E0631714E000C6D01A
:10537000C781E201C7FF150E3C9E3C1D7781E0040A
:10538000DD375781396FC201E200CA0A01CC3FE222
:1053900017003EEEE400C6863E6EE003C6A43E93D0
:1053A0008E8DE201C67FE200CE81018C3E9F38E007
:1053B000E400C78EE000C0D03F91AE4F3FEDE20168
:1053C000C7FFC701E200CF0A01E53AE0E000C2D022
:1053D0001200E06213CC130E3C64E000C4483CE5CC
:1053E0003D663C17E004DD043CE5E00839943D6689
:1053F000E004DCFEC20EE201CA0CC28E01EEE885BA
:105400006934E8656958E001C05A0BE12F9EE084D9
:1054100016781581E8854F343F7FE7FD05BF3F6F64
:10542000E400C70E3EEF3F1AE400C686948E3E9C11
:10543000B49D949EB4AD3EE0C6B23E9FAFCEC78150
:10544000E201C7FFAD8D00E7E0CF1776E0D0159EF3
:10545000E0FF16FFB68EC704E040B69EE002B6AE8F
:10546000E002B6BE3F7B01F73E7FE00003FA118108
:10547000E1233F931080E08E12F0E06513B03F61AE
:10548000E201C77F3FFEE00002EFE0811754E065D4
:105490001644E06516B0E0821590396EE01A953E2C
:1054A000C706E180B51CE01A951E3F7BE180B51D63
:1054B00001F63DE8C58A1501E1808F18E201CF7F32
:1054C00001913E60C6281700E1808E9C3CEEE2010F
:1054D000C4FFE0012EBD38E0C0A83F11E040AC9809
:1054E000AD0E3C7B01EAE0D0169EE8854D34E081AC
:1054F000165417003DED3D7EC60EC684E00101AF97
:10550000E0CF17763741770CE00E35C1770D3C6060
:10551000E0D017463741C416770E6F966D17E0043A
:10552000D2ED17001601E08415F8E8854FB43FFE70
:10553000E00102A23E64C60AE08117D43F64E0FFA6
:1055400016FFE1808D9EE200CD810105E01AB6BF15
:10555000E01AB6CF3F7CC78601F5E7FC009F1180BB
:10556000E7FF008AE08416F81700951D3CEEE20183
:10557000C4FFE2FFCD7F7487E00001633E60C62870
:105580003E1E8E0CE0002E5DE200C981912DE000F0
:1055900001CDE00D3721E06516443E1D958CE2FFFC
:1055A000CDFFE00001433E97948DE00B3D2BE00CD6
:1055B0003D1BE0093929E006364FE00D39192B046F
:1055C000E00636CF231BE00C35813E1AE00D348116
:1055D000E006364F3E922B04E00636CF230FE00C58
:1055E00035823E1AE00D3482E00B364F3E922D8418
:1055F000E00B36CF25833EE23E6AE00B30A23D95BC
:105600003D6BE041C506E041C588B60AB68B3EE079
:10561000C69E3E6055873E91C6283F1CAD8D1681C3
:10562000AE8EC081E7FE00ADE00D30A23E953E6D2E
:10563000E041C606E041C688B50CB10D00E9C701DE
:10564000E200CF0AC686E7FF019200ECC701E20044
:10565000CF0AE7FE01BBE7FE00C6E04094FCC701AD
:10566000E040B4ADE201C77FE04094ECE040B49D7F
:10567000E7FE00C3E0D016C61780E180951D3F7A93
:10568000018D3CE0C49E3F998F8FE201CFFF018BDB
:10569000C701E201C77FE7FE00CAC781E200CF8AE7
:1056A00001ED00F73EEEE400C68E3D603E92C5324D
:1056B000AFCD3D1FE400C786AE0A3F9B950DB51FD9
:1056C000969DB6AF00E6E0078FC2E7FB2781E8852D
:1056D0004C3477813D68C501E400C40E3FE0E885A5
:1056E0006D34C7843CE6E00F0D9E150E3C1DE001B5
:1056F000C4D4E004DB7DE00D95265603E01AB533F3
:10570000E00D9536E040AE17E01AB5438D02E00299
:10571000AD425781C7FFE007AFC255825684570597
:10572000E7FA00D6150A1480E0631408E004DB2EC3
:10573000E7FA00D33F66E400C70EE08117D43F9E2E
:105740008F4F56873F7D01998F7FE0018F8FE80F44
:10575000567F168014037786770A3D7D0193178262
:10576000150EE007AFC23FEA3FB6E08114D43C6BB0
:105770003C9FE004DB3D3DE8C301E201C37FE7FB62
:1057800000B53B7D011E578A8F7C50863F2FE0017C
:105790008F8CE0413F2E3FA11484E201C77FE0419E
:1057A0003FAFE1213CAEE201C7FF2084E1213CAFE5
:1057B00028E41085E12E38AE2704E12F3C2F2FDDA1
:1057C000C681E201C6FFC60E00C91780AF83E7FBA2
:1057D00000922F83178200FBE200CF82E7FB018B50
:1057E000AF831780E003AFE2E7FB0085E201C7FD6E
:1057F0002FA6E0038FE2E0018F223F7F0593E006B2
:105800008F222F10C7813F60E000C746E003AFE260
:1058100017823F17AF831781AF8EE005AF82E7FA9B
:1058200000EA1781AF831780E002AFC2E003AFE266
:10583000E005AF82E006AFA2E7FA00DD1783AF8391
:105840001780E002AFC2E003AFE200E83CE4E4000E
:10585000C48E3DE03C978FC9E001C5DA3F9BE05321
:105860008FEF2F903C623B62E400C40E3E60E0008C
:10587000C650C301E201C37F150E3C1CE004DAB838
:105880003966C201E201C27FE7FA00C3C481E200C7
:10589000CC8AC78EE7FA01D0E7FA00F708B21710F2
:1058A000E820495FE88E6F51E00117341781E8471F
:1058B0007729E0011716E84A6FC2E847772AE820FF
:1058C0006FDFE004D95FE820695FE8894970E20092
:1058D000C90402A81401EFFED546E0002168E8667D
:1058E0004FE6E00027E4E200C907059FE84457FBC4
:1058F000E203CFF3021DE00115963D6BE00114B405
:105900001410EFFED12CE84A4FC2E0002FD5E0037F
:105910001590E0021518E00214AC14200921E7C22A
:10592000009EE000146400DCE200C904058EE84437
:1059300057FBE204CFD7020AE0011596E0011534C7
:10594000E00114C8142000DE0190E84457FBE20691
:10595000CF9F020EE200CC01058BE0011596E0011D
:105960001548E00114E600EFE200C9030190E844A5
:1059700057FBE207CF83020EE200CC01058BE0016A
:105980001596E0011566E002148400DDE200C9020C
:10599000018DE84457FBE208CFCB0208E0011596E1
:1059A000E0021504E00214A200CE1780E84A6FC29C
:1059B000E7FF00AB1781E84A6FC0096108B1C07802
:1059C000E0CF17F637C17782E0D0179E37C17783D3
:1059D000E0D017C6E867747B37C13C60C4027784A7
:1059E000E0021781E86774FC1480E868750FE868C6
:1059F00075907781E004D058E8685423C00808E126
:105A000008B7E1FDC06AE8854E347603E001267EE2
:105A1000E82E57C4C781E200CFE4E00102F3E82E8C
:105A200077C4E86F4FEDE200CF81E00101FB1783FF
:105A3000E85D6F86E82E57C1E82E56C23F6FE82E0C
:105A400057C2E201C77F3FAEE201C7FFE8854F3B87
:105A50007786E82E57C27705E82E77C1E0012F4FF1
:105A60003C6015283CEEE000C464E004D98F578305
:105A70002784E8854FB52FA1E05C17F8E05C14EEB1
:105A8000E05C155AE05C1646E05B173AE05B16B046
:105A9000E05D10821400158011FF1101E180AC1F40
:105AA00038FFA9CEC70EE180AC19E180B59AE1803C
:105AB000B59CE180A91D01F356065686178057054F
:105AC000E400C614E400C6A8E85B6FAE17BC770715
:105AD000768C778D7612E0811254568356073E7D80
:105AE000E00104A73AE0E001C28C3964E08213606F
:105AF0003FE539E4138E3CE33C6F3D67E004D97821
:105B0000C18E3B733FE8C78E01F7E8325557E83244
:105B100054D6E05C136EE04E1428E05B10BA168099
:105B2000578357053F7FE00801BEE05B11BAE04EA6
:105B300013A8E05C17C63963130E3CE23D663C6770
:105B40007781E004D9553CE53C623D66E004D950DC
:105B50005781C10E3FF2C38EC28E01F01700E85D7F
:105B60004E07E05C155AE05C10F8E05C12EE3CEE8B
:105B7000E05C1346E05B13B08FC3E200CF8902B252
:105B80003EEFE400C6863E94E003C6A48D8D16FD6C
:105B90003EDBE200CE8101A6E200CD81E00D37A11F
:105BA0000190E200CF81028DE0083D1D9408E200E3
:105BB000CC06E06B3AAE3F6B1594E06B3AAC3E6BB3
:105BC000E00B389F1400AC0BE00B3A9FAC0BE00BE2
:105BD0003D1D3E963F97B48B15FFB48D1681ADC326
:105BE000AE8FC18E39F201C92703E85D6E071780B9
:105BF0005703E84E6FA7E8856F34E002C0160BE14B
:105C0000E00017E4E7FE008D5683E85D4F87E82E3D
:105C100076C4E7FE2788C7FFE85D6F87E7FE00834D
:105C2000E85D4F86E7FE2788C7FFE7FE00835687BB
:105C3000E400C68EE00C3A1D894CE6ACC942E20095
:105C4000C909E00602A23FE2E400C786E00B312169
:105C50003A1F3FE4E003C7A48F0FE05C17DAE200CD
:105C6000CF01E00701043F9B950FC501B50F2F0E33
:105C7000E00A3122E05B17863F9A950C961CB50F1F
:105C8000B61FE05C17C63D9FB70BE05B17BA1380E9
:105C90008F4F3F72E00601E339E2E400C1F8E051C2
:105CA00017D6E400C38E399FE0811254E05B17BA27
:105CB0003A1D3F97E00F0D0BE0040C09DE80E00E6B
:105CC0003122E05B17863F9E3AE8E00F0D0BE004BF
:105CD0000C09DE75E00E3121E05C17C63F9E970F80
:105CE000740E3F15E21FCF2002BB9684B70FE05C15
:105CF00017C67689E00D31213F9D978FE05C175ADA
:105D0000778FE05B17BA3F1D3B9F9787930E57092C
:105D10008E6492143F2F979776043E643E2FE05C8A
:105D200017F83F92720A8A0F77107611221C3BE413
:105D3000E400C3983C603B933CE71518C4E8E000DE
:105D4000C44CE004D855E200CA01572B02953C60D0
:105D500015181480C4347702E004D8180095E01FA9
:105D6000172000C43C6015183CE4E000C44CE0047B
:105D7000D80D3F6400ED3CE73C601518C4D0C43436
:105D80007702E004D8353EE3160057025785C68AED
:105D900076083A7FC698E00001F922055608E12C02
:105DA0003E347608E05B16B03E928F8DE0012F8B7B
:105DB000E0004ECC562B36A23E7D058A4EB4561FCF
:105DC00036A23E7D058556B01794E12F3E9F77029F
:105DD000E00113C8778BEFFDDC7E568DE400C41E16
:105DE000570257923C1D3F9EE1283C573FF5740DEA
:105DF000E00004D63FEEE400C7833FF5E00003DC9B
:105E00003AF8E00005D9578BE0002FD95608E20098
:105E1000CE0AE00005D65230E200CA0AE00005D101
:105E200057A4E200CF8AE00005CC552956AA57AD09
:105E300055AE3F9A3D9D15005409548AE02B3DEA2A
:105E4000E02A3FEA7702DDBB57B15702E21FCF9F3E
:105E500005AA178A3FB416803FF81201E0643A2D74
:105E60003FF817A8E06F3D273BEFE85B4FAEE2003D
:105E7000CF810189E05C17EE3F921680E00013EEBF
:105E80001200AE8F16BC00A75088E041964DC78126
:105E9000389CE201C7FF7088E7FE00FDE00013E4D4
:105EA000E7FF00B65684E200CE8A0583178600D34A
:105EB000178300D11394120000D9138A00FD120138
:105EC00000D5C7FFAF8DE00013F857851201E00041
:105ED00016E4778BE05C166E3E128F8C2F8BE12DD3
:105EE0003A9DE00326F4E00322721701AF0CE001B3
:105EF00000FEE200CF81E00301DB5624E200CE0287
:105F0000029057ABE200CFCF028CE200CB13029499
:105F100057A0E200CF9D028557ACE200CFCF05A984
:105F2000E200CB0957B00288E200CF88058557848C
:105F3000E200CF8E058C57B0E200CF8F05AAE200B9
:105F4000CE0F05A75604E200CE0902A3E0004FCC15
:105F50005606E12E3F3F37423F3CE200CF78E0005B
:105F600002C1E200CF8A0585E00017D0E12E3F6F25
:105F70003F75E00005CBE200CB0702B6E200CA9411
:105F800005B3E05C17EE3F921702AF0FE00100830C
:105F9000E0004E4C572B5084E12E3F3C56063741D3
:105FA0003F3CE0004E4E362138FC050FE200CF9D0D
:105FB000028C4FB6E00F38AFE0413FAFE200CF8533
:105FC0000504E00117C800D35604E200CE0F058691
:105FD000E00117C8E12E3F5F00CCE00017F800FB9E
:105FE000E000177800C657A0E200CFE4058BE2007E
:105FF000CA940588E200CB1302855684E200CE9352
:1060000005C11781E00000D6E12D3A9DE00426A8E5
:10601000E0042226E05C17EE3F921703E200CB1D5E
:10602000AF0FE00202C3E84F4FB55720E200CF8226
:1060300005B3E0004FCF2FB0E200CF1D02BAE04F12
:1060400014B6E04F1634E1808D193DEC3EEF009B15
:106050003C6B570990D8C584E0013F21E0413F21C6
:10606000E00010CFE12E38AE270B9768540AE00EFF
:106070003C2EE0413F2EE12E38AEE7FF2F04C681D3
:10608000E201C6FF3EFA01E5C628E05115CC3DFC11
:1060900001DB1780008EE200CF1D02FC560EE200ED
:1060A000CE1D02F8E82E57C4E0001777E12F3F2FEE
:1060B000E05C176E3F128F0EE200CF01E00101ECB1
:1060C0005409548A552155A27781DC79E200CC31FC
:1060D00057810287E05C17F83F921700AF0F1780D7
:1060E000E05C176E3F121680AE8E570CE20ACF00AE
:1060F000E00105F0E85D4F06560CE200CF00E00A33
:106100001700E06E39AC3F75038CE200CB0317013A
:10611000E06E3CAF3FEEE8854F34E200CF020283F1
:10612000E00027DEE05C17EE3F921700AF0FE86556
:106130004FD82784C7FFE8656FD83EE2E400C686E3
:10614000E08417F83F9DE0021701B70FE08117D4F4
:106150003E9FE0FF177FE01AB73DE01AB74D16806B
:106160003F6F3FEDE400C78E3E6FE002C61C3E1E4F
:106170008E0C3E72E00101B13F9EE002C79C177F8A
:10618000AF0F568326AC3FED5707C7FFE201C7FFAD
:10619000E400C70E7783E08117D43F1F3C603CEEDC
:1061A000150EC42677817702E004D62256835781E4
:1061B000E400C68E57023F9D3CEF150E3C6E778182
:1061C000E004D61657813CE03C6F150EC4A6E004EF
:1061D000D60F5787C7FFE201C7FF7787E05C17EE4E
:1061E0003F928F8FE200CF81E00001FEE200CBF80A
:1061F000010B3F60E000C764E00F31223F9E57294A
:10620000B70F572AB71FE05C17F8391F8F02E2005B
:10621000CF05E00101803FE33C63E000C7E01718D1
:106220003968C1183D6E3CE277817702E004D5E021
:1062300057813C62397F570201F456845606570B4A
:106240005790E00CAE03E00CAEA35611568EE00C56
:10625000AF33E006B7B35709578AE006B643E00606
:10626000B6E35608568FE00CAB93E00CAA43E00669
:10627000B2D3E007B313E006B773E007B783E007D4
:10628000B623E007B6B35787C781E201C7FF778718
:10629000E7F800A3E200CF03E7FE01A9E05C176E78
:1062A0003F121681E7FE00A2178000F9E200CF82BC
:1062B000018D4F34579F5686E12F3FBE170037C1DF
:1062C0003FBDE12F3F95E7FC00931780E7FE008F6D
:1062D000570CE7FE009AC681E200CE8AE7FE01C3B2
:1062E000E7FE00D1E200CF82E7FF018FE0004FCD53
:1062F000E200CFF8E7FF010938E0571DE00F312237
:10630000E000C0E437213F91B70F571E3721E7FE69
:1063100000FB3FEEE400C7985604399F5786568B22
:10632000AF83C7015790AE23AEB35611568EB7B3A5
:106330005789B643B6E3560A5688B7F3578FAB93DF
:10634000AA43B2D3E001B313E001B603E001B6A360
:10635000E001B7B3AF02E7FF0098C381E200CB8A48
:10636000C78EE7F90197E7FF0090E05C16F83E92D0
:106370001600AE0DE05C16EE3E923F9BAE0D168011
:10638000B68FE05C17C63D9FB68B3EE2E400C68E3A
:10639000E05B17BA3F9D16FFAECFE05B17B0391F29
:1063A00000DA8FC2E00E3B1F8D8E25AA1700E20097
:1063B000CD8101B03E6EE400C60EE0033E118BC3FA
:1063C0003BFFE00001C73DE037A2E000C5E43D9F90
:1063D0009703958B3F1BE200CF00041AE02E3D5E31
:1063E0003E11B7023F60E000C7643F1F971E979CB5
:1063F0003F9EE200CF80042BE02F3FD9B792C10E21
:106400005785C781E201C7FF7785E7F7008B3F6DAE
:1064100000E8E200CD82019D3E6EE400C60EE0037E
:106420003E188BC33BFF01953DE037A2E000C5E479
:106430003D9F9703958B3F1BE200CF000406E02EA3
:106440003F5A3E18B70200CF3F6D00FC3FED00D72A
:10645000C701E200CF0AE7FF01AC00D2E200CB1D8A
:10646000E7FB05E31780E7FC00AD08B4C05C3968C2
:106470003C6039E93A6A14801522C404E004D486E9
:10648000E0D217BC8F5F3C608FCF31413D643CE36D
:10649000C4026F826F037104E003DC42C0240A610E
:1064A00008B7C058E8D24E41E84457FB3D6C3781ED
:1064B000E8D248C0E8894970E86751FAE84B4AB623
:1064C000E84B4C35E5FFC57EE08514D0E00E362163
:1064D0007790178071857487728A708B770C750D31
:1064E000740E710F77895109508F38F201841100B1
:1064F000E00200AD5087518589118B813FE2E0AF0A
:106500003B8C529037A13F93958F71033AFBE00289
:106510000232E00F3582E00E3581E00E3F9EE0430F
:106520003D073FE7E0083E3AC781E201C7FFE0438D
:106530003C8277843FE83F9937A1399F719311805E
:1065400077063B6A74083FE775113F6774923EE334
:10655000E200CC8004365413E00231A13C227401E5
:1065600010803C6A009D510152869102E025392538
:10657000710222A1E0253DA2229E3C7EC0813AE824
:10658000C681E201C0FFE201C2FF03023F653C7F1A
:1065900002165101528DC47F39153B647101E043ED
:1065A0003A08E200CA000360C181208BC4FFE043C7
:1065B0003C8900CF3B7403793A6600EC3FE500EA82
:1065C000548A3CF705BC508454125105E0A8388C1D
:1065D0001180342139183AE1711254833CA3E0430D
:1065E0003C89E200CC80042B5492E00231A1E0020D
:1065F0003CA210805484009B54069202E0263A2864
:10660000231AE0243DA42217C081E12E3CDEE12FB5
:106610003CEFC681E201C0FFE201C77FE201C7FF94
:106620003AE9540CC481E201C4FF3918540B3CF818
:1066300004E400833CF504F6C18128D05103508E58
:1066400038F2E00005F73C62C4015188E201C47FE2
:10665000399812007192E0093C14E201C4FF3E79BE
:1066600005A8549250853C9434A13C91110050915E
:10667000009951869309E0233B2321B3E0263DA6F0
:10668000233038FEC1013D61C681E201C17FE201D4
:10669000C57F03023F6A38FF0228550DC0FF3C9AB0
:1066A0003D65E0433A81E200CA800364C201295497
:1066B000510A397705BE528439E8E0A33A8C1100BB
:1066C0003A657188E00A3C12E201C57F3E7A05B165
:1066D000548855053C9234A13C9A1080550400A181
:1066E0003D7503653AEA00DA3FEA00D8528691899F
:1066F000E02639A5231AE0233DA32197C081E12E8E
:106700003D5EE12F3D6FC681E201C0FFE201C77F20
:10671000E201C7FF3A6A518CC501E201C57F3C9393
:10672000528B3D7504E400833D7404F6C10128CB0F
:10673000E200CEA1059F3FAEE200CF83051B5703C9
:10674000E8656BDD1101E8656F5EE84B4FB8278F98
:10675000E0031574E00114C8E0971470DE87C44D9F
:10676000E203CC401781E06F3AA2396F3C62C02847
:106770000BE15789C781E201C7FF77895787C78235
:106780007787E7FD00B208B3E0613982E0613F82BC
:10679000E7EF177F3FDEE0613F921100E88A696D05
:1067A000E003DBCD2403E8246971E820495E292A4F
:1067B000E003DB451782E88A6FEEE88A6FEFE88A2C
:1067C0006FF0E88A6FF1E88A6FF2E88A6FF3E869A0
:1067D000579DE704CF92E869779DE83257FAE70AB8
:1067E000CF92E83277FAE820695EE885694AE810D6
:1067F00057A7E8E3693CE001972FE707CF12E001D4
:10680000B72FE061399209E1E869579D1701E70068
:10681000CF9EE869779DE81057AE97EFE6AFCFFFC0
:106820002F83E7FF00B2388208B3E86757FAE81011
:10683000778BE8854FC8E200CF82E00001CEE07C94
:1068400017E2E810778AE0D217FCE8107789E0DCDD
:1068500014AAE8854FC81507E400C78AE066142F1C
:106860003C9FE004D2C5E8854FC8E020149AE400BC
:10687000C78615063C9FE0661424E004D2B9E8857B
:106880004CC8E0201132E400C48515053C92E06656
:10689000141CE004D2ADE88549C83FE3E400C78595
:1068A0003C63391F8CA2E003D6608D128C823C635E
:1068B000E003D6778CB23C63E003D6948CC23C6391
:1068C000E003D6AEE8854FC8E8666FACE8664FE6F1
:1068D000E8666F8809E1E07817A2E7FF00B4E08579
:1068E00017D034213C1F8E88E8D24F418F98E0AFFB
:1068F0003E8EE867577A37A13F9E940F388208B3DF
:10690000C05C39683C60152239E9C4041480E00495
:10691000D23DE0D217BC8F5F8FCF3C606F8231C118
:1069200017843141C4026F03718471067787E003D5
:10693000D7F8C02409E108B5C05C39683C603A6901
:1069400039EA14801522C4043AEBE004D21FE0D2E5
:1069500017BC8F5F8FCF32416F8217823C6F31C17E
:1069600031413C106F036A85720471857106778727
:10697000E003D7D7C0240AE1E8DC4F9227BBE84AFE
:106980004FDAE200CFAE0125E200CFE80124E200B9
:10699000CF8017001782E06F39AEE84A4F593F7F2A
:1069A00001292C1B3F6FC701E400C716E04A16EC13
:1069B000E200CC823F1D950E0186E400C7963F9D04
:1069C000E001955FE86754FA15803C69E7FF00B580
:1069D000178000E4178100E2E200CC010189E400A5
:1069E000C796E04A176C3F9EE001954F00EC1500FA
:1069F00000EA388208B4C05C39683C603A6939EA18
:106A000014801522C404E004D1C1E0D217BC8F5F0A
:106A10008FCF3C606F823241178131C13141C40256
:106A20006F037204718571067787E003D77AC024FB
:106A30000A613FE8E8654C762406E201C7FD1400D0
:106A4000E1283F88388208B7C07EE0DC11283B6827
:106A50003A69E0DC12D013808FC2E200CF820115C8
:106A60008F1289823C6F399E39963D643CE3778171
:106A7000E003D4CEE8854C48DFDD3D645781240A2D
:106A80003CE73C6FE003D4DEC10A397501E6C00281
:106A90000BE13CE300F708B4E81057AEE04A126C93
:106AA000916FE0011196E6AFC972E000216D170108
:106AB000E8666F66E8856F48E00197AFE6A4CFAF60
:106AC000E8256FC3E003DA8B1780E86F6FEDE825E8
:106AD0006FC2E84A6FD8E84A4FEC3F6FE400C71630
:106AE000399F3A1EE00CC19AE0018CB48C03DFACF4
:106AF000E8DC4CB41402E003D470E0021780150007
:106B000014811402E810779EE003D54BE00015488D
:106B10001480E024147AE004D1391681E81276B9A1
:106B20001700E8246F761602E8246F74E8246F7566
:106B3000E8246F79E8246F77E81057AEE8246F787F
:106B400097EFE81276CDE6AFCFFFE8256E1EE000A6
:106B500027C6E8256E9CE8256F1D1781E81277C3CC
:106B60001700E8256F8AE8256F88E8256F09E82572
:106B70006F8DE8256F8BE8256F0CE8664C660A215F
:106B8000E7BE00E4E8666966E8856948E825694388
:106B9000E86F696DE8256942E003DA04E8DC4CBE81
:106BA0001402E003D41AE00617803D621483140235
:106BB000E810779EE003D4F5E84A4FECE84A6958BC
:106BC0003F6FE400C716399F3A1EE00CC19AE001FE
:106BD0008CB48C03DF39E7FF009BE8256F9CE82528
:106BE0006F9DE8256E21E8256F9FE8256FA0E7FFE0
:106BF00000B62503E7B800B73882C47FE3FFCC7F37
:106C0000018F388200000000000000000000C7FF74
:106C1000E201C7FF2FF800000000000000EF17841A
:106C200000F708B2E81057AE168AE008970F110077
:106C3000E70CCF4DE008B70F1685E006972FE00070
:106C40001440E700CF12E006B72FE008970FE708DF
:106C5000CF4DE008B70FDFD2E81057AEE008970F2E
:106C6000E708CF42E008B70F096108B2C07E396873
:106C70003C60C402EFFDDC49E81057AE16A8E00600
:106C8000974FE728CF0DE006B74FE001210AE00655
:106C9000974F1683E704CF4DE006B74F1681E00605
:106CA000976F1612E700CF6DE006B76FE00B974FB6
:106CB000E708CF6CE00BB74F1624E00B974FE700C7
:106CC000CF6CE00BB74F1611E007974FE700CF7C72
:106CD000E007B74F1623E00B976FE708CF7CE00B78
:106CE000B76F1635E00B976FE700CF7CE00BB76FFF
:106CF000163CE006976FE728CF0CE006B76FE798E1
:106D00001600E7F81700E002B60EE0011640B62EB6
:106D1000960EE70BCE1DB60E960EE70ACE1DB60EEA
:106D20001600958EE70BCD9CB58EE002958EE70C94
:106D3000CD9DE002B58E958EE709CD9CB58E95EF81
:106D4000E6A4CDFB258DE002958EE700CD9DE00207
:106D5000B58EE00196EEE700CE9CE001B6EE16009F
:106D6000E83C5690E008970FE70CCF4CE008B70FCF
:106D70001601E006972FE700CF1CE006B72FE008CA
:106D8000970FE6ACCF7E2F07E83C57103F2DE2006F
:106D9000CF0A05F65401EFFDDBA3C0020961E0064E
:106DA00096CF1703E704CECEE006B6CF161EE00658
:106DB00096CFE700CECEE006B6CFE00696EFE7002E
:106DC000CEEEE006B6EFE00B96CFE708CEEEE00B96
:106DD000B6CFE00B96CFE700CEEEE00BB6CF1704B0
:106DE000E00796CFE700CEFEE007B6CFE00B96EFC8
:106DF000E708CEFEE00BB6EFE00B96EFE700CEFE25
:106E0000E00BB6EFE00696EFE728CE8CE006B6EF93
:106E1000E007968FE728CE8CE007B68F1681E00753
:106E2000960FE704CE4DE007B60FE007960FE70098
:106E3000CE4DE007B60FE007962FE70CCE4DE007EA
:106E4000B62FE007962FE708CE4DE007B62FE009F2
:106E5000962FE728CE0EE009B62FE7F81700E08856
:106E60001600E002B60EE0011640B62EE002966E65
:106E7000E704CE12E002B66EE002966EE706CE128E
:106E8000E002B66EE002966EE705CE12E002B66E44
:106E900097EFE6A4CFFF278DE002978EE700CF9D06
:106EA000E002B78EE00197EEE700CF92E001B7EE87
:106EB000E83C5790DEB7E7FE00EF08B7C07E3F839F
:106EC000E81057AD1181972F1100E70FCF13B72F9F
:106ED000167E972FE701CF12B72FE7E4170096EE43
:106EE000E705CE92B6EE96EEE707CE92B6EEE7E86D
:106EF0001700B12E968EE700CE92B68E968EE701E1
:106F0000CE92B68EE81056A7B16E974D3F5CB74D46
:106F1000E0613912137FE0613B11972FE708CF132F
:106F2000B72F972FE709CF13B72F972FE70CCF1362
:106F3000B72FEFFCDA6DE06A3910E06A391CE06ABD
:106F40003918E06A399A1282E06A3A9BE06A3A9507
:106F50001203E06A3A11E06A3A12E06A3A1DE06A06
:106F60003A1EE06A3A17E06A3A19E06A3A16E810FF
:106F700057A7E001177FE001B14F16B7E002B74F06
:106F8000E7FE167FE001B76FE002B76FE002B10FD6
:106F9000E003B68FE002B72FE003B72FE00196CFF2
:106FA000E832717DCEA0E001B6CFE00296CFE001DD
:106FB000CE80E002B6CFE00196CF3EDCE001B6CF56
:106FC0001677E002968FE001CE80E002B68FE001F6
:106FD00096CF3EDCE001B6CFE002968FCE88E0028D
:106FE000B68FE01316C4B12FE81057ADE83276FC27
:106FF000E01016F0E001B14FE83276F8E0613E8231
:107000003EC3E0613E92E0613E82CE84E0613E920A
:1070100096AF138FE703CE93B6AFE7E51780B10FB6
:10702000E0041688B12FB3CFE001B68F16B4E001AB
:10703000B6AFE001B14FE001B16F96AFE700CE937C
:10704000B6AF968FE700CE93B68F96AFE701CE939B
:10705000B6AF968FE701CE93B68FE0613F82E00135
:10706000CF80E0613F92E7E6178096CFE00F16777A
:10707000E70BCE93B6CF96CFE720CEBCB6CFE001DC
:10708000162596EFE720CE8CB6EF968FE706CE93C7
:10709000B68FE0613F82E020CF80E0613F921780B1
:1070A0003CEE153EE067147AE8656FFC7701E0037B
:1070B000DE6D5701153E3CEEE0681454E003DE66D9
:1070C000E06717FAE8656973E83377AEE8656972D7
:1070D000EFFDDC21E810572D169B97AEE707CF9305
:1070E000B7AEE81076A697AEE70ACF93B7AEE7EA59
:1070F0001780968FE702CE93B68F968FE70BCE92CE
:10710000B68F968FE701CE92B68F968FE708CE9214
:10711000B68FB14FE0613E82E008CE80E0613E92E2
:10712000E81056A6143CB6AF968FE700CE93B68F04
:10713000968FE707CE93B68FE81057A7E00196AF7A
:10714000E707CE92E001B6AF97AEE70CCF92B7AEAD
:10715000DD55E81057A7140AE001972FE702CF1377
:10716000E001B72FE001972FE702CF12E001B72F20
:10717000E81057AD972FE70CCF13B72FDD3FE8107E
:1071800057AEE0E01747E001B76FE00216DEE0021D
:10719000B68FE0201700E002B12FE7801691E004DF
:1071A000B14FE002B74FE001171CE004B6EFE00F6B
:1071B00016D0E002B16FE003B70FE003B32FE00396
:1071C000B34FE009B6EFE00016DFE004970FE720C9
:1071D000CF4DE004B70FE0101708E004B72FE0E050
:1071E00016FFB32F1707B6CF1684E00CB74FE00C8D
:1071F000B6EFE005972FE703CF13E005B72FE86957
:10720000711DE8656976E832717AEFFDDC06E0030E
:10721000D616E0613F82E010CF80E0613F92E81037
:107220005727E01016A0978EE000165AE709CF9373
:10723000B78E3C63978EE709CF92B78E978EE70A99
:10724000CF93B78E978EE70ACF92B78EE7F8178065
:10725000B68FB12FE001B16FE00196EFE701CE9359
:10726000E001B6EFE00196EFE708CEA5E001B6EF4A
:10727000E00196EFE706CEA5E001B6EFE002B10F20
:10728000E00296AFE728CE8CE002B6AFE00296AF00
:10729000E706CEA2E002B6AFE00296AFE704CEA5C5
:1072A000E002B6AFE00296AFE702CEA2E002B6AFD0
:1072B000E00296AFE700CEA5E002B6AF968EE706F5
:1072C000CE92B68E968EE701CE93B68E968EE7005E
:1072D000CE93B68EE81056ADE001964DE705CE137D
:1072E000E001B64DE001964DE70BCE13E001B64D3F
:1072F000E003B14EE00596CEE70DCE93E005B6CEA5
:10730000E002974FE708CF34E002B74FE002974F13
:10731000E70BCF57E002B74FE002976FE700CF349B
:10732000E002B76FE002976FE706CF12E002B76F97
:10733000E002976FE705CF12E002B76FE002976FA8
:10734000E704CF12E002B76FDC91E003D6643B00A4
:10735000E72B153D14A01412E003D271E700153994
:1073600014A01412C0020BA1E065008E08B4E00165
:10737000117A39E8121CC1FFE3FFC9FF010C3C621E
:10738000DC3D3C62DC3B3C62DC393C62DC373C642B
:10739000DC3500F20A6108B3E82449C3E200C9DA27
:1073A000E00001CAE81057AE916FE6A4C972E00090
:1073B00029431781E8E36FBD1681E81057ADE82433
:1073C00069433CE2972FE0501400E704CF1DB72F2C
:1073D000972FE70ECF1DB72FE003D6963CE2E020B3
:1073E0001400E003D691E0011448DFC13CE3E7EE6E
:1073F0001400E003D689E00114A5E7EE1401E003D0
:10740000D683E0011495E7EE1402E003D67D14A7BD
:10741000E7EE1403E003D6781432DFA9E81057AD85
:10742000972FE704CF12B72F972FE70ECF12B72F62
:10743000E8E3693D09E10EBFC076E0603E88E060A8
:107440003F097685E0603E8A77047683E0603F0CF2
:10745000E0603E8B770276813B00E81057AE1680E5
:10746000E008970FE700CF1DE008B70F170196AFB0
:10747000E708CE9EB6AF97EFE200C7C02787E8695E
:10748000579DE708CF9EE869779D17A0E0613F917F
:107490003E8356855704E0603E985683E0603F196E
:1074A000E0603E9A57025681C00AE0603F1CE060EF
:1074B0003E9B0FAD380008BFC05AE0603888E060DE
:1074C00039097093E060388A71127091E060390C6C
:1074D000E060388B7110708F3B00E81057AE974F0B
:1074E000E6ADCF7E272A970FE6ADCF7E2726972FD2
:1074F0001681E702CF1DB72FE812579FE200CF8E0B
:10750000E00305FC17BCE8206F981780E812779F0E
:10751000E8854F4A2712E86F4F6DE200CF01E00483
:107520000180E8854F4AE200CF01E00301FAE885D7
:107530004FCAC781E8856FCAE81057AE974FE6A9D2
:10754000CF7E270A970FE6A9CF7E2706972F1681B1
:10755000E706CF1DB72F974FE6AACF7E2712970FCA
:10756000E6AACF7E270E972F1681E705CF1DB72FEE
:10757000E8E34FBC27861200E8E36A3CE003D4C08E
:10758000E81057AE974FE6ABCF7E270A970FE6ABD2
:10759000CF7E2706972F1681E704CF1DB72F974F71
:1075A000E6ACCF7E270A970FE6ACCF7E2706972F53
:1075B0001681E703CF1DB72F974FE6A3CF7EE002DA
:1075C000271E970FE6A3CF7EE0022719972F16817B
:1075D000E70CCF1DB72FE08A116A978FE832577AF0
:1075E000E6A4CFFFE70ACF1FE832777AE83257FAEE
:1075F000E869571DE6A5CFFFE704CF1FE869771DAF
:10760000E88A4FED3FFD01ABE88A4E6BE88A6E6C6D
:10761000E88A4FFB3F9DE88A6FFBE88A4FFA3F9D5F
:10762000E88A6FFAE88A4F7AE88A4FEBE400C79657
:107630003F92E0088F8F3FFE02921780E88A6FFA30
:10764000E88A4FEB3F9DE88A6FEBE88A4FEBE88AC8
:107650004F6A3F7F05841203E88A6A6DE88A49FB16
:10766000E88A4FECE88A4EEDE200CE81E00101C5E8
:10767000E88A4F6CE88A4E6A3E7EE00105B2E4007B
:10768000C78BE88A4F6C3F93E400C716C79737A1B2
:107690003F123F92E002976E928FE00122A2E6A88D
:1076A000CF8EE200CF86E8246EBDE001029AE00FA3
:1076B00036BFE200C7DFE0012794E201C77FE200A6
:1076C000CF04E0010105E88A4B7BE8244FBDE000D0
:1076D00027FFE86E5608E81057A77601E001972FBC
:1076E000E86E5387E707CF1DE001B72FE74017800B
:1076F00097AFE68BCFBFE002C78037C8E86F6FF95E
:10770000E8854C48D9972C03E84A4B58E8204C4769
:107710003EE63F68E401C692E400C712E0DC165082
:107720003F1DE00F3E1D3F1CE86D567E3CEF15806F
:107730003621E001C490E8254B44E740169CC63052
:1077400038E9E009B58FE0012B74E201CC7F010933
:10775000950DE002B52EE00A3E1D950AE005B55EE6
:10776000B58FE001B59FE180951F92093D740582B8
:10777000B5099201E001950F3D740582B501C682FD
:10778000E340CEAEC70201E0E8D24FC156016F8B95
:10779000E1243E57E8D24FC03C60C2186F8A32C124
:1077A000E02017801480C404E681CA14778C720824
:1077B000728BE003D2DEE81057271780E00196AE07
:1077C000E707CE9FE001B6AEE8246FBD3913E86944
:1077D000579DE6ABCFFFE00127BF1782AFC2E88A13
:1077E0004FEBE88A4F6A3F7F02871602E88A6E6D88
:1077F0001780E8856FCBE003D322E81057AE974F90
:10780000E6A4CF7E270A970FE6A4CF7E2706972F00
:107810001681E70BCF1DB72F974FE6A5CF7E270A1E
:10782000970FE6A5CF7E2706972F1681E70ACF1D73
:10783000B72F974FE6A6CF7E271A970FE6A6CF7EE3
:107840002716972F1681E709CF1DB72FE88A4F6DAE
:107850003F7D018DE84556CBE200CE8201881200C3
:10786000E8856A4BE88A6F6EE88A6EED974FE6A767
:10787000CF7E2710970FE6A7CF7E270C972F168174
:10788000E708CF1DB72FE869571DE708CF1DE86946
:10789000771D974FE6A8CF7E270A970FE6A8CF7EE1
:1078A0002706972F1681E707CF1DB72F000000008E
:1078B00000000000000000000000000000000000C8
:1078C00000000000000000000000E0101780E061F0
:1078D0003F91388350935112E06038985091E060A6
:1078E0003919E060389A5110508FC026E060391C79
:1078F000E060389B0FA13800E812579FE200CF8864
:107900000585E00017DAE7FC0080E812579FE200E7
:10791000CF86E7FB05FCE00017F8E7FB00F6E885FB
:107920006FCAE003D2EDEFFDD6FEE7FC0087950DB0
:10793000E002922E3D24E0413D2AB50FE00A3E1DB3
:10794000950AE005925E3D24E0413D2AE001B51F25
:10795000E7FE008B1201AA42E7FE00C30C380FBFFE
:10796000C076E0603C08E0603F897405E0603C0A56
:1079700077847403E0603F8CE0603C0B7782740195
:107980003B00E00017C0E0613F913C035405578481
:10799000E0603C185403E0603F995782E0603C1A75
:1079A0005401C00AE0603F9C0FAFE0603C1B0C2814
:1079B000380008B10C3FC076E0603888E0603C09D0
:1079C0007085E060388A74047083E0603C0CE0608D
:1079D000388B740270813B00EFFDD79DEFFCD5180A
:1079E000E0201780E0613F91388350855404E060C7
:1079F00038985083E0603C195402E060389A508116
:107A0000C00AE0603C1C0FA8E060389B08A1380069
:107A100008B50C3FC066E0603888E0603909708DB9
:107A2000E060388A710C708BE060390CE060388B54
:107A3000710A70893B00E81054A71700E00191A972
:107A4000E00197A9E7FE1580E707CF9EE001B7A9FF
:107A5000E7EE1780970FE6A8C9F3E001CF00B70F54
:107A6000972F3F5B2737970F1681E703CF1DB70F7F
:107A7000972FE20CC7002705970FE702CF1DB70F1E
:107A8000E7EE1780177FB76FE7FE16FF970F3F5D92
:107A9000B70FE81057A7E001972FE707CF13E001D2
:107AA000B72FE0021780E0613F913883508D510C71
:107AB000E0603898508BE0603919E060389A510ADC
:107AC0005089C01A0FA8E060391CE060389B0AA1F9
:107AD0003800958FE703CD9EB58F958FE702CD9E39
:107AE000B58F972FE200C708274CE001916FE201A4
:107AF000C17FE00E3122E150C700921EE001976F76
:107B0000E200CF00E001031AE8654F7CE6A9CF5EF2
:107B10002F132905E8654FFCE7FF00B4E200C90315
:107B2000E7FF02B0E00297A91701E707CF9EE00246
:107B3000B7A9E7FF00A7E200CF04E7FF01A3E20037
:107B4000C95C0287E06517FC391F8F82E7FF009A46
:107B50003F62E1FFC716E200CF010293E00397CF37
:107B6000E812571DE810548B3F9EE812779DE00005
:107B7000146AE812579D3C9FEFFDD61AE7FF00827A
:107B80003F62E1FFC712E200CF010290E00397CF0E
:107B9000E812571BE810548A3F9EE812779BE000DA
:107BA000146EE812579B3C9F00E83F62E1FFC71448
:107BB000E200CF010290E00397CFE812571AE810D5
:107BC00054893F9EE812779AE000146CE812579AA5
:107BD0003C9F00D3E201C94AE7FE01543FE2E000C6
:107BE000C7FFE201C7FFE200CF81E7FE05CBE2015C
:107BF000C906018DE7F81780E00297CFE6A5CFDF31
:107C0000E8206F91E8204F91E7FE00BCE201C91621
:107C1000018CE7F81780E00297CF37CBE8206F9010
:107C2000E8204F90E7FE00AEE201C97DE7FE01AA21
:107C3000E8244FC3E7FE00A6E8654FFCE6A9CFDFC6
:107C400029042FBCEFFDD5CFE8654FFC8C04E6A9D5
:107C5000CFDFE0032F8AE201C91AE00201B4170A5C
:107C6000E84B6C38E84B6FB9E86F6FE3E84B6F3A5D
:107C7000E84B6FBB3EE2E401CE80E200CEEFE002D3
:107C800002A83FE2E000C7DD3F6FE201C77FE200EC
:107C9000CF0C0287178137BEE230C7A9E0022F9FC1
:107CA0001781E200CEA5E84A6FC0E0020198E824FF
:107CB0006FC2E8206C0EE002008AE200CF8401C5AA
:107CC000E00197A91701E703CF9EE001B7A93C6245
:107CD000E7501780B40FC784E040B41FE358CF804B
:107CE00001FAE06515FC3D981708E02A3C7EE75054
:107CF0001780B50F1401E06512FCB59F38E8160037
:107D0000E054C080E00D3C15E00B3E9C1708E02AD3
:107D10003E7E30A2C401B501E200CC5CB5913FECDF
:107D200001EEE06516FE3E9C150AE02C3E7AE75017
:107D30001700B64EE7501608B69CE06515FF3EEFFB
:107D40003E9B160AE02C3E7FB66EE750170CB69E9F
:107D5000E06616D83E9F1508E02C3FFAE7521770F0
:107D6000B60E150AB69EE7531728E810568BE0DCCE
:107D700015A83E9FE02C3FFAB60E1508B69EE753B5
:107D8000172CB60EB69EE7531738E810568A3E9F5A
:107D9000E02C3FFAB60EB69EE753173CB60EB69EE1
:107DA000E7531730E81056893E9FE02C3FFAB60E95
:107DB000150AB69EE7531734B60EB69EE06516F662
:107DC0003E9FE02C3FFAE7531740B60EB69EE065A3
:107DD00016F43E9FE02C3FFAE7531744B60EB69ECA
:107DE000E02416803E9FE02C3FFAE7531770B60E52
:107DF0001508B69EE7531774B60E160EB69EE754D6
:107E00001704B60EE00216A0B69EE7541708B60E89
:107E1000B69EE02016913E9FE02C3FFAE7541718DB
:107E2000B60EB69EE02016903E9FE02C3FFAE75437
:107E30001758B60EB69EE02316FE3E9FE02C3FFA82
:107E4000E754173CB60EB69EE02516CE3E9FE02CBA
:107E50003FFAE7541748B60EB69EE754174CB60ED5
:107E6000B69EE02516D83E9FE02C3FFAE75617282D
:107E7000B60EB69EE02416C33E9FE02C3FFAE757AD
:107E80001774B60EB69EE8854F48E400C70AE00DA9
:107E90003D9E3E9FE02C3FFAE7571778B60EB69E00
:107EA000E02416C43E9FE757177CE02C3FFAB60E3D
:107EB000B69EE0019729E703CF1FE001B729E7FD50
:107EC00000C5E7FD2959EFFCDE2E178100B1E20164
:107ED000C97D0184E8246C4300F9E201C97C01F604
:107EE000E200CC660129029DE200CC5501EFE820BA
:107EF0004F8FE200CF85E7FB01C53C601510E00025
:107F0000149AC402E003D77416003CE015811510E2
:107F1000C4823C6CEFFDD2A7EFFDD2C1E7FB00B2FB
:107F2000E201CC080117E201CC2A01D01785E82034
:107F30006F8FE7FB00A7E8204F8FE200CF85E7FBBC
:107F400001A1E81057A7E001177FE001B70FE7FB99
:107F50000099E8204F8FE200CF85E7FB0193EFFD0A
:107F6000D29EE7FB008FE200CF84E7FB018B290E56
:107F7000EFFCDDD9E812579CE7FB2784E8664F8ABF
:107F8000CF82E8666F8AE7FA00FDE200C901E000EF
:107F900001CEE8244FBC2F85E86757FAE810778BAD
:107FA0001100E812711DE201CC2DE8656C7DE8102E
:107FB000520B010BE201CC2E0128E812549D3C9497
:107FC000E000146AE00100C5E812711DE000146AC7
:107FD000E812549D3C94EFFDD3EBE812711BE000D6
:107FE000146EE812579BE810548A3C9FEFFDD3E0D3
:107FF000E812711AE000146CE812579AE8105489DC
:108000003C9FEFFDD3D500DAE86D57FE37A1E812AB
:10801000779DE812579D37C9E8666F98E812579D1B
:10802000E6A7CF8FE8666F9900C9E200C909019100
:10803000E200CC02E7FA02A6E8666C052C05E866C9
:108040006C2AE7FF0099E200CC01E7FF019500F8F8
:10805000E200C95CE00102C4E200C9300199E2001B
:10806000CC03E7FA028FE06517FC3F92AC0F3FE2CA
:10807000C7E93F6FE201C77FE200CF2237A8E001E6
:1080800002A537C7E000172A3F9E978F3F82E20084
:10809000C926E7F901770292E200C907E7F9017200
:1080A000028617FE3F92E200CF8100853FE2C7F4CF
:1080B000E200CF8202D9E7F900E5E200C935E7F92D
:1080C0000161028317D500EF3FE2E1FFC7B0E20094
:1080D000CF8300F1E812579CE70017003FCEE8126B
:1080E000779CE7FE00C9E812579CE040CF80E81279
:1080F000779CE200C90AE7FE01BFE812579CE0083E
:10810000CF8000EEE812579CE002CF8000F1E7FF3D
:1081100017AAE8666FADE7FE00AF1722E8666F2E7C
:10812000E7FE00AAE812579CCF8400DAE812579CB9
:10813000CF8800D6E812579CE080CF8000D1E86657
:108140006C13E0011401E8664C93E002C4A0EFFD5B
:10815000D32FE7FE0091E8664F9437A83C1FE81242
:10816000741BE000146EE812579BE810548A3C9F81
:1081700000EFE8664F9637A83C1F3421E812741AC6
:10818000E812579AE8127799E812579AE81054893A
:10819000E000146C3C9F00DCE8664F98E810548BBC
:1081A00037A83C1F3421E812741DE812579D3C9FEC
:1081B000E7FE0088E8246C30E0241480E8244FB007
:1081C000E000147C3C9F00C4E200C957E7FF059320
:1081D000E812579CE004CF80E7FF00833FE2E1FF15
:1081E000C794E200CF810293E812579CE001CF8050
:1081F000E812779CE7EE1780E00397CFE812571953
:108200003F9EE8127799E812579900C13FE2E1FFDB
:10821000C792E200CF810291E812579CCFC0E812CA
:10822000779CE7EE1780E00397CFE812571B3F9E3D
:10823000E812779BE7FF0097E201C9060197E82063
:108240006C11E7F81780E8204E91E002974FE7089D
:10825000CF3DE002B74FE8204E91E002976FE70074
:10826000CF3DE002B76FE7FD0087E201C916018F3D
:10827000E8206C10E7F81780E8204E90E002974F56
:10828000E70BCF5DE002B74FE7FC00F6E201C90F54
:108290000187E1FFC400E8236C7EE7FC00EDE2010A
:1082A000C97DE7FC01E9E8246C43E7FC00E508B27E
:1082B0000C3FC076E0603888E06039097085E06086
:1082C000388A71047083E060390CE060388B710289
:1082D00070813B00E81057AEE00C976FE6ADCF7EA3
:1082E0002723E00C972FE6ADCF7E271EE00C974F9B
:1082F0001681E702CF1DE00CB74FE03E1400E0020C
:10830000DF1839681480E7F61460E002DF30E2001D
:10831000C93C0184E82069180087E200C95A017B42
:10832000E200C9780178E81057AE974FE6AECF7EED
:10833000270C970FE6AECF7E2708972F1681E7010F
:10834000CF1DB72FEFFFD262E81057AE974FE6AFC1
:10835000CF7E2719970FE6AFCF7E2715972F16816F
:10836000E700CF1DB72FE869571DE700CF1DE8696B
:10837000771D97EFE6AFCFFF2783EFFFD206178079
:10838000E8246FF1E81057AEE00C976FE6AECF7EB1
:10839000270DE00C972FE6AECF7E2708E00C974F15
:1083A0001681E701CF1DE00CB74FE00C976FE6AFE9
:1083B000CF7E270DE00C972FE6AFCF7E2708E00C8D
:1083C000974F1681E700CF1DE00CB74F974F374FFF
:1083D0002717970F374F2714E001976FE00196EFAB
:1083E000E6A9CF7EE400CF01E706CE9EE001B6EF1E
:1083F0001681972FE70FCF1DB72FEFFFD207E81099
:1084000057AE974FE6A1CF7E2712970FE6A1CF7EFA
:10841000270E96AF1701E70ECE9EB6AFE869579DBF
:10842000E701CF9EE869779DEFFFD1AFE81057AE27
:10843000974FE6A2CF7E2712970FE6A2CF7E270E98
:1084400096AF1701E70DCE9EB6AFE869579DE701DD
:10845000CF9EE869779DEFFFD198000000000000F3
:10846000000000001784E0613F913883508551047B
:10847000E06038985083E0603919E060389A510222
:108480005081C00A0FA8E060391CE060389B0921C8
:1084900038000EBFC076E0603E88E0603F09768518
:1084A000E0603E8A77047683E0603F0CE0603E8BBC
:1084B000770276813B00E7EA1780970F1680E70284
:1084C000CF1DB70F1681970FE700CF1DB70F970F7E
:1084D000E70CCF1DB70FE83C57903F9DE83C7790E5
:1084E000E812579F3F9DE812779FE82E57C23F9DA5
:1084F000E82E77C2E81157FEE3FFCFFF01043F9D4E
:10850000E81177FEE8244FE62790E8244FE6C7FFFE
:10851000E8246FE6E8244FE62F88E869579D1701A5
:10852000E703CF9EE869779DE8664FE8E200CF81D8
:10853000E00002C3C781E8666FE8E81257B7C78159
:10854000E81277B7E81257A02786E81257A0C7FFAE
:10855000E81277A0E81257B42786E81257B4C7FF8D
:10856000E81277B4E7EA1780E8105726B72F17010B
:10857000968FE700CE9EB68F968FE707CE9EB68F7A
:10858000968FE702CE9EB68FE0081780E0613F919C
:108590003E8356855704E0603E985683E0603F195D
:1085A000E0603E9A57025681C00AE0603F1CE060DE
:1085B0003E9B0FAD3800E200CF8201C0E81057A704
:1085C0001681E002972FE707CF1DE002B72F178330
:1085D000E7FF00B308B10C3FC076E0603888E06088
:1085E0003C097085E060388A74047083E0603C0C5C
:1085F000E060388B740270813B00E7E5178097CF0D
:10860000E6AFCFFF2798E83257FDE832577CC781A5
:108610003FFEE83277FD0388E7E61780970F168163
:10862000E706CF1DB70FE7E51780974F1681E700E4
:10863000CF1DB74FE7E5178097CFE6AECFFF279A5C
:10864000E81257B2C781E81277B2E8204F98E200EB
:10865000CFDAE00001D0E81257B2E200CFB60583CE
:10866000EFFBDF4BE7E51780974F1681E701CF1D42
:10867000B74FE7E51780974FE6ADCF7E270F970FEF
:108680001680E702CF1DB70F1681974FE702CF1D67
:10869000B74F970FE702CF1DB70FE7E51780974F4A
:1086A000E6ACCF7E270F970F1680E703CF1DB70FDD
:1086B0001681974FE703CF1DB74F970FE703CF1DE5
:1086C000B70FE0011780E0613F9138835085540473
:1086D000E06038985083E0603C195402E060389ABA
:1086E0005081C00AE0603C1C0FA8E060389B08A1E4
:1086F0003800E200CFBCE81257B20185E200CFD0CB
:10870000E7FF00AFE200CFA8E7FF00AB0E3FC07667
:10871000E0603E08E0603E897605E0603E0A7684CF
:108720007603E0603E8CE0603E0B768276013B0093
:10873000E81057ADE001974FE6AFCF7E2713E81062
:108740005727972EE6AFCF7E270DE001974F168073
:10875000E700CF1DE001B74FE8125735CF01E8120F
:108760007735E001974FE6A8CF7E2714E81057270A
:10877000972EE6A8CF7E270EE001974F1680E707D9
:10878000CF1DE001B74FE8125735E001CF00E812E6
:108790007735E001974FE6ADCF7E2713E8105727D6
:1087A000972EE6ADCF7E270DE001974F1680E702AA
:1087B000CF1DE001B74FE8125735CF04E8127735E7
:1087C000E001974FE6A6CF7E271BE8105727972E8C
:1087D000E6A6CF7E2715E7E61700968E1601E70678
:1087E000CE9CB68E1680E001974FE709CF1DE001C1
:1087F000B74FE8125735E004CF00E8127735E001B3
:10880000974FE6ABCF7E2713E8105727972EE6AB9E
:10881000CF7E270DE001974F1680E704CF1DE001C2
:10882000B74FE8125735CF10E8127735E001974F70
:10883000E6A4CF7E2718E810572796AEE6A4CEFD13
:108840002692968E1601E701CE9CB68E1600E003A6
:1088500096CEE704CE9CE003B6CEE8125735CF4063
:10886000E8127735E001974FE6AACF7E2718E81087
:10887000572796AEE6AACEFD2692968E1601E70001
:10888000CE9CB68E1600E00396CEE705CE9CE003A4
:10889000B6CEE8125735CF20E8127735E001974F72
:1088A000E6A5CF7E2714E8105727972EE6A5CF7EA2
:1088B000270EE001974F1680E70ACF1DE001B74F62
:1088C000E8125735E008CF00E8127735E001974FFE
:1088D000E210C720E001B74F1781E0613F913E03EE
:1088E00056055684E0603E185603E0603E99E0600D
:1088F0003E1A56825601C00AE0603E9CE0603E1B74
:108900000FAC380008B1C05CE04A175CE00D34A23F
:108910003FE93F1DE400C78A949E170C6F04E0DC1A
:1089200017283F9E8FAFE200CF840110E8D24FC0DE
:1089300034416F82E8D24FC1740474063C606F8387
:10894000C40217807783E002D831C02408E108B35D
:10895000E81057AE916FE6AFC972293FE002970F5A
:108960001181E70ECF13E002B70F1602E002970F56
:10897000E0001464E70FCF13E002B70FE7F8170029
:10898000E00196EEE706CEACE001B6EEE00196EE31
:10899000E708CEACE001B6EEE002970FE704CF1295
:1089A000E002B70FEFFFD12BEFFDD126E81057AE55
:1089B0003CE3E001976F3C63E704CF13E001B76F3E
:1089C000E002D64CEFFDD0F7E81057AEE001976F0C
:1089D000E704CF12E001B76F09E1E869579DE6AF00
:1089E000CFFF279708B1EFFEDED01780E08A16EAA6
:1089F000E88A4F7D3FFE0483140008E1E00E3E9FAD
:108A00008F4E2F05C781E201C7FF00F3140100F666
:108A10001780E08A16EAE88A4F7D3FFE048314003F
:108A20003882E00E3E9F8F4E2F05C781E201C7FFBF
:108A300000F314013882E8664FE9E00027D3E8101C
:108A400057AE97EFE6AFCFFFE00027CC1780E832B4
:108A5000567DE83256FCE00115C815013CEFE8668A
:108A60004F692F08E00027C3E832767DE83276FCB4
:108A700038823EEB3FEA3E6900F3E8246970DFAEDE
:108A80002C2FE869579DE6ACCFFF2FAA3CE3EFFC03
:108A9000DDB9E81057A7E00297AFE6AACFFF27EEAF
:108AA000E81257B5E7FE177D3FDEE81277B5E0051F
:108AB00014851402E8246970EFFCDDA4E81257B5B0
:108AC000E201C782278DE7EA1780972FE0D217F8D7
:108AD000E12F3FBEE81277B417C8E8246FEC09E134
:108AE00008B3E7FF110111FF00D5388208B2E7FE95
:108AF0001100DF742402096197E2E201C7FF2FFA37
:108B0000DF9B00F808B4DF6A2C02DFF1E81057ADF4
:108B10001680972FE709CF1DB72FE81057AE97EFB4
:108B2000E6A4CFFF2790E7F81780E002970F160121
:108B3000E700CF1CE002B70FE001976FE700CF1D01
:108B4000E001B76F1100E83C5790EFFFD06CE810E0
:108B500057AD143C972FE70CCF12B72FEFFFD04F34
:108B6000E81057A71681E001972F140AE702CF1DDE
:108B7000E001B72FE001972FE702CF12E001B72FF6
:108B8000E81057AD972FE70CCF1DB72FEFFFD03769
:108B9000E869579DE6ACCFFFE00027D7E81057AE55
:108BA000E83C5110E008970F1680E70CCF4DE00825
:108BB000B70F1681E006972FE7FE11FEE700CF1DE5
:108BC000E7FF1201E006B72FE81057AEE008978FD5
:108BD000E6ACCFFF2FAEE81057A7E00297AFE6AAAA
:108BE000CFFF27A1E81257B5E00114813FD3E81267
:108BF00077B5E8246A70E81257B42FA91401EFFC86
:108C0000DD01E81257B5E201C782278DE7EA178038
:108C1000972FE0D217F8E12F3FBEE81277B417C8BC
:108C2000E8246FECE83C57903FA2E200CF8A05CDE4
:108C3000E8244FEC2F8EE81057AD1681972FE709E7
:108C4000CF1DB72F0A61DEF8E7FF00A4140200D899
:108C5000E8244FECC7FFE8246FEC00EE08B2396857
:108C6000E88A4FEDE200CF810105210E0921E05194
:108C700000E6E869579DE6AFCFFF2783EFFEDD856D
:108C8000EFFFD38B00EE0961E869579DE6A8CFFF9F
:108C900027AE08B1E869579D1700E707CF9E14017A
:108CA000E869779DDFDCE81057AE97EFE6AFCFFFBE
:108CB00027991781E8856FC8E8666FE6E8654FF683
:108CC000E200CF81018AE8854F48E02417F2E400F2
:108CD000C7143F9E1702B70FE8664C6608A1E79DD0
:108CE00000B5E8856FC8E8666FE600F7388208B31C
:108CF000C0561780E88A6FED177FE88A6FEB3C60FB
:108D0000E88A6F6CC416E88A6FFAE88A6F7BE88A93
:108D10006FFCE88A6FEEE88A6FEFE88A6FF0E88A06
:108D20006FF1E88A6FF2E88A6FF3EFFCDBEEE88A16
:108D30004FEBE88A4F6A3F7FE00105C4E88A4FEBBA
:108D4000E08A11EAE400C7963F93E002916FE8667B
:108D50004FE6E201C17F2F97E81257A02FFEEFFCEC
:108D6000DCE2E8204F99E81277A0E86F4F51E86FF6
:108D70004FF43FBEE8125720C7BF37863FFE03833C
:108D8000E81277A0E200C904E001029CE00017F0BD
:108D90003121391F97823F82E81057AE916FE6AFBD
:108DA000C97229223CE21403E002D458E0001464A2
:108DB000EFFEDF25E81057AE1681E002970FE000C6
:108DC0001464E70ECF12E002B70FE002970FE70F2F
:108DD000CF12E002B70FE002970FE704CF1DE002C9
:108DE000B70FEFFEDF0C1514E02414F23C60C40250
:108DF000E002DFFE3C60C402E002D8411781E88A4D
:108E00006FEDE8856FCBE810572EE8206FDE976E88
:108E1000E6AFCF7EE0002F52E002D872540BEFFC99
:108E2000DB5FC02A09E11514E025148600E0E81094
:108E300057AE916FE6AFC97229223CE21403E002FB
:108E4000D40DE0001464EFFEDEDAE81057AE1681B0
:108E5000E002970FE0001464E70ECF12E002B70FB4
:108E6000E002970FE70FCF12E002B70FE002970F73
:108E7000E704CF1DE002B70FEFFEDEC11514E025B9
:108E8000149AE7FF00B5E8664FE6E02414F2E40028
:108E9000C7943C603C9F1514C418E002DFA9E88A1F
:108EA0004FEB3CE0E400C7961514399FE0088F8330
:108EB000C498778CE7FF009CE8856FCAE7FF00B095
:108EC0001783E88A6FEDE7FF00AB08B21500396839
:108ED0003CE8E08A140CE002D33715003CE2E08164
:108EE0001424E002D331E84554861420E002D3D89C
:108EF000E84054D214200921E04800A108B4E81049
:108F000057AEE0061700B72F3968974F39E93A6A2C
:108F10002418E006CF00B74F1403DFD8E8854F4888
:108F2000E0DC17A8E400C70A3CE23F9E8C4F3DE41A
:108F30003D63E002D2B714803C620A21E04F00EAB0
:108F4000E7F916FF3F5D00E808B4E1FBC02A3F687F
:108F5000E400C70AE0DC17A83E603F9EE200CC02B6
:108F6000C60289CFE0021520E07817A23C6CE07CB5
:108F700011621480E06239AFE002DF08E86E5785C5
:108F8000E401C1CDE86E56833F92E86D557FE00164
:108F9000C1B23E68C6FE3F6FE00B3F2F3D7B02BA79
:108FA0003A60C2023C603CE4E002C422EFFCDDAF68
:108FB0001403DF8C3CE0E001151BE002C4A23C631B
:108FC000E002D3A0E002152014803C64E002DEDE63
:108FD000E86E5786E86E5704391FE86E5600C77E64
:108FE0003FE2E00D3FA23E7D02A03CE03C60C48237
:108FF000E002C422EFFCDD8B1403DF683CE0E001FB
:10900000151BE002C4A23C63E002D3CBE004C056CF
:109010000A61E080959DE202CD9F02848C8E3D9C8A
:10902000AC8BC701E7FF00BAE080969EE202CE9FBC
:1090300002848D8F3E94AD8DC78100D408B7C07473
:109040003A69E400C216E04A116CE00F39148B6FE4
:109050003EE83AE9E0DC1728E0DC1650E020158015
:109060008D4EE08C14B0E00F35213F9B978FE0DCF4
:10907000142877863FEAE400C7BCE400C50AE0078D
:109080003C9F9197E001AB0E3D18E7F814803CD36C
:10909000898A1403399639C97581768277037604F3
:1090A0007505DF1454063CE3C401E002D2F955050E
:1090B000B197E7F81480E003919754063CD3898A6E
:1090C0008D1AC419399A399631A139C93CE3E002A5
:1090D000D2E757035604C70A3E7E55815682E00305
:1090E000B197E7FF01BFE00F39148CFFE81057AECE
:1090F000E8DC6CB497EFE6AFCFFF27A8E200CE81A3
:1091000001952C823CEDE8DC4C36E8DC6CB4E002E6
:10911000D1641401EFFCD984E84A4CE0E8DC4C3619
:10912000E002D141E00F39148CFF1402E002D15566
:10913000E00D17B03F953914E0018CB28C0FEFFEB3
:10914000DC84E8206AC7C00C0BE1140100F008B20F
:10915000E84A4FEF39682789E8854C48E84A4CECE3
:10916000DF6E1780E84A6FD8E04A1744E04A16D805
:109170001780E180AF9E3EFE01FD177FE84A6F71C8
:109180001700E84A6FEDE84A6FEEE84A6FF0E84AE8
:109190006FEFE825773DE825773EE84A6FF8E82548
:1091A0007748E8257749E84B6F8EE8257753E8251F
:1091B0007754E84B6FA421061787E8DC6F93E8DC4F
:1091C0006F94096108B71109E86F69481688E86F5C
:1091D0006EC9E0001746E0001569E00C1481E06FED
:1091E000144EE86F6F4DE002DE03E7FF17AAE86F49
:1091F0006FFCE7FF1125E81057AEE870692C97EF78
:10920000E6A4CFFF2FA91781E8E36FBD1681E81010
:1092100057ADE02511CE972FE7E91130E704CF1DB8
:10922000B72F972FE70ECF1DB72F3C62E002D75024
:10923000C101E3E9C93AE180AC1301F8E81057AD88
:10924000170096AFE704CE9EB6AF96AFE70ECE9E60
:10925000B6AFE8E36F3D1180E86569FC1692E865FA
:109260006EFE17A0E8656FFF1701E86669ABE7FFC0
:1092700012AAE8666F221122E8666AAD1709E8664D
:10928000692E168AE8666F4C1203E8666FCDE0041B
:109290001158E8666F4EE0091540E8666FCFE002AE
:1092A0001482E8666E81E0D2143CE8666982E08E42
:1092B0001370E8666A0CE0021398E866698BE8664A
:1092C0004F66E8666F08E8854FC8E8666FACE02037
:1092D00017B2E8666989E866698AE8854F48E4005C
:1092E000C7053F1F8F0EE8666F1CE8854F48E400F6
:1092F000C7053F1F8F1EE8666F1DE8854F48E400D5
:10930000C7053F1F8F4EE8666F20E8854F48E40091
:10931000C7053F9E8FBFE8666F9FE020179AE885DC
:109320004F48E400C7063F1F8F1EE8666F24E8859C
:109330004F48E400C7063F1F8F3EE8666F25E8856B
:109340004F48E400C7063F9E8FDFE8666FA617BC54
:10935000E833712B1100E8256FD8E86669AAE002AE
:10936000DD47E8706912E00417C0E0D2177CE870AE
:109370006A85E0BB12F0E86D77FEE0091500E002B7
:1093800017A0E86E77033CE2E0D7173C3C65E86D38
:1093900077FFE86E7780E86E7704E86E7786E86E90
:1093A0007788E867737AE86E7102E86E7105E86E97
:1093B0007107E86772F9E002DCE9E00915003CE2B8
:1093C0003C66E002DCE313143D663CE2E06B145CB7
:1093D000E002DCDC3D67E00114FFE0691444E002D8
:1093E000DCD51528E00114FFE06B1470E002DCCE40
:1093F000151EE00B14C2E0DC1428E8D26938E00244
:10940000DCF7150AE00B14CCE0DC1446E002DCF0DB
:109410003C62E8DC6A4AEFFCD8031401EFFCD80098
:109420001402EFFCD7FD1403EFFCD7FAE00217ACEF
:10943000E86E778DE0001748E84777A9E7FD17E861
:10944000E86E770E1702E84777ABE0031790E86EF7
:10945000770FE0021705E84777AFE7FC17F0E86EF3
:109460007710E0041538E86E5711E84777B0E70A3F
:10947000CF12E80C4FADE86E77113CE2E88E6FE456
:10948000E00017E4E0141720E84777B3E0851450B4
:10949000E01117D4E8477728E84777B1E84773AA7F
:1094A000E88E6B65E88E69E8E88E69E9E002DC6EBB
:1094B000E0031524E00114FFE086144CE002DC66B2
:1094C000E001150CE00114FFE0811454E002DC5EC1
:1094D000E001150CE00114FFE083146CE002DC569F
:1094E000E001150CE00114FFE0821460E002DC4EA4
:1094F000E08417F8E08516343F64E0FF16FFAF0FF5
:10950000C786E040AF5FE040B6AFE040B69F3E7F29
:1095100001F7150A1480E062144CE002DC37150AEA
:109520001480E0621456E002DC31150A1480E06217
:109530001474E002DC2B150A1480E062147EE00251
:10954000DC25150A1480E0621460E002DC1F150AB5
:109550001480E062146AE002DC19150A1480E063EA
:109560001408E002DC13E001150CE00114FFE063D5
:109570001414E002DC0B15141480E0851434E002AE
:10958000DC051180E83271F0E0DC1228E83271ED80
:10959000E83271EEE86569DEEFFEDA7F1401DDD8AE
:1095A000E04A17ECE84A4D6CE00D14B03DEF3E6325
:1095B00010813C63E8854EC8E1808F19E400C68ABB
:1095C000396C3E94E0018E8DAF6B3EFEC601E062C9
:1095D00039AA3EFE8F393EE1AF7BE201C67FE885C6
:1095E0004F48E06D39A3E8854F48E200CE03B44B05
:1095F0003D62B45B39EDE8854F48C59601DC2683B2
:10960000E84A696CE84A4F6CE200CF020584170013
:10961000E84A6F6C1680E84A4E6CE07815A2E009C3
:109620003622E000147EE025155AE0C410F03F6DAC
:10963000E201C77F3E7EE00001D5E001B5AFE00169
:10964000B2BFE001B0CFE001B2DFC681E200CE835D
:10965000C79601EEE84A4FEC1100E84A6FD9E0DC0A
:10966000127411B63D631480E0083A12E002DB8EFA
:10967000E0DD142A3C123D631480E002DB87E00148
:10968000C112E206C96C01EF1524E00114FFE049A4
:10969000147EE002DB7B1524E00114FFE049145A3C
:1096A000E002DB741788E84A6F861780E8496FE2AA
:1096B0001709E8496FE3E00517CFE83277D7E00CE8
:1096C00017BFE83277D6E8D24FC0E84A6F07C7FF26
:1096D000E84B6FB6E8D24FC1C7FFE84B6FB50BE15F
:1096E000E00E3C9D3F188F0EE001B5AFE412C700BD
:1096F000E0033F1AE009C7003F1AE001B1BFE001F3
:10970000B74FE001B1DFE7FF00A208B1C07EEFFE76
:10971000DE443C60C402EFFCD6F8E869579DE6AE33
:10972000CFFF2788E869579D1700E701CF9EE869BA
:10973000779DE869579DE6AFCFFF27981401DA8F30
:10974000E869579D1700E700CF9EE869779DEFFE17
:10975000D9A4EFFED86B1401DCFB1787E8DC6F930C
:10976000E8DC6F941782E8256FC45401EFFCD6B88B
:10977000E8854F48E8DC4F9437DEE6AFCFFF2F890E
:10978000E8854F48E8DC4F9337DEE6AFCFFF27820E
:10979000DA7CC00208E108B7E8854948D91F247F70
:1097A000E88A4A7CE08A17EAE00E3F94E00789AE37
:1097B0008ECE26BB8ECEC6FFE8666EA78F4EE20029
:1097C000CF01E00001F73F94E8D26F381700AF4FA8
:1097D000E001892F3C62E862694BEFFED92C3CE244
:1097E000E000246B3C63E002D9A43F64C703E00FB0
:1097F0003721E04D17323F1F3FE4E401C792E0DC20
:1098000016D03F9DE009978FB78E3F62E400C70AEC
:10981000E0DC17A83F9EE0018F8FE84A6FDAE88A04
:109820004FFCC781E88A6FFCE8D24FB8E200CF81D5
:109830000107E8254FCDE200CF83E00001F1E867A2
:1098400054783CE2D860E8254FCDE200CF83E000B9
:1098500001C3E8664A0D3C62EFFED8EDE200CA01A2
:109860000118E8664F85E200CF81242C05AFE200A5
:10987000C98102B3E8254FC5E000177A3F1FC781B1
:10988000E201C7FFE200CF838A0E029AE8256FC586
:109890003C62EFFED8D0E0052416E200C981019FAA
:1098A000E82657DCE826575DE12F3FEEE005008F04
:1098B0001700E7FF008AE84A4C58E7FF0096178038
:1098C00000E60584E024398800E4E8664A05E024DF
:1098D000398400DF120100DD120000DB3FE3C783A3
:1098E000E00E37A1E04D17B23F9E978FE826575AFA
:1098F0003FFE0583E82677DA2212E002D9353C6282
:10990000E8D269B9EFFED8973CE2E00024763C63E8
:10991000EFFED834E86669A8E862694AE88A4FFC35
:10992000E88A4F7D3F7FE00102D9DEF0E84A4FEF41
:10993000E8854B48E04A126C27A0E84A4AEDC2810C
:10994000E201C2FFE200CA8205821280E84A4FECBF
:109950003FF50190E84A4FEE3C66C781E84A6FEE5A
:10996000EFFED8692C07E84A4FD8E0283F88E84A3C
:109970006C583CE53C66DB63E84A4AEF3C66EFFE28
:10998000D85A2A882C07E84A4FD8E0283F88E84A66
:109990006C583C66EFFED84F3BE8E0002C4FE84A9D
:1099A0004FECE810572EE400C79692EEE84A4B5869
:1099B0003F94E0018D3F94CFE6AFCAF5E0022B2A39
:1099C00022A5E8DC4FB3E8DC4B323C653B1FE8DC0A
:1099D0004FBA3B1F3C96E001DD1BE84A4FECE40028
:1099E000C7963A1F94C4E0018D343C963C6500A3B1
:1099F0001700E00300F7E84A4C58EFFED7BFE84AEB
:109A00004FD8E8666FA8E7FF0089E8DC4FA9E8DCDB
:109A10004AA83A9FE8DC4FB03A9F3C95E001DCF859
:109A2000E84A4FEC3C66E400C7963A1F94C4E00154
:109A30008D343C95E001DD06E8254FCDE200CF8175
:109A40000182D956E8854FC8E0002FC81401D90714
:109A5000E81057AE926FE6AFCA742A3FE002970F44
:109A60001281E70ECF15E002B70F1602E002970F42
:109A7000E0001464E70FCF15E002B70FE7F8170016
:109A8000E00196EEE706CEACE001B6EEE00196EE20
:109A9000E708CEACE001B6EEE002970FE704CF1482
:109AA000E002B70FEFFED8ABEFFCD8A6E81057AE38
:109AB0003CE5E001976F3C65E704CF15E001B76F27
:109AC000E001DDCCEFFCD877E81057AEE001976FEE
:109AD000E704CF14E001B76FE8254FC6C781E20164
:109AE000C7FFE201CFC8E00102B0E8256FC6E86613
:109AF0004FE62F87E8254FC6E200CF84E00005F04F
:109B0000E8DC4F92E00027ECE86F4FEDE200CF81F8
:109B1000E0000166E86F4FEFE200CF83E0000160F4
:109B2000E8854A46E0002A5C3C62EFFED784E128E3
:109B30003C043C73E00001D4E00417D8E81277E558
:109B4000E84A4FEFE82652DA2FBDE8254FC8E8254E
:109B50004F49C781C701E201C7FFE201C77FE200A9
:109B6000CF93E8256F49E00002F3E8256FC8E207CC
:109B7000CA84E8254EC8E04A17C43F9DE00005ECC2
:109B80001682AE8FE04A1658E04A16C41780E1806C
:109B90008D9D3E7D3F9B01FCE200CF87E00005E507
:109BA0001780E8256FC91514E84A4FF01480CF815B
:109BB000E84A6FF0E04A14441781E84A6FEFE00288
:109BC000D8E5E84A4F6FE04A136CE200CF013FE668
:109BD000E0000157E200CF02E0010107C183E00F7E
:109BE00031A1E04D11B2399F9783E20FCFD0E00150
:109BF00005E3E8854FB5278CE8254FCCE200CF82FE
:109C000002871700E8D26F38C781E8256FCC0BE1D7
:109C1000228E3C65E001DBFCE84A4FECE400C7968D
:109C20003A1FE0018D3494C4E7FD00E2E001DBF06F
:109C3000E84A4FEC3C67E400C7963A1FE0018D34D8
:109C400094C4E7FD00F917C8E7FE00D1E8256A488B
:109C5000E7FF008FE204CAD805841681E7FF00936E
:109C60001680E7FF0090E200CF1FE7FF05B917A0BD
:109C7000E8256FC91780E84A6FF0E7FF00A417FFD7
:109C8000E84A4A6C1700E84A6FF13C621780E84ADC
:109C90006A6DE84A6F6EE82577BDE82577BEE84A29
:109CA0006FF8E82577C8E82577C9E84B6F0EE825F7
:109CB00077D3E82577D4E84B6F24EFFED6BC2C0F82
:109CC0003FE4E400C796E84A6C583B1FE00D17B02C
:109CD0003A1FE0018CB68C04EFFED6B71782E84A33
:109CE0006FEFE7FE00FDE84A4F6D3EEEE400C696DA
:109CF000E00B3B1D967B3E15E2FFCE7EE00002D3DB
:109D00003E9FB67BE001960D3E750383E001B28D68
:109D1000E200CF01E00002CBC701E84A6F6DE84ADC
:109D20004F6EE200CF01E7FE05DBE82556BDE3FFFD
:109D3000CEFF013FE825573EE82556483EFC058505
:109D4000E82557493EEC1201E82556533EFC0584B0
:109D5000E82557541202E84A4EEC3EF40120E40094
:109D6000C6963F9DE001978F3FFE05991401EFFFD6
:109D7000D777E84A4FECE200CF82028C3CE43C62A9
:109D8000D95E17801701E84A6FD8E84A6A6CE8255F
:109D90006F47EFFFD7AE1780E84A6FF01780E7FFF5
:109DA00000A0E0FF167FE7FF00AD1700E7FF00B758
:109DB000170000C3E206CF9FE7FE02AB1780E7FE65
:109DC00000A6E7FB298DE82657DCE82677DAE826A7
:109DD00057DAE204CFD8E86E5791E7FC058B1701FC
:109DE000E705CF9EE86E7791E7FB008808B7C0745F
:109DF0007403DC8CE8DC4F93E00327E1E7F8118083
:109E0000E8854948EFFCD3003A68E0032C25E8DCFC
:109E10004F9337D2E6AFCFFFE00327D1E200C9026C
:109E20000108E8DC4F14178137B23FCEE8DC6F94AD
:109E30001401EFFFD715E8DC4F1316803752E84ABC
:109E40004DD9E83C7690E6AFCF7EE04A17EC16019C
:109E50003DF4E003018BE002AEAFE002AEBFC20111
:109E6000E201C27FE200CA03C79601F33B6217809A
:109E7000E400C30AE84A6FFEE0DC16A8E84B6F94E2
:109E80001601E84B6FAA178077843BED77857786BC
:109E9000E00F3E968ACFE81057AEE005972FE70611
:109EA000CF1CE005B72FE0401720E005B74FE005D5
:109EB000976FE70ECF25E005B76FE005972FE70016
:109EC000CF1CE005B72FE0031774C77FE3FFCF7FF8
:109ED000E00201D43D603CE0C508C48A3C65E00175
:109EE000DACB4D0854853C65E001DAACE81057AE9A
:109EF000976FE869569DE6A5CF7EE705CE9EE86997
:109F0000769DE00E3B968EAEE005962F3F6DE6AC5B
:109F1000CE7CE40BC75CE400C6B8E003263F3F2DCF
:109F2000E005B74F1681E005972F1206E70CCF3DED
:109F3000E005B72FE005972FE708CF34E005B72FEE
:109F4000E005972FE701CF1DE005B72F1780E83216
:109F500077FDE01317C4E83277FCEFFFD6CA14018F
:109F6000EFFFD67EE810572E97EEE6AFCFFFE0006A
:109F70002FC1E002968E1481E70ECE99E002B68ED4
:109F80001602E002968EE0001464E70FCE99E0021C
:109F9000B68EE00196E3E706CEACE001B6E3E00161
:109FA00096E3E708CEACE001B6E3E002968EE70464
:109FB000CE9FE002B68E77817482EFFED620EFFC52
:109FC000D61BE810572E5482E00196EE3C69E70458
:109FD000CE99E001B6EEE001DB41EFFCD5ECE810F4
:109FE000572E5781E00196EEE704CE9FE001B6EED2
:109FF000EFFCD20A2C06C27FE201C27FE7FF2A28CB
:10A00000E81057AE1201E005972F1680E706CF142F
:10A01000E005B72FE005972FE701CF1DE005B72F2B
:10A02000EFFCD1F23FE8E0012C0D3C627781EFFDBF
:10A03000D16AE200C9025781E0010104E83277FDEC
:10A04000E01317C4E83277FCEFFFD6533C64EFFF10
:10A05000D607E810572E97EEE6AFCFFF2FBEE002EF
:10A06000968E1602E70ECE94E002B68EE0001464DF
:10A07000E002968EE70FCE94E002B68EE00196E302
:10A08000E706CEACE001B6E3E00196E3E708CEAC2C
:10A09000E001B6E3E002968EE704CE9FE002B68EC2
:10A0A0007781EFFED5ACEFFCD5A7E810572E3CE446
:10A0B000E00196EE3C64E704CE94E001B6EEE001E8
:10A0C000DACDEFFCD578E810572E5781E00196EEF7
:10A0D000E704CE9FE001B6EE3B178F26E00D31225C
:10A0E000E04A17DC3F9DE00B165CE08C3F5C8B8FF9
:10A0F0003C6C3CED3D677702E002D6655702E0001C
:10A1000017F0E08E3F5F3B693D673C6E3CEFE0023D
:10A11000D65AE00D34C1E0781622E86D527EE00B8D
:10A120003B2DE0A015703E963F6C143FE00F3F2C96
:10A130003A7FE00102B63C62EFFFD708EFFCD16442
:10A140003C62EFFED47824214D0954863C65E00141
:10A15000D979009B1780E83277FDE01317C4E83205
:10A1600077FCDAD4E7FC00CEE7FC277BE002AE2FD9
:10A17000E002AE3FE7FC00F5E00596AFE6A9CEFDB4
:10A18000E7FD26A5E7FD2F28EFFCD13E3A682C63BA
:10A190001781E00237B2E8DC4F93E3023FD2E8DCFC
:10A1A0006913EFFCD2C0E8854FC8E200CF820103FB
:10A1B000E8256A461700E8127737E8DC4F94E0029A
:10A1C00027E1E8254FC4E200CF8201841780E8250B
:10A1D0006FC4E8854948EFFCD1173B68E0002C5478
:10A1E000E8DC4F143752E6AFCF7EE002274B140174
:10A1F000EFFFD536E8DC4E13E8DC4D94365235D20D
:10A20000E04A11ECE84A4D59E6AFCE7CE6AFCDFB13
:10A210003EE33F663CE63D7EE00001E6E002ACBD89
:10A22000C701E201C77FE200CF03C69601F5E04A0D
:10A2300013EC3A661281E0028EB726973C65EFFF79
:10A24000D50F3CE43C62EFFFD6FB1700E200C902E9
:10A25000E84A6F58E00001D3E0019457E00194C749
:10A260003D623B65E001DFC6EFFCD0CE3EE8E0009A
:10A27000244A2309E84A4CEC3C62EFFFD6E1178000
:10A28000E84A6FD81780E83277FDE01317C4E83248
:10A2900077FCDA3CE7FF009F3F1DE7FC00C3E1804D
:10A2A000979A3FFB0391E00F3DAFE12F3FB9888EB6
:10A2B000C781E201C7FF3FF10284E00F38AFAF8EE4
:10A2C000C701E7FE00B53FFD05FC3FADE12F3FB9FB
:10A2D000888EC781E201C7FFE0063C2F38F6027185
:10A2E0003F9100EE26041781E002AFBDE7FF259AFB
:10A2F0001781E002AFBDE7FF0095E0019437E7FF6B
:10A3000000AFC201E201C27FE200CA03C396E7FFC9
:10A310000194230AE84A4CEC3C627682EFFFD69027
:10A320005682E84A6ED83C62E84A4CD91200EFFFE8
:10A33000D6873CE21400E84A6A58E002D3FAE8679C
:10A3400054793D62E0C414F0E001DF54E7FF241CBF
:10A35000E84A4CEC17813C62E8256FC4EFFFD670E9
:10A36000E84A6A58EFFCD050E7FF2C0E5703E00094
:10A370002751EFFFD4BEE81057AE97EFE6AFCFFFFF
:10A380002F841401EFFFD46CE81057AE926FE6AF44
:10A39000CA742A3FE002970F1281E70ECF15E00240
:10A3A000B70F1602E002970FE0001464E70FCF1515
:10A3B000E002B70FE7F81700E00196EEE706CEAC33
:10A3C000E001B6EEE00196EEE708CEACE001B6EEB5
:10A3D000E002970FE704CF14E002B70FEFFED40FAF
:10A3E000EFFCD40AE81057AE3CE5E001976F3C65FE
:10A3F000E704CF15E001B76FE001D930EFFCD3DB04
:10A40000E81057AEE001976FE704CF14E001B76F93
:10A41000E04B12AE12011300E0028FB32796E20068
:10A42000C90201B1E00194D33C693DE4E0BB157081
:10A43000EFFED283E00194C33DE4E0C415703C69B3
:10A44000EFFED27BE002AB33C19639F501E6140092
:10A45000EFFFD67F1781E00237B2E8DC4F94E302CA
:10A460003FD2E8854FC8E8DC6914E200CF820104DE
:10A470001780E8256FC61780E81277B7EFFCD15335
:10A48000C00C0BE1E00194B300D008B7E81057AE60
:10A4900097EFE6AFCFFFE0002FCCE86F4FD1E0079A
:10A4A0001268E0243A3FE201C27FE86F496DE200A2
:10A4B000C901E002018C39E81400DC991780E82416
:10A4C0006FED3C6217851100E82569C2E001134871
:10A4D000E8256FC6E7F81280EFFFD3C2E8127120BB
:10A4E00039740120E869579DE6AFCFFF2F9BE869DB
:10A4F000579DE6AECFFF2F96E8244FC2E200CF81F2
:10A500000111E86F4FEFE200CF81018CE81057AEE8
:10A5100091EFE6AFC9F32986E86F4BEDE200CB81FE
:10A52000010A1504148114000BA1E7E900E9123CAB
:10A53000E7FF00BDEFFCD335EFFCD0F5E83271FD4D
:10A54000E832737CE0012944147FE001D7F515045B
:10A550003CE23C67EFFFD4D4E869579D1700E70859
:10A56000CF9EE869779DEFFFD3C4EFFFD2C11401FE
:10A57000EFFFD376E81057AE91EFE6AFC9F329BDF0
:10A58000E002970F1381E70ECF17E002B70F168294
:10A59000E002970FE0001464E70FCF17E002B70F57
:10A5A000E0019765E706CF2DE001B765E00197650B
:10A5B000E708CF2DE001B765E002970FE704CF135E
:10A5C000E002B70FEFFED31BEFFCD316E81057AE37
:10A5D0003CE7E001976F3C67E704CF17E001B76FF6
:10A5E000E001D83CEFFCD2E7E81057AEE001976FEE
:10A5F000E704CF13E001B76FEFFCD2D3E000217383
:10A60000E869579DE6A7CFFFE00027ED1504148108
:10A610001400EFFFD475EFFCD05FEFFFD337EFFFEF
:10A62000D368E81057AE97EFE6AFCFFF2F84140141
:10A63000EFFFD316E81057AE916FE6AFC972293F0E
:10A64000E002970F1181E70ECF13E002B70F160259
:10A65000E002970FE0001464E70FCF13E002B70F9A
:10A66000E7F81700E00196EEE706CEACE001B6EEA3
:10A67000E00196EEE708CEACE001B6EEE002970FFF
:10A68000E704CF12E002B70FEFFED2B9EFFCD2B46D
:10A69000E81057AE3CE3E001976F3C63E704CF134B
:10A6A000E001B76FE001D7DAEFFCD285E81057AED2
:10A6B000E001976FE704CF12E001B76F1700E86978
:10A6C000579DE708CF9EE869779D0BE1E8DC4C3E9B
:10A6D000E400C44BE001D73015043CE73C67E7FEDB
:10A6E00000BBE81057AE97EFE6AFCFFF2F88EFFF24
:10A6F000D20BC101E201C17FE7FD00F4EFFFD16F92
:10A700002C79EFFFD1F500F608B5E1FFC01C3960E8
:10A71000C1043C62E00015601480C402E002D3363C
:10A72000E0051706E002B702E76417C6E8475729B5
:10A730007782E687CF7EE002B712E0011720E002C1
:10A74000B722E0721739E70A1782E002B732E02A2F
:10A7500017157784E0001562E86957B8E002B74240
:10A76000E02A1700E002B7523CE2E8DC4F3E778572
:10A77000E08617817789E400C74BE0411781778A2B
:10A78000E00617B0778BE0101785E003B732E701DA
:10A790001700778C1784E004B742E08A1408E004BD
:10A7A000B752E0011700778D39E2778FC18EE0054F
:10A7B000B7D21785E005B722E0081700E005B7F229
:10A7C000E005B742E002D3141403EFFFD3801780F3
:10A7D0006F834F83E200CF83E00005F2E76417C682
:10A7E0007782E70A178077833960E86957B9C1042F
:10A7F0007784E00117807786E004178011801705C1
:10A80000E00816807787151E17843CE2E081142249
:10A810003A627185C20C7708718B768C718E770FD6
:10A8200071907789778A778DE002D2E269824F82D0
:10A83000E200CF83E00205BE1531E08A1488141EC1
:10A84000E001D760E84054D1141EE001D778E84019
:10A8500054D21420E001D773E84054D31421E0010E
:10A86000D76EE84054D41422E001D769E84054D5AB
:10A870001426E001D764E84054D61427E001D75FDE
:10A88000E84054D71428E001D75AE84054D8142996
:10A89000E001D755E84054D9142BE001D750E840E7
:10A8A00054DA142CE001D74B1505E08114B6E00012
:10A8B000144AE000C0640AA1E02E00F3E000155441
:10A8C00014803C63E002D2624E834F034E03178430
:10A8D000E400C70AE400C60AE400C68AB782E0DCE6
:10A8E00017A83F1F3E1F3E9FE0018E0C8F0E8EBDAE
:10A8F0003F1C36AB3F1DB7124F034E83E00C37228F
:10A90000E400C68AE04A175C3F1C8F0E3E9F8E9D76
:10A91000372C3F1DB722E0861721B732E70E1765A7
:10A92000B7424F03E400C70A3F1FE0018F1E3724E0
:10A93000C709B7524F034E83E400C70A4D833F1F38
:10A940008F2E4E03C701B762E400C6851701E400ED
:10A95000C585E001B702E400C605E02017323E9E3F
:10A960003D9E8EAD8D8B3E1E8E1C35AC36AE3E9B15
:10A97000362A3E9CE001B6924E834E03E400C68523
:10A98000E400C6053E9E3F1C8EBD8F4E36AC372A76
:10A990003F1D4E83E001B722E400C686E020171A6F
:10A9A0003E9E968DE001B6B24E83E400C6863E9E82
:10A9B000969DE001B6C24E83E400C6863F1D972EE9
:10A9C0004E83E001B7521702E001B762E001B772AF
:10A9D0004F034E034D834D83E200CD820113E4000B
:10A9E000C68AE400C70A3E9F3F1F8E8D8F1E3F1D03
:10A9F0003EECE400C68A3E9FE0018E8D3F1DE002E2
:10AA0000B702E0441705E002B7121706E002B722CA
:10AA1000E0201712E002B7321712E002B742E08CD2
:10AA20001230E002B7521708E002B7621701E002E5
:10AA3000B772E018171AE003B702153C4F034E83B4
:10AA4000E400C70AE400C68A3F1F3E9F4E038E9D66
:10AA50008F0E3CE23F1D3EECE400C68A3F9DE001C4
:10AA60008F8F3F9E37A1E080C780E003B7924F836E
:10AA70004C03E7BE17803C3AE003B7B23C14E01445
:10AA800017AEE003B7C2E003B7D2E002D1B14C0386
:10AA90004C83E401C44DE400C4BC151E3C94E001A9
:10AAA000C400E001D62F4F83C7816F83E7FD009379
:10AAB000150C14803C64E002D169E08617A1B782CE
:10AAC000E70E17E5B792170A4F82E08E12A03F3FBC
:10AAD000E0DC17A83F9EE0018F9F4F0237A4C78993
:10AAE000E400C706B7A2E020179A3F1F970E150C87
:10AAF000B7323CE24F02E400C7063F1F971EB74241
:10AB00004F024C02E400C7063C3A3F9E97AF3C150B
:10AB1000B7D2E002D16D49824C82E401C1CD150368
:10AB2000E400C48C3C6AE001C1803C953C13E00128
:10AB3000D6384C823C63E400C48C1503C4863C9533
:10AB4000C40BE001D62E4F82C7816F82E7FC00F173
:10AB500008B31400EFFFD1BBE0D2113CE00111803B
:10AB6000E00295623C63E0D214FCE001D5CBE00248
:10AB700094E2E0029572C4A034A13C633C92E001EF
:10AB8000D610140309A1E7E300A208B4E1FFC0381E
:10AB90003960C102E000154814803C62E002D0F642
:10ABA0001403EFFFD194E86D56FFE86E560336A10B
:10ABB0003E9C15813E7D01AFE86E5680E86E5604DE
:10ABC00036A13E9C15813E7D01B23CE0C482E0028C
:10ABD0009719E00497B9E7F716FF3F5D3FDDE00105
:10ABE000119E39691212E002B719E004B7B93C634B
:10ABF0003D643CE2E001D5863CE03C633D64C4A694
:10AC0000E001D5CFE001C1CDE207C9D201F1E000FA
:10AC1000C0480A61E180971CE00F374437A13F929A
:10AC2000950FE00E35BE3F4AB70F00C5E180971C77
:10AC30003D60E00F3744C792C50237A13F9A950F98
:10AC4000E00E35BE3F4AB70FE7FF00BF08B7E1FD92
:10AC5000C070EFFED134EFFFD2B7DD57DF7ADF9659
:10AC6000E80248801101E82568CD1787E86F696F11
:10AC70001280E86F4A6FE8DC6F931680E8DC6F940F
:10AC8000E7FF1790E8256A4D1402E8676FFAE86855
:10AC90006FD4E81057A7E8656AFCE002972FE70732
:10ACA000CF1DE002B72FEFFED363E81057A7168140
:10ACB000E002972FE707CF1DE002B72FEFFADBC5C1
:10ACC000E0CD17F037C1779AE0CE17F037C13E607C
:10ACD000E001C6083EE07794E0CE17B0E000C6CCB5
:10ACE000760837C136417693761B779C1380E86FE0
:10ACF0004FEFE200CF8101FCE8234FFAE00027DAB2
:10AD0000E8704FB6E200CF81E00001D4E8DC6F923A
:10AD1000EFFEDFEF1780E001150CE00114FFE06D9E
:10AD2000142EE8236FFAE002D031150A3CE7E06CFC
:10AD30001418E002D02B1080E81057A7E86668E8E6
:10AD40001681E002972F1530E707CF1DE002B72FDD
:10AD50003CE7E86568E2E0211420E86568EEE0027F
:10AD6000D01515303CE7E020146EE002D00FE00271
:10AD7000112CE00311B3E8254FCDE200CF81E02490
:10AD8000019CEFFADB45EFFBDF0CE8704F982F8C4E
:10AD9000E0141400E001D9CDE201CC1C013FE86FC2
:10ADA0004FF8E00027C61280E8236AF9E00000EDC2
:10ADB0001700E86F6F6D1101E8856948E8DC6912DA
:10ADC000EFFDDE6BEFFDDD32E01B17AC15121480DA
:10ADD000E04D1432E83277FCE83273FDE001DFD653
:10ADE0001401EFFFD1B6E00215221480E04F1434B5
:10ADF000E001DFCC1787E8DC6F93E8DC6F94E00DAF
:10AE000017FCE87177E1E01617FCE8206969E87142
:10AE100077E0E81273B7E7FE00FFE01C1400E001E2
:10AE2000D988E201CC00E7FF01BCE7FF00BEE823C0
:10AE30004FF9E200CFE30284C781E8236FF9E823EA
:10AE40004FF9E200CFE401841200E8236A79E82395
:10AE50004FF9E200CF830198E81057A71402E002EF
:10AE6000972FE703CF17E002B72FEFFED281E8104C
:10AE700057A71681E002972FE703CF1DE002B72FF7
:10AE80001784E8236FF9EFFBDC4EE84A4FC02795A3
:10AE9000E86F4FC8E86F4F4937A53725E847772A4D
:10AEA0001400E86F4F4DE84A6C403725E84777A912
:10AEB000E8477731E81077B5E81057B52F83E810E9
:10AEC0007135E8854FB4E0052FD5E84771A9140125
:10AED000EFFFD78EE00117C8E83277FCE83273FD48
:10AEE000EFFFD45BE86F4FED2F87E86F4FF82782B5
:10AEF0001781E8856FC6EFFBDE3C7409E7FE2C3D49
:10AF0000E86754FAE0971470EFFDDCFBE8D24DC21D
:10AF1000541315223CE7E8D24940E86751FA758B93
:10AF200031C1E8D24AC3E001DF31E8D24FC1561A3D
:10AF3000E0006FCB3C601781E0006FD8E000C44AAE
:10AF4000E080178071A8E0CE1270762A77ABE0001F
:10AF5000694AE001D6B35189E00E31213FE4E017A0
:10AF600016B8E7E816483973E005018A541315222C
:10AF70003CE7E867517AE001DF09E8D24FC1569417
:10AF8000E0006FCB3C60E8D24FC0571BE0006FCAB7
:10AF9000314117813CE7E000C44A76A9E0006FD850
:10AFA0007128772AE001D6513E60E04B16FEE00B97
:10AFB00031A1E001C608178039FFE00401EB54130A
:10AFC00015223CE7E867517AE001DEE0E8D24FC1A4
:10AFD0003141E0006FCB3C60E8D24FC07128148152
:10AFE000511CE0006FCAE000C44A5794712A77A947
:10AFF000E001D62BE0CE17301780520B3A7FE004E9
:10B0000001DBE0CE17B0E84B4DF8E84B4C7BE84B4A
:10B010004CFAE84B4D7938E0E00C32A1C098E001E1
:10B020000C1CE0CD17701680E002112CE00411D842
:10B03000E0031210E08E15F0560B3E7DE00401CBCC
:10B04000E86755FAE8D24F413FEBE004C7803E6E17
:10B050003EEEB38F3CEE3FEBE400C612E400C69434
:10B06000E5FFC4FAE004C7C0B38F3E1B3E9B372404
:10B07000978D3F1B951C3E99968D959E3D1F3D9D3E
:10B080003E9A1503948CE02D3EBA3F9B3E99B68CB8
:10B09000E02F3FBA968E3F9DB78E1781E8206FDF75
:10B0A000E86F4FECE200CF810189E8105727E002FA
:10B0B00096AEE707CE9FE002B6AEE88E4F692F3717
:10B0C000E8704F98E0052788E84A6F42E86F4FD351
:10B0D000279DE00317F4E84777A9E00317E0E84766
:10B0E00077AAE7FC17A0E84777ABE84757AFE4003B
:10B0F000C78A3783E84777AFE0413FCFE84777B06B
:10B10000178FE86F6FC8E86F6FC9E8704F8B278D96
:10B11000E84757A9E001C796E84777A9E84757AA43
:10B12000E001C796E84777AAE001DDC6E8854FC68B
:10B130002790EFFADAE33CE8E020146EEFFAD94802
:10B14000E0283C67E00117FFE0283C5FE810743618
:10B15000E8854FC6E8214F1E3F7F0103E8216F9E1F
:10B1600027A81781E8856FC5EFFADAC8E865496D49
:10B170003CE8E200C90E0289E8654FE23EE7E200E2
:10B18000CF80E06D39A83CEDE0211420EFFAD92002
:10B19000E0283C67E00117FFE0283C5FE200C90EB1
:10B1A000E83274740286E8654FE22F83E83277F460
:10B1B000E8204FCA2784C7FFE8206FCAE8854FC63A
:10B1C0002785E8204FCAE00527A2E810572E770B05
:10B1D00097EEE6AFCFFF27841780E8226FD0510BA0
:10B1E00097E2E6AFCFFF2F89E8224FD0E201CFC828
:10B1F0000284C781E8226FD0E8894E70E867557AEB
:10B20000E8D24CC12617E84755AAE08516D01700AA
:10B210003FED8C0F8F9FC682E0AF3C0937A13F9A6C
:10B22000978F3DFFE003047CC701E201C77F3E7EAC
:10B2300001F03F67E86E5791E8445179E84450FACD
:10B24000E70FCF9EE86E570EE00D3911E12E3E9EBE
:10B25000E8214A50E70ACF9EE02115D2E022170EDE
:10B26000E86E528DE86E779139EB3C6E1680720D68
:10B27000578D3EFFE00301D71401E08516D0118001
:10B2800039FCC682C702E00301E7E847532BE86EAA
:10B2900057913A66E400C206E709CF98E70ECF97C8
:10B2A000E200CA00E82169D0E86E7791E8894F7121
:10B2B000E84452FD0302C2033202270A3A75050828
:10B2C000E86E57911681E70ECF9DE86E7791E86E94
:10B2D00057913EEFE280C680268CC77FE200CF0107
:10B2E0000288E200C9810185E70ECF97E86E779169
:10B2F000E86D577EE86E57913742E70BCF973F7264
:10B30000E86E7791E00304BD3F71E00304BAE708FB
:10B31000CF97E86E77911781E86E5111E8DC6FA640
:10B32000E200C90003041080E8DC68A6E8854FB598
:10B3300027841400E8DC6C26E8D24F382F03E8DCC1
:10B340006F26E8854C487702EFFDDB755702240E27
:10B35000E86F4FEDE200CF810189E8244FEDE20074
:10B36000CFBA02841480E8DC6CA63FE2E280C7809A
:10B37000E0032F8EE8DC6FA42704E6A6CE727609E0
:10B38000EFFBD1A9E200CC01028356892E8417007D
:10B39000E8DC6F243A75E002027E3AF6E002047EB1
:10B3A000E00F334F3B1F3301E0253B15C2813FE2E5
:10B3B000E202C780E200CF80E84A4F701784E06F56
:10B3C00039253AEFE200CF00178138EFE0613925E7
:10B3D000E00E30BFE86E770FE8DC6FA02186E20058
:10B3E000C9000403E86E708FE86F4FEDE200CF8173
:10B3F0000187E86E578FE400C785E86E778F510BA1
:10B4000097E2E6AFCFFF2F8CE8224FD0E201CFC703
:10B410000287E86E578FE400C785E86E778FE8D221
:10B420004F39E8DC4EA4E200CF04028EE02217CAB6
:10B430003F9EE00426938F0FE8DC4E213E7EE00223
:10B4400005B0C701AF0FE200CE81E0040188E82219
:10B450004FCFE8DC4F2112803F7FE8DC6AA6E00393
:10B4600005FEC781E8DC6AA4E8226FCFE002009BFA
:10B47000E81057B5E84777A9E7FA00ABE00B3F9E25
:10B48000B68FC181E201C1FFB60BC782E7FA00EDBA
:10B49000E180971CC7813D6EC501B504E0413C8E3B
:10B4A000E00A3A1BE180B71DE201C7FFC202B48A7D
:10B4B000E7FB0084E180969EE2FFCEFF0106C78194
:10B4C000E201C7FFE7FB009B3FE0E001C788E7FB25
:10B4D000009C950EE200CD13020FE86F4E6FE20064
:10B4E000CE01018A5090C681E201C6FFC782C70221
:10B4F0003D91E7FB00A3E8664E66E00310F4E2002E
:10B50000CE02E005163CE00314743CE2E061392C05
:10B51000560CE06939283C64E06839232E1A560D30
:10B520002E18560E2E19560FE200CE003E62E06C29
:10B530003927E20FCD5005123E11B60EE8664E6671
:10B540002E02B20E960E950F3E7A0313B60F00959B
:10B55000E007160400EF3E6300EDE207CD68050347
:10B560003E1800ECE200CD00E7FF053E3E1900E684
:10B57000E0413E4C3D7C046B950FE200CD00E006BF
:10B58000350103193CEBC4FE16003AFCE7FF012C21
:10B59000E08090993B71050BE201C89FE00838AA52
:10B5A0000205E001109FE0283C51B409C601E20108
:10B5B000C67F00EC3C6BC47E16003AFCE7FF01142A
:10B5C000E08094983B7903033CAAB488C601E20169
:10B5D000C67F00F4E0031590E0021518E00214ACF9
:10B5E0001420EFFBD2BCE7FD17E8E84777AB17FF65
:10B5F000E84A6FC2EFFDD154E88E4FECE7FA2FE82E
:10B60000E84A4FC2E7FA2FE4E8854FB5E7FA2FE0A2
:10B61000E00317B3E84777A9E7FA00DA1701E7FC78
:10B62000008B3FE88A0F8F9FE1809313E0AF3A09C8
:10B63000C40237A13F9A978FE0063FA6E0413B2620
:10B640003B750286C681E201C6FFE7FC00933C67BA
:10B65000E7FC0095E0408A1DE0408AAD3FE4E0AFA2
:10B660003A89C18137A13F9A978FE201C1FFE180FA
:10B67000B79BE040AAAEE040AA1EE7FC0083E86E5C
:10B6800057911701E708CF9EE7FC00C51781E7FC3B
:10B6900000F31284E7FD008D1283E7FD008A12009B
:10B6A000AA0FE8DC4FA6E200CF81E00101DDE8202F
:10B6B0004F8CE8DC4F203F7FE00105D61480E8DCAA
:10B6C0006CA6C781E8664966E8206F8C290EE825DC
:10B6D0004FC6E200CF840289E001D631E844717898
:10B6E000E8DC6924E8DC6926E8DC4FA4278915003A
:10B6F0001787E8226D4FE81173A5E8DC6F94E8DC4A
:10B700004FA627843C67E001D550E8624FCA1580F8
:10B71000E200CF81E84B6DFCE00102E5E82657DA54
:10B72000E20FCFD0E00105A317A8E84B6FFBE84B71
:10B730004FFB2784C7FFE84B6FFBE84B4FFA27848A
:10B74000C7FFE84B6FFAE84B4FF92784C7FFE84B78
:10B750006FF9E84B4FF82784C7FFE84B6FF8E84BC9
:10B760004F7BE8854FB5E001271C1600E8206E49A5
:10B7700011042787150A1481E062144CE001DB06EE
:10B78000E86F4FD3E200CF81E00101A7E81157FE37
:10B79000E217CFB7E00102A11782E122396FE2017F
:10B7A000C17F150A3CE2E0621456E001DAEFEFFBDC
:10B7B000D9E07409E7F52C5DE88E4FE82F8DE86F2E
:10B7C0004FEFE200CF810186E8894C702403EFFA45
:10B7D000DE88EFFADF38E8894B70E84452FBE2007C
:10B7E000CB04E0010586E0023323E867547AE027C2
:10B7F0001508E00114C8EFFDD63AE811742CE027D3
:10B800001508E867547AE00014D0EFFDD6301180B7
:10B81000E8894F70E811742B3A633A7EE00001EC3E
:10B82000E811572CE81157A93F72E0020581E206A2
:10B83000CAA00504E200CB0102873F6631A1C77FA1
:10B8400039FEE000046D1781E8226FD4E00217ACE6
:10B85000E81177A9E00000E9AE8F1400E8226C4FF0
:10B86000E7FE00A11781E7FE00AFE209CFB0058631
:10B8700017BCE84B6FFAE7FE00DCE203CFF4058665
:10B8800017BCE84B6FF9E7FE00D4E203CF90E7FE68
:10B8900005D0E00017E4E84B6FF8E7FE00CAE84B7C
:10B8A0004EFAE7FE2EE4E84B4F792706E8206EC9F2
:10B8B0001103E7FE00E0E84B49782106E8206F49D4
:10B8C0001101E7FE00D82F841781E8206FC9150AFF
:10B8D0003CE7E7FE00D3E7FE2966150A3CE7E7FEF2
:10B8E00000E4E82573FCE82573FDE7FE00E2112380
:10B8F000E7FE00FD3C647702EFFDD7F3E00F342153
:10B900003AFF57020204E204CC570204C181E2016B
:10B91000C1FFC201E201C27FE7FF00811680E82279
:10B920006ED4E7FF2F95E23ECAC0E81157290504FF
:10B930001780E8896FF023342F0BE81157ACE20031
:10B94000CFBC05AEE81157ABE200CFD005A9E8D2D5
:10B950004FC2C7FFE201C7FF779FE8D24FC3C7FFBF
:10B96000E201C7FF77A0E000276BE84457FB17030D
:10B97000E02F3FBEE0061720E12E3FEE1080E88E5C
:10B9800068E9770F12805209720C39E5E201C1FFB4
:10B990003B73E00002DA560C2603EFFADE54E84B64
:10B9A0004FB8279DE84B4FB92F9AE84B4F3BE20029
:10B9B000CF010195E84B4FBAC7FFE201C7FFE84B43
:10B9C0006FBA2F8DE84B6F39E86F6F63E810572718
:10B9D000E00296AEE707CE9FE002B6AEE8894FF0F0
:10B9E000E0022F82EFFADE53EFFADE2D1680178683
:10B9F000E84E6EA4E885493FE8206FC8EFFADE6B99
:10BA000024041788E8206FC81680E00117FFE88932
:10BA100049F0E867527AE8D24AC1E0851350E0FF66
:10BA2000157F3DED3F6F3C6DE00200CD1700E82231
:10BA30006F54E7FE27FAC7FFE7FE008CE00311749E
:10BA4000710FE7FF00A13C63EFFADDEEE000246335
:10BA5000E00F32A1E08514503F98888FE12E38879F
:10BA6000E0002759551FE12E3D11E00027548C9F1F
:10BA70001782E12F3C9FE00027CE55A0E12F3D9992
:10BA8000E00027C9E8D24EC13FE9E0AF3E81E86758
:10BA9000567A37A13F9C978F570F778B3FFE760DD5
:10BAA000768E03B8E8D247C2E6A9CC09E8D2414372
:10BAB0003A613DE93E693C2977A13FE1C7FE168026
:10BAC000C202C5FEC602C40271223D6D7401E0438C
:10BAD0003F0F721039617597761877A452103F7432
:10BAE000051C35033684E00D3D2DE200CEDAE00082
:10BAF000026A540BE00A3C2AE200CD770505E20019
:10BB0000CEBCE00002603CE73C63EFFADCD5148178
:10BB1000748CC281E7FE00BBE200CF0003263DE249
:10BB2000C582E0433D8B57A13FFE02053DE2C58241
:10BB3000E0433D8B540E52173C3BE201C27F15801F
:10BB4000741972233A6B5623E201C27F57983E1450
:10BB5000E0433E0C3E7F050BC701C17FE0433F0E33
:10BB6000E201C17FE7FF00BC3DEE00DEE200CE0057
:10BB7000032157813FA4E0433F8F54223E780405C0
:10BB800057813FA4E0433F8F5219540D3F945224F4
:10BB900037A13A7E3F98978F010A54103F780107EA
:10BBA00052173A7C010454183E7801863E9FC581A5
:10BBB00000CA3FEC00E338FE01833CFC01793D1FE5
:10BBC00000F7E84457FB1703E02F3FBE550B3D7FBE
:10BBD000E7FF03213CE73C63EFFADC6E1581758CCF
:10BBE000E7FF0099EFFDD45E24291794E83277F03F
:10BBF0001781E84B4F38E8656FDCE8656FDA270B93
:10BC0000E84B4F392F08E84B4F3B2F05E84B6FBBF4
:10BC1000E84B6FBAE865495B2923E8654FDCE7FD2F
:10BC200027E5E8894FF03FF205973C623CE7C10108
:10BC3000EFFADC42E201C17F00F5EFFADD2800EB0C
:10BC40003C623CE7C101EFFADC37E201C17FE889E1
:10BC50004FF03FF202F6EFFADCF6E7FD00C7110005
:10BC600000F78E168C8638ECE0A13C85E12E3CDE98
:10BC7000E12B3CEB30A1E201C77FE201C5FFE12FE0
:10BC80003E5FE12D3E6D3894E00C3DAE9081E200C8
:10BC9000CE07E201C7FFE201C6FFE02A3D510207DD
:10BCA000E00C3EAFE200CE07C3020509E00317F443
:10BCB000E81177AEE81173ADE00000D4C401E201F1
:10BCC000C47F3C7301CF3FFD35211603E02A3D3C84
:10BCD000E00001F1E00027EC3E6FC67FE201C67F85
:10BCE000E8D24CC3C4FF3EF903053FEDC781E20132
:10BCF000C7FF3F7BE00001E6E000276138EEC0FFB0
:10BD0000E201C0FFE8D24EC2C6FF3DFD03053F6B16
:10BD1000C701E201C77F3EE715803E7FE00005EFE7
:10BD2000E8854FB5E200CF82E00005EDE81157AE9F
:10BD3000E207CFE70284C781E81177AEE003245A17
:10BD4000E400C58336A13DFDE0000572E81157AD62
:10BD5000E81173AEE203CFF30284C781E81177AD37
:10BD6000E200C981E00305C61403EFFBD764E001DC
:10BD70002106E200C9010588E8204F0DE8204FC8E0
:10BD80003F7FE00002FCE84D4F44E0002F78E88957
:10BD90004FF03FF2E00001E0E88A4E86E08517D0E0
:10BDA0003F7DE00001CE1401E00000E73E6FE7FFB9
:10BDB00000993E6F3FEDE7FF009E38EEE7FF00A4DD
:10BDC00038EE3F6BE7FF00A93EECE0AD3C8536A1C5
:10BDD0003E94968D3D7D0304C581E201C5FFC4817B
:10BDE000E201C4FF3CFEE00D3C96E201C6FF05ED1A
:10BDF000C601E201C67FE7FF00923CE1E0063EA1FA
:10BE000000F2E7FF011DE81157AEE200CF82058482
:10BE1000C7FEE81177AEE81157ADE203CFF3E7FFB5
:10BE2000028FC781E81177ADE7FF008AE81157AEAE
:10BE3000E207CFE7E7FE02C0C782E7FE00BBC78E7E
:10BE4000E00E8E4FE200CE100296C701E201C77FDE
:10BE5000E7FF00A8E84E4F25E00E3FAEC701397E50
:10BE6000E7FF0123E84D4EE6E8224F5E3FADC78174
:10BE70003F7F01841403EFFBD6DEE04D11481780AD
:10BE8000E8894E703EE23CEF3E7FE00101DFE8676B
:10BE9000577AE8D248C115001681E0851350770B18
:10BEA000708C3CFDE002039A3FFAE84E6D24E002FC
:10BEB000059A1785E84D6FC4E04D14E8E8896D7068
:10BEC000E08514503521E001D793E8894FF03C67B5
:10BED000E8226FDEEFFBD247E8206C0DEFFADBB310
:10BEE000EFFADBB1E86F4FD3E0022F8CEFFADBAB58
:10BEF000E8894AF03C60E00A32A1E08514D0E00015
:10BF0000C44AE001D775E8224FDFE86754FAE0221F
:10BF1000126037A13F94E8D24B41E84755A9748B92
:10BF20001100E007157F778CE00114FF560C3E747A
:10BF3000E00301BB3A6215FFE200CA09E00305FE17
:10BF40003CE03C60153CE001C486E000C44AE001EE
:10BF5000D74F1514E00114FFE0221460E001D7165A
:10BF6000E0032971E200C90AE822695FE004028A5D
:10BF7000E8896970E08516D0E8D24942E8D24FC31B
:10BF80003B623AEF710D1100E8894A70C2FEC37E30
:10BF9000778C39E23C62E201C47F3C74E00304F731
:10BFA000E8D24B38E200CB01E00401F6E200CA0A15
:10BFB00017861280E06F3AA7E0653DA61200778BE6
:10BFC0003964E8894F70E201C17F397EE0851650FF
:10BFD000E00403E0E00F3221E200CA813F9C8E8F33
:10BFE0008C9FE00501DC7702768374847605EFFA96
:10BFF000DB72E200CC015702568354845605E005FB
:10C0000002CEE8624FC52F85E84B4FB4E00327D935
:10C01000E200CE81E00505C4E8D24FC2C7FE3EFF74
:10C02000E005033EE200CC81E00505BAE8D24FC34B
:10C03000C7FE3CFFE0050334548B3DE23D623C69A2
:10C04000E001D4C7E004009EE1808F1DC781E12993
:10C050003CEEE201C4FFE201C7FFE7FE0097E1808A
:10C060008D943EFB01A2E00B36213D96C701889BD3
:10C07000E201C77F8C0BE200CF0155923AE1E06507
:10C0800039AB559172923AE8E06539AB72913DE176
:10C09000528CE0AB3C05528B35A13D95958B3DF321
:10C0A000050439EB74117092C6013DECE201C5FF45
:10C0B0003FFB02D6270DE00E3521E04D14685611E6
:10C0C00052123F18C501E201C57FAE0EAA1EC681FD
:10C0D000E201C6FFE7FD00E716003A623F6C39EC6B
:10C0E00000E5E84D4FC4E7FD27E9C7FFE7FD00E4A1
:10C0F000E00017E4E8206F8DE82269DEE7FD00F03C
:10C10000EFFADAE9E7FD2474E0FF11FF1100E085A2
:10C110001250E0011295E8894FF03FF2E7FD05E883
:10C12000E00F31213F948D0F2507E8D24FC0C7FFA4
:10C130003D7FE00001D6E00F3121E8D24CC13F94B1
:10C140008F1FE0083D39E867567AE00F3C1E37A1A3
:10C150003F9C978FE20ACF94E00002431780E00DE6
:10C160003F2FE0433E8D3E9836A13E9C968DE200E7
:10C17000CEE4050BC781E201C7FFE00D3F2FE0438E
:10C180003E8DE200CE80036CE0013F2F3DE1E201F5
:10C19000C5FFE00D3F9BE0433E8D3E9836A13E9C9F
:10C1A000968DE200CEE40509C781E201C7FF3D9FFD
:10C1B000E0433D8B3CFB026BC7FFE201C7FF2D153F
:10C1C0003F1937213E1E918C1704E12F3F9E27888F
:10C1D000E02F3AA327853CE73C62EFFAD96DC10115
:10C1E000E201C17FE7FF0099E8D24EC03DEDC5FFF7
:10C1F0003D7B01EBC6FEE0AE3E8937213F1C918EB0
:10C2000000E43C6D77027683748476057586750745
:10C21000EFFADA0A570256835484560555865507B5
:10C22000241A3FE0E0013721E000C7CA389F8C01A3
:10C23000E201CC7F011088918F943FA18884E04176
:10C240003FAFE00838A8E0413C283C1F3C7C03831A
:10C250003E6839EDC7013EEEE201C6FF3AFD02D26B
:10C26000E201C9FF011E38E031A1E000C0CA3991E6
:10C270008F138E833FEEE0AF3E86560B37A13F9C77
:10C28000978F3FFB040E38E0E00F3121E001C086BC
:10C290003F91147FC101E201C17FAC03AE8FAF1F9C
:10C2A000C202E7FC00C517003E6A39E900D53C6EC2
:10C2B0007702768376057586EFFAD9B657025683EC
:10C2C00056055586241938E0E00F3621E000C0CA33
:10C2D0003F918D0FE201CD7F010F8C9F540B3FE901
:10C2E000E0AF3D0637A13F98978F3FFD050539EE3A
:10C2F0003EEF751D749EC6013F6CE201C77F3AFE9A
:10C3000002D7E201C9FF01143CE03F60E00F312198
:10C31000E001C48631A1E000C74A561D569E3F99F0
:10C32000399EC101E201C17FAD83AE0FAE9FC20154
:10C33000E201C27FE7FC00821600E00111FF3EEC43
:10C3400000DCE00331213CE03D63E000C4CAE0854D
:10C350001450E001D54D3CE03D63E000C4CAE0224A
:10C360001460E001D545118012013C633CE4C181B9
:10C37000EFFAD8A2E201C1FF397301F8E7FB00F43C
:10C38000178AE8896FF0E7FB00F77683EFFAD94C5C
:10C3900056832413E00F31213F9D8F0F8F9FE200C2
:10C3A000CF81058B3FF50309E200CF0105863F767B
:10C3B0000304C181E201C1FFC101E7FB00EDE2001E
:10C3C000CF01E7FC01BB3FE4E400C78E3F9CE010D7
:10C3D0008FAFE200CF91E7FC02B1E200CE8105878A
:10C3E000E8D24FC2C7FE3EFFE7FC0428E8D24FC3A5
:10C3F000C7FE3CFFE7FC04223AEEE200CE81E001FA
:10C4000005ED570DC77EE02E3F1DC702E200CC812F
:10C41000E00105E7578CC7FEE02F3F99C7823DE753
:10C420003D623C6D77027787E000DF90E201CC7FD0
:10C4300057025787010317823F6FE88A4E86269B73
:10C44000E200CE81E8894E700116E200CE0201932F
:10C450003EE4E400C68EE08516503E9CE0108EADB2
:10C460001404E200CE951484E0683CAFE0693CAE71
:10C470003FE83F693DE23D623CEF3C6EE001D11890
:10C48000C201E200CA0AC101E201C17FE7FB019AD1
:10C49000E8896970E0061720E88949F0E00317F49D
:10C4A000E200C9821200E06F3CAEE844537B778B18
:10C4B00072173AE4E201C2FF39F5E001029B561718
:10C4C000E8704F98E88A6985E811734EE8856E3404
:10C4D0002F89E81057AE97EFE6AFCFFF2F83E8859F
:10C4E0006FB4EFFCD623EFFCDA8DE84F4FB4E04F8A
:10C4F0001634396FE00B3E1F1680E08111D4E885B9
:10C5000048B4E400C10AAEAB3D63718B1680C582AE
:10C510003EF1C50EE00201C1C781E201C7FFE200A2
:10C52000CF87E0020150E84F6FB4E04F1736E04F7D
:10C53000163D1780E1808D9E3E7EE12F3FEBE201AC
:10C54000C7FF01F9E83255D7E8325556E84F6FB5C5
:10C550001780C5DDC56AE08116543F6F3F7DE0025C
:10C5600001B7E8856FBFEFFAD32CE8854FB4E2003E
:10C57000CF810287E8234FF6E200CFCFE00205BD6E
:10C580001780E84B6FB4E8626FBEE8626FBDE86287
:10C590006FC5E8236FF6E00200C55289E200CF05BF
:10C5A000058D3C6DEFFADF212420E200C9810111E5
:10C5B000E200C98202981783008DE200CF03E7FEF4
:10C5C000059E3C6DEFFADF112410E200C98101F4F1
:10C5D00017853F6FE7FE00D01702E7FE009917822C
:10C5E000E7FE009F178200F63FE63F66E7FE00C4C5
:10C5F0003C65EFFDD176E0851550E00F3221E8D2A1
:10C600004EC23F9A8F0F8D1F3FEDC7FF3F7F0188BE
:10C61000E200C9810185E00215ACE84775A9E20096
:10C62000CD11058DE84A4FC22F8AE8854E35E8477F
:10C6300057A9E0002E59C7BCE84777A9E84757A992
:10C640003C7F0238E8854FB53FF3E00001CAE811AE
:10C6500057CE37813B7FE00005441400E0433E8D18
:10C660007409E6A9CF8A740A3C6AE8D24643E867AF
:10C6700050FAE8D24941768CC47F3EEE3FAA771843
:10C68000C6FFC701E0433C08760DE0433E8D708E47
:10C69000C501710F7790771F7420541F3EF805264F
:10C6A0005489E200CC800206019B550A558B3D7BE4
:10C6B00005973C65EFFAD7B82413150E57173FEAD4
:10C6C0003FB43F3AE08614CCE08114543C9F3C1EBA
:10C6D000E001D38E5117C101E201C17F7117C20180
:10C6E000E7FD00E9C794E7FF00A9E200CE80031F41
:10C6F0005618C601E0433E0C548C3CFD020556180A
:10C70000C601E0433E0C570F579055A0E201C7FF0A
:10C710003E3E77993DFA050D5718C681C77FE20165
:10C72000C77FE0433E8D7718E7FF00B93E6D00E517
:10C73000E200CD80032F5799C781E0433F8F508D92
:10C7400038FB02055799C781E0433F8F510E3F9C4C
:10C7500037A13F92978F3CE07796378F7795396076
:10C76000E0019419C12AC4929499911238EFE00F14
:10C770003C92E02E3C713C60E001B718C581E001BD
:10C78000B7A8E0433D8B5499C4FFE201C4FF7499FC
:10C7900000C23FEB00D58C8BE040927AE00E391955
:10C7A000E00837223C1CC703B2583722E040946AA5
:10C7B0003F1CC481C681E201C6FFAC8BB40EE7FD0D
:10C7C00000A91700E84F6F34E7FD00B1E00C0C0939
:10C7D000E200CC23058B3C7B0389E200CC960586E6
:10C7E0003CFA0384C781E201C7FFC701E201C77FAA
:10C7F000C60EE7FD00B5E8624F452707E200CF8788
:10C8000002841681E84B6EB4E8844EF8E0002EED09
:10C81000E84057EAE81177FAE84057EBE81177F972
:10C820001100150AE00114FFE060147EE8676978E2
:10C83000E001D2ACE07017B8E078172016FF1200C4
:10C84000E008AEAFE000C7E4E042AA0F3F7F01F886
:10C85000E8624FC52F92E84B4FB42F8FE8704F9886
:10C86000E8666A67E200CF810108E86F4FD4E20111
:10C87000CFFF0103EFFBD594EFFAD741E8854934A8
:10C88000E8854AB5E00029612283E885693B1514F3
:10C890003CE7E023141EE001D27915143CE7E023C5
:10C8A0001432E001D2733A60E001C206E001150CD7
:10C8B000E00114FF3C64E001D2693DE43D623CE7E5
:10C8C0001400EFFAD5B43DE4150A3CE2EFFAD5AF17
:10C8D000E08116543B68178E76093EE0E001C6867B
:10C8E0001700E00000E0E200CE820197E7FF271A80
:10C8F000E840576AE81157FA3FAEE0413FAFE81110
:10C9000077F8E840576BE81157F93FAEE0413FAF89
:10C91000E81177F7E7FF0086E200CE81E7FF0182AA
:10C92000270EE8115778E201CF480206E811577741
:10C93000E201CF480504C781E7FC00AD1080E82381
:10C9400068F6E7FE00EF2A8E3FE5E081165416FFF9
:10C950003F6FE002C71CC78E3F1CE201CF8CAE8E3A
:10C9600001F8E08117D41700008EE04096FFC70160
:10C9700036A4E040B6FFE201C77FE04096EF36A460
:10C98000E040B6EF397EC78E01F1E7FF008E560911
:10C99000C68E8DCCE0418E2D3DFC0113C701E20116
:10C9A000C77F3F7601F53C66E400C40E54893D6FB5
:10C9B0003C147787E001D21CC3015787E201C37F93
:10C9C0005689E0821760C68E3F7D7689E7FF018732
:10C9D0003CE0E001150CE001C486E083146CE0014A
:10C9E000D207E0012AFCE001150CE08114D4E083B9
:10C9F000146CE001D1FD15143CE7E023145AE0016A
:10CA0000D1C515143CE7E0231446E001D1BFE08115
:10CA100011D4E01197C3568937C4B783E01197D377
:10CA200037C4B7933FE3E002C79C8F8FAFC33FE3A8
:10CA3000E002C79D8F8FAFD33FE3E002C79E8F8F89
:10CA4000AFE33FE3E002C79F8F8FAFF33FE3E00226
:10CA5000C7A08F8FC18EE040AFE33EF301DBE885D6
:10CA60004934E8854F35E0022970E885693D27069D
:10CA70001781E8856FB9E885693CE001150CE08114
:10CA800014D4E0821460E001D1B3E0811254940424
:10CA9000C20EEFFAD77CE007B474E0409464EFFA7A
:10CAA000D72EE008B40439F401F3E200C90102858D
:10CAB000E86F4FD4E00227D21700E8626F44E862C3
:10CAC0006F45E8854946E200C90101AFEFF9DD3B5A
:10CAD0001780E8854E34E8236FF8261917803EEF5B
:10CAE0003F6F520BE0018D84E200CD890285C78142
:10CAF000E201C7FF3EE2528BC701E201C77FC28E4F
:10CB00003E7E728B01EF2683E8236FF8E8234FF80F
:10CB10002784178AE8236FF7E8234FF72784C7FF96
:10CB2000E8236FF7EFF9DE93E8704F982F8CEFFA58
:10CB3000D5D22C09E8854FB4E200CF85E0020292FD
:10CB4000EFFBDD95E8854FB42F87150A3CE7E06CD5
:10CB50001418E001D11BE8664FE6E200CF810183A3
:10CB6000EFFBDC3AEFFBDFCEE88A4F85E8664967EA
:10CB7000E88A6F861400E8854FB4E8254CC33F92DD
:10CB8000E8856FB5E82657DAE8856C38E82677DB64
:10CB9000E8244FC2E86F6CF32790E8204D0E17FF92
:10CBA000E86F6D6DE8206F8EE86F4FEDE8246C4202
:10CBB000E0012FF0EFFADD90E86F4FEDE200CF815A
:10CBC000E0030166E00104F0E200CF83E004014AE3
:10CBD0001681E86F6EEDE00100F6E8854F3BE7FE59
:10CBE0002F18E08116D4E0231632E023159EE023AF
:10CBF000155AE02314C63FEEE002C79C3F9D8F8F7D
:10CC0000E200CF8902973C6FE400C4063C1DE003BC
:10CC1000C4248C08E200CC01018D37A1E0083E1F3E
:10CC2000B388E0083D9FB388E0083D1F3F99B38873
:10CC3000B38FC70EE201CF0C01DFE400C10EE8475D
:10CC400057B1E8854A34E0023992E08112D4778EF8
:10CC5000720F711056103E75E7FD015B8EC5110015
:10CC60003FE2E400C78EE08114543F6FE002C71C2E
:10CC70003F188B0E3B7DE0050133C101E200C90A7C
:10CC800001F0E7FD00C6E0021480E00500D3B48C9B
:10CC9000E00500DDE201CC9CE00505F9E001149C13
:10CCA000E0060080E0011480E00500FCE200CDC059
:10CCB000018414A0E0060097E201CD80E006019413
:10CCC000E0018FDF2F92E5FFC476E400C483E1FF2B
:10CCD000C41C34C2E201C47EE00017D03C79048A4F
:10CCE000E1293CEFE0060080E00017E4E001147F5A
:10CCF00000F63CE8E00500F8E200CF82028FE00198
:10CD00001580E0011440E06B39A8E04A162CC7FFFB
:10CD10003B1CAF863FEBE00500FDE00015E000F6B0
:10CD2000E202CC80E00505F8E0021480E00500F79F
:10CD3000E00F3F2FE006008AE08112543914E00F23
:10CD40003EAFE00600981781E8856FBDE7FD2F171D
:10CD5000E8856FB8E7FD0093EFF9DE59E7FD00B312
:10CD6000150A3CE7E069143AE001D010E00215181A
:10CD7000E00114FFE0691444E001D008E06B17DC27
:10CD8000E06B1770E180B39F3F7F01FDE7FD00DCA2
:10CD9000E86F4FEDE200CF81E7FE0190EFFADCB0E3
:10CDA000E7FE008CE8854FB42F8BE8654FDAE20090
:10CDB000CF8101062905E86F4FF8E00127D0E8127E
:10CDC00073B7E81057AE97EFE6AFCFFFE0032FDC65
:10CDD000E86F4FEDE200CF810103EFFDDE95E81033
:10CDE000572E97EEE6AFCFFFE0032FD6E86F4951FD
:10CDF000E00711E8E86F4FD1E02239B2E02339BFF4
:10CE0000C17FE201C17FE201C1FFE86F4A6DE2002C
:10CE1000CA01019AE8254FC22F9797EE3C64E6AF0E
:10CE2000CFFFE00327BDEFFDDF1BE8854F48E0247F
:10CE300017F2E400C7143F9EB20FE8664C66EFFAA3
:10CE4000DE05EFFDDF56E8254FC22F8AE81057AE0A
:10CE500097EFE6AFCFFF2F843C62EFFEDB18E86F61
:10CE60004FEDE200CF810105E8244FC2E00027EF3B
:10CE7000E8254FC23FF2E00001D9E869579D110152
:10CE8000E707CF92E869779DEFFDDF00EFFDDF3127
:10CE9000E81057AE97EFE6AFCFFF2F843C62EFFD6F
:10CEA000DEDFE81057AE916FE6AFC972293EE002AF
:10CEB000970F1201E70ECF14E002B70F1602E0023F
:10CEC000970FE0001464E70FCF14E002B70FE7F804
:10CED0001700E00196EEE706CEACE001B6EEE00109
:10CEE00096EEE708CEACE001B6EEE002970FE7045D
:10CEF000CF12E002B70FEFFCDE82EFFADE7DE81022
:10CF000057AE3CE4E001976F3C64E704CF14E001C6
:10CF1000B76FD3A3EFFADE4FE81057AEE001976F7B
:10CF2000E704CF12E001B76FE8254FC2E8246FEDA8
:10CF3000C781E201C7FF3FF3E8256FC20384E824FD
:10CF40004FC227841700E8256F42EFFBDFD0E86F60
:10CF50004FEFE8256FCDE7DE008CE86F4FCEE6AFF0
:10CF6000CFFFE7FE27B0E81257B7E00716E8E86FF3
:10CF70004F4FE12F3FBD3FFEE7FE04A5E8854FC6BA
:10CF8000E7FE2FA1EFFADBBCE7FE009DE8854FB47A
:10CF90002F93E84457FBE202CFAC028EE86F4FCEEE
:10CFA000278BE8654FDAE200CF8101062905E86F9B
:10CFB0004FF8E7FE2788EFFADB8FEFFDDE67EFFD26
:10CFC000DE98E81057AE97EFE6AFCFFF2F8414013D
:10CFD000EFFDDE46E81057AE916FE6AFC972E7FD90
:10CFE0002972E002970F1181E70ECF13E002B70F0D
:10CFF0001602E002970FE0001464E70FCF13E0027F
:10D00000B70FE7F81700E00196EEE706CEACE001B7
:10D01000B6EEE00196EEE708CEACE001B6EEE00237
:10D02000970FE704CF12E002B70FEFFCDDE8EFFA4D
:10D03000DDE3E81057AE3CE3E001976F3C63E704A3
:10D04000CF13E001B76FD309EFFADDB5E81057AEA3
:10D05000E001976FE704CF12E001B76FE7FD00B37F
:10D06000E00117C81401E83273FDE83277FCE832BA
:10D070005178EFFDDDF5E8105727E00297AEE6AAFC
:10D08000CFFF27FCE81057AD1481972F3C69E704C8
:10D09000CF17B72FE7E61200972F1181E70ECF17B2
:10D0A000B72FE8E36BBDD2D9E81057AE1400E00209
:10D0B000970FE70ECF17E002B70FE002970FE70FC9
:10D0C000CF17E002B70FE7F81700E00196EEE7068A
:10D0D000CEA7E001B6EEE00196EEE708CEA7E001AC
:10D0E000B6EEE002970FE704CF17E002B70FEFFCB0
:10D0F000DDBEE81057AD1401972FE708CF17B72F03
:10D10000972FE709CF17B72FEFFDD132E00015DADF
:10D11000B5E41481E83273F81400E81273B5EFFA3D
:10D12000DA28E0011625B664E00114169784E706B4
:10D13000CF93B784E81057ADE8327178972FE7089E
:10D14000CF13B72F972FE709CF13B72FEFFCDD577A
:10D150003C63EFFCDD8CE01B17ACE86F69EFE83255
:10D1600077FC1787E8DC6F93E8DC6F94E83273FD97
:10D17000E82569CDEFFADAB0EFFDDD88EFFDDDB926
:10D18000E7FC00A1EFFDDC2BE7FC2C2BEFFDDCB076
:10D19000E7FC00A711BC113BE7FC00B9EFFDDD6027
:10D1A0001782E8856FC8E8666FE6E8664C66EFFAB6
:10D1B000DC4DE7FC00CA1401EFFDDD52E86F4FECD7
:10D1C000E200CF81E7DB0195E8105727E00296AE39
:10D1D000E707CE9FE002B6AEE7DB008AE081145499
:10D1E0003F9892059615E011974FE01196DF39E4CC
:10D1F000720C3A6C39AE3A2DE04139A3760DE0411C
:10D200003A24560EE00F39943FFCE7FA03BE558EE0
:10D210003D67E00837C8E00937A87702768377874B
:10D22000E000DD921510570256835787E1293CEA4A
:10D23000E00B3321E023161E3E1B960C3FFCE0233F
:10D2400016323E1BE7FA03A5948CE00C3321E02351
:10D25000159E3E1BB78CE0021600578FE1293CDC7F
:10D26000E200CF85058234C28E75E0018F85C67ECF
:10D27000E200CE0DE7FA0290C7FEE200CF9BE7FA8C
:10D28000028BE201CC80E7FA028F560FE200CE015A
:10D290000188E200CCED028534A117A0E1293CEF22
:10D2A000E86F4FD3E200CF81019E770276837484CA
:10D2B000EFFAD211E200CC01570256835484059351
:10D2C0003DE6E400C592E06117883F9BE0018DFFD9
:10D2D0001604E200CDA03E28E6AACE0CE7F901E84C
:10D2E00014903C9C3E66E400C664E07017B83F9C16
:10D2F000E0098FEFE7FA2796E04A162C3E168F8C4E
:10D30000E7FA2790E201CFFFE7F901F81080A88C37
:10D31000E1293CDF1510E1293CEAE08A39D9E00F28
:10D32000318FE0AA3F89E00F35C8E00C35283FCCAB
:10D33000167C3FDC560CE400C10E3E7EE0811654A4
:10D340003E12E7F905F73F9EE011B7CCE08E3A595F
:10D35000E00C320FE0AE3E0937C837283FCE177CCD
:10D360003FDE570D3F7DE7F905E9E08110D4391123
:10D370003F9DC28EE011B7D2E7F800EEE0201460C6
:10D380001480E0E315443D28E000DD00E0001400D7
:10D3900024023C0114001480EFFEDC5A3A800000A5
:10D3A0003A8008B4E00E3421E400C43CE08C113033
:10D3B0003918E02017803F9E91A2920F34AC1403DD
:10D3C000E684C9C339C9C202EFFDDD813CE33C6498
:10D3D000D166B1A20A6108B4E00E3421E400C43C75
:10D3E000E08C11303918E02017803F9E91E2920FB7
:10D3F000E7FE1780C48139DF140339C9C206EFFD87
:10D40000DD663CE33C64D14BB1E20A6108B4E02044
:10D410001780E00E34213F9E920F352A39E814031D
:10D42000E0023D19C210EFFDDD523CE23C64D13711
:10D43000E400C1BCE08C17B0399FE002B1030A617F
:10D4400008B4E0201780E00E34213F9E920F352A69
:10D4500039E81403E0023D19C21AEFFDDD383CE261
:10D460003C64D11DE400C1BCE08C17B0399FE003DF
:10D47000B1230A61E400C43CE08C17B03C1FE00219
:10D480009788E00E37CAAF0AE686CFEFB789E00388
:10D4900097A8E00E37CAAF1AE686CFEFB799388261
:10D4A00008B6E0201780E00E34213F9E3B693968C2
:10D4B0003CEB143B39EB3A6A928FD0F11403E84508
:10D4C00071A1E400C13CEFFDDD02E08C17B0391F13
:10D4D00091A2E7EF17FF3FD3E003332B39CF3C6531
:10D4E000C4023CE3D0DCB1A2E7FE157F91823C652B
:10D4F0003D53E003322739CA3CE3D0D1B1820B61FE
:10D5000008B4E00E3421E400C43CE08C113039183A
:10D51000E02017803F9E9182920FE77F17FF39DF4F
:10D5200034AE140339C9EFFDDCD23CE33C64D0B720
:10D53000B1820A6108B239683CE81439D0B0E845D4
:10D54000711F09619708E7FE1783E200CC83352538
:10D550003FDE3D4F0184CD0CB5083882E200CC841B
:10D5600001FCCD1000FA08B4E00E3421E400C43C04
:10D57000E08C11303918E02017803F9EE001919235
:10D58000920F34AE1403E682C9A339C9C209EFFD74
:10D59000DC9E3CE33C64D083E001B1920A6108B4B4
:10D5A000E00E3421E400C43CE08C11B03998E02056
:10D5B00017803F9EE0019113E68ECCA9920FE68E74
:10D5C000CD4AE78717FF3D49395F1403394AC2093D
:10D5D000EFFDDC7D3CE23C64D062E001B1130A6106
:10D5E00008B4E00E3421E400C43CE08C113039185A
:10D5F000E02017803F9EE00191A2920FE79F17FF66
:10D6000039DFE68ECCA9140339C9C20AEFFDDC5F0D
:10D610003CE33C64D044E001B1A20A6108B4E00EEE
:10D620003421E400C43CE08C11303918E02017802C
:10D630003F9EE00191A2920FE7E717FF39DFE68EE8
:10D64000CCC9140339C9C20AEFFDDC413CE33C6498
:10D65000D026E001B1A20A6108B215823968150A24
:10D660001409D0CF1582150C3CE214090921E00100
:10D6700000C9E81057A71681E005970F3422E70884
:10D68000CF2DE005B70F1683E005970FE1C0C4006A
:10D69000E708CF2D9408E005B70F3882E81057A7A8
:10D6A0001681E005970F3422E708CF2DE005B70F6C
:10D6B000E1C0C400B4881683E005970FE708CF2DBA
:10D6C000E005B70F3882E81057A71681E005970FDD
:10D6D0003422353DE708CF2DE1C0C4003D19E005F7
:10D6E000B70F3CFA0189E005970F1683E708CF2DA5
:10D6F000E005B70F3882E1809728E180B71900F282
:10D70000E81057A71681E005970F3422353DE7084A
:10D71000CF2DE1C0C4003D19E005B70F3CFA0189E7
:10D72000E005970F1683E708CF2DE005B70F388285
:10D73000E1809719E180B72800F2E81057A7168218
:10D74000E005970F343DE708CF2DE005B70FE1C0A6
:10D75000C400B4881683E005970FE708CF2DE005D5
:10D76000B70F3882E81057A71682E005970F343DAF
:10D770003521E708CF2DE1C0C4003D19E005B70F02
:10D780003CFA0189E005970F1683E708CF2DE005E5
:10D79000B70F3882E1809728E180B71900F2E810CE
:10D7A00057A71682E005970F343D3521E708CF2DA6
:10D7B000E1C0C4003D19E005B70F3CFA0189E0055E
:10D7C000970F1683E708CF2DE005B70F3882E18069
:10D7D0009719E180B72800F2E81057A71683E005F3
:10D7E000970F3422E708CF2DE005B70FE1C0C40042
:10D7F000B488E005970FE708CF2DE005B70F388212
:10D8000008B4C07E39EB748139683A6ADF33E200CC
:10D81000C98F5481028E178137B3C7FF37B4E3082D
:10D820003C5F17FFE00B37B3E3093CDB34B43CC883
:10D830003C62C0020A21E7FE00B3E810572D1681B2
:10D8400097AEE6A9CC18E70DCF9DB7AEE6A9CC9967
:10D85000E8105784E009B6EFE008B6AFE001968F14
:10D86000E728CE88E001B68FE001968FE720CE89C9
:10D87000E001B68F1680E009B52F97AEE70DCF9D7A
:10D88000B7AE3882E810572D168197AEE68ACC28BD
:10D89000E70DCF9DB7AEE6AACCA9E81057843C9817
:10D8A000E00AB68FE00FB68F1680E00DB4CFE00D22
:10D8B000B4EFE00EB48FE009B54F97AEE70DCF9D02
:10D8C000B7AE3882E8854F49E8105784271E170005
:10D8D000E003B74FE003B46F1701E004B70FE003B4
:10D8E000968FE6AFCEFD26961700E8856F49168124
:10D8F000E003972FE003972FE700CF1DE003B72F3A
:10D900001700E004B70F3882E003B44FE003B76FAD
:10D9100000E4E00896CF26E4E009B70F00E108B282
:10D92000E81057AD1681972F3968E70DCF1DB72F37
:10D930009738E8105784B72F9748B74F9758B76F65
:10D940008F088E9837283F1DE001B72F9728E002F7
:10D95000B72F8EA8970FE700CF5DB70F9468240705
:10D96000E200CC020593E200CC04011ADFACE8101F
:10D9700057841680E00497CFE001B782E81057ADD6
:10D98000972FE70DCF1DB72F0961970F16DF3F5D6A
:10D99000B70F8F32968F37253F4DB70F00E88EB205
:10D9A000970FE70BCF1D00FA08B1E81057AD1681AD
:10D9B000972FE70DCF1DB72FE81057849738B72F53
:10D9C0009758B76F8F088E9837283F1DE001B72F03
:10D9D0009728E002B72F8EA8970F1410E700CF5DAD
:10D9E000B70FE001B4CFDF6FE81057AD1680972F67
:10D9F000E70DCF1DB72F08E108B3E81057AD16812A
:10DA0000972F1180E70DCF1DB72F3969E810578484
:10DA10009728B72F9748B74F9738B76F8F188E88CA
:10DA200037283F1DE001B72F8F28E002B70F975826
:10DA3000E002B1AFE001B74F9768E001B76F9778A8
:10DA4000E002B74FE0019708E002B76F8EB8970F7A
:10DA5000E0021400E707CF1DB70FDF35E810578449
:10DA6000E005970F3746AF02E005970FE6AACF2EE5
:10DA7000AF12E005972FB712E005974FB722E006E7
:10DA8000972FB732E006974FB742E005976FE00651
:10DA9000978FB752B7E2E81057AD972FE70DCF1326
:10DAA000B72F09E108B2E81057AD1681912F972FD3
:10DAB000E6A2C972E70DCF1DB72FE810578497185B
:10DAC000B72F9728B74F9738B76F8F088E9837289A
:10DAD0003F1DE001B72F1700E002B72FE000144010
:10DAE000970FE70ECF19B70FDEEEE81057AD972F5F
:10DAF000E70DCF12B72F096108B48F88396889986C
:10DB00009438E0011572E00114FF3421E12339EF6C
:10DB1000E000D93CE81057AD1481972F168BE70D24
:10DB2000CF19B72F3C62E8105784E402C181E001AD
:10DB3000920FE001970FE728CF0DE001B70FE0014A
:10DB4000970FE720CF0DE001B70FDFADE810578446
:10DB50009732E001B20FE0081400B72FE001B1AF37
:10DB6000DEB2E810560417809732E200CF833EEF12
:10DB70003F1FE201C6FF37210295E007968CE00BBC
:10DB800037A236DBC781E6ACCECDE200CF8BB68EB6
:10DB900001ECE81057AD1680972FE70DCF1DB72F7A
:10DBA0000A61E200CE870284E00796AC00E9E00754
:10DBB00096CC00E608B2E81057AD1681972FE70D16
:10DBC000CF1DB72F9738E8105784B72F9748B74F16
:10DBD0009758B76F8F088E9837283F1DE001B72FF1
:10DBE0009728E002B72F8F382F1F968F34A8E707AA
:10DBF000CE9E3D49B68FE001B54F1100970F140836
:10DC0000E708CF12B70FE002970FE001CF03E00261
:10DC1000B70FE001B16FDE57E81057AD972FE70D52
:10DC2000CF12B72F0961E200CF0101E8968FE70715
:10DC3000CE9EB68FE001B4CFE0018EF8970FE706D5
:10DC4000CF1DB70F00DB08B1E81057AD1681972F35
:10DC5000E70DCF1DB72FE81057849738B72F974897
:10DC6000B74F9758B76F8F088E9837283F1DE00140
:10DC7000B72F9728E002B72F970FE707CF19B70FF5
:10DC8000970FE0018EF8E706CF1DB70FE0018EE891
:10DC9000970FE709CF1DB70F8EB8970FE02014003C
:10DCA000E705CF1DB70FDE0FE81057AD1680972F91
:10DCB000E70DCF1DB72F08E108B1E81057AD168169
:10DCC000972FE70DCF1DB72FE81057849738B72F40
:10DCD0009758B76F8F088E9837283F1DE001B72FF0
:10DCE0009728E002B72F970FE0018EF8E706CF1DC7
:10DCF000B70FE0018EE8970FE709CF1DB70F8EB879
:10DD0000970FE705CF1DB70F9468DDDDE81057AD1D
:10DD10001680972FE70DCF1DB72F08E108B1E81047
:10DD200057AD3EE8972F1401E70DCF18B72F973D59
:10DD3000E8105784B72F8F0D8E1D372896AD3F1CE6
:10DD4000E001B72FE002B6AFE001B54FE001B4EF5C
:10DD5000E8856C49DDB8E81057841680E004946FBC
:10DD6000E81057AD972FE70DCF1DB72F08E1E8104A
:10DD7000572D1581962E97AE1500E70DCF9BB7AEA8
:10DD8000E6A2CE7CE8105784E00C96AFE701CE996E
:10DD9000E00CB6AFE00C96AFE703CE9AE00CB6AF5E
:10DDA00096E8E00CB6CF96F8E00CB6EFE001968866
:10DDB000E00DB68FE0019698E00DB6AF8EE88D7855
:10DDC00036A83E9AE00EB6AFE0018E88E0018D18CD
:10DDD00036A83E9AE00EB6CFE0018EA8E0018D385D
:10DDE00036A8E00194283E9AE00EB6EFE002B42F88
:10DDF000E00C96AFE700CE9BE00CB6AFE00CB58F21
:10DE0000E003968FE6AECEFD2690E00396AF158137
:10DE1000E701CE9BE003B6AF1680E00CB68F97AE5D
:10DE2000E70DCF9CB7AE3882E00F96AF26EAE00F41
:10DE300096EFCE81E00FB6EF00E4E81057AE974FB3
:10DE4000E6A3CF7EE0613E82E7EF167F3EDCE06135
:10DE50003E92968FE6A3CEFD268696AF1601E70C7E
:10DE6000CE9CB6AF96CFE70CCE9EB6CFE0613F8298
:10DE7000E010CF80E0613F923882E81057AE170083
:10DE8000E002B72FE004B74F8EA8E002972FE7001B
:10DE9000CF5DE002B72F8EB8E002972FE705CF1DC8
:10DEA000E002B72F8EC8E002972FE706CF2DE002E1
:10DEB000B72F9688E004976FE700CF3DE004B76F77
:10DEC0009708E200CF01011A9708E200CF010596FA
:10DED0008ED8E002972FE708CF5DE002B72F8EE8DB
:10DEE000E002972FE70DCF1DE002B72F8EF8E0027A
:10DEF000972FE70ECF2DE002B72F3882E81057AEEC
:10DF00001681E002974FE701CF1DE002B74F38823C
:10DF100008B2E8854F48E0DC17A8E400C70A396971
:10DF20003F9E3CE88C4FDAEDE81057AEE008970FC3
:10DF3000E700CF12E008B70F096108B3E88549CBC5
:10DF4000E8854FCB27AC1780E8856FCA1100E81031
:10DF500057AD143C972FE70CCF12B72FEFFCD64FDD
:10DF6000E81057A71681E001972F140AE702CF1D8A
:10DF7000E001B72FE001972FE702CF12E001B72FA2
:10DF8000E81057AD972FE70CCF1DB72FEFFCD63712
:10DF9000E885694BE820695EE88A696D3C6309E1C0
:10DFA000E81057AE1700E00196EF1601E70FCE9E7E
:10DFB000E001B6EFE00196EFE709CE9EE001B6EF93
:10DFC000E00196EFE701CE9CE001B6EFE00496EFAA
:10DFD000E704CEEEE004B6EF3882E81057AE170142
:10DFE000E00196EFE70FCE9EE001B6EFE00196EF7D
:10DFF000E709CE9EE001B6EFE00196EFE701CE9E85
:10E00000E001B6EFE00496EFE704CEEEE004B6EFF1
:10E010003882E81057AD170196AFE704CE9EB6AF31
:10E0200096AFE70ECE9EB6AFE8105685966DE70226
:10E03000CE1EB66D1700E8E36F3E170096AFE704FB
:10E04000CE9EB6AF96AFE70ECE9EB6AFE8E36F3D7D
:10E050003882C07E1780E81057057781168197EEC9
:10E06000E708CF9DB7EE97EEE6AECFFF2F8B578137
:10E0700016813E9FE24ECF90768105F61781E8E348
:10E080006FBEC0023882C07E17807781E810578546
:10E09000976FE6AACF7E2F08976FE6ABCF7E270F4C
:10E0A0001701E8E36F3E1681976FE707CF1DB76F43
:10E0B000976FE708CF1DB76FC002388257011681EE
:10E0C0003E9EE24ECF10768105E400EB08B5118349
:10E0D000396812001280E8E36A3EDFBCE810578519
:10E0E000B14FB2AFDFD1E8E34FBE2789C1FFE201F4
:10E0F000C1FF29F23C62E201C47F0AE1E8105785C2
:10E10000912F00F908B5110339E83A691280E8E364
:10E110006ABEDFA0E8105785B1CFB20FDFB5E8E3E4
:10E120004FBE2785C17FE201C17F29720AE108B194
:10E130001781E8E36FBD1681E81057AD972FE7040C
:10E14000CF1DB72F972FE70ECF1DB72FDFC0E810D9
:10E1500057AD170096AFE704CE9EB6AF96AFE70E69
:10E16000CE9EB6AFE8E36F3D08E108B11781E8E362
:10E170006FBD1681E81057AD972FE704CF1DB72F5D
:10E18000972FE70ECF1DB72FDFBEE81057AD170052
:10E1900096AFE704CE9EB6AF96AFE70ECE9EB6AF73
:10E1A000E8E36F3D08E108B2C05C39683C601524C3
:10E1B0001480C402D5EA291BE8D24FC1E86E550F7E
:10E1C0006F833C60E8D24FC0E86E548F6F82E09757
:10E1D00017F037C17784E201C57FE86757F9E2019C
:10E1E000C4FF37C1C40277857786DCE5C0240961A6
:10E1F00008B7C0743BEAE400C38AE0DC17A8E00E6D
:10E200003F973A693CE0C48C11003AEA3B683D60B4
:10E210008C4EE1C0B119C508778171047105D92B05
:10E22000E86D577E3C657703EFFCD40539E8EFFDD8
:10E23000D560E8254F44E200CF010103E825694499
:10E24000E009150014803C66D5A0E009150021B650
:10E2500014803C64D59AE0A917F07782E81057AE95
:10E2600097EFE869571DE6A5CFFFE706CF1FE869DE
:10E27000771DEFFDD3B4247EEFFDD36B3FE6C7FEE1
:10E280001100E0A016F05703397E019F21A8140168
:10E29000EFFDD4E657823F643121C77E391F3FF23C
:10E2A000E00001C53CE53C66EFFDD32E3C643CE557
:10E2B000EFFDD32A1401C00C0BE13CE33C64D565AF
:10E2C000E0A01770770200CBE00E31213F1D960EC3
:10E2D000E080971FC1013F1CB70F00D61781E84AA5
:10E2E0006FD8E0DC17A83F978C4F4D083CE377814F
:10E2F000D88E57814D098C4F3CE3D8A3EFFDD4F95C
:10E30000EFFDD36D247EEFFDD3241780E84A6FD84C
:10E31000E0DC17A83B9F4D088C475485D8784D0901
:10E320008C475486D88EE7FF00B7E180961FE080C7
:10E33000969E3E9CB68EE7FF00B4E86754F9E097DE
:10E3400015703C69E78600D808B7E8894AF03B6851
:10E35000E001147FE08510D03E6816801181120222
:10E3600011033AFD01820BE13EFA01288F818F11E2
:10E37000E00F3B2FE0413FAFE201C7FFE00E3CAEB4
:10E38000E0413F2EE12739AFE201C77F2384E12737
:10E3900039AE2B9BE1273A2F2384E1273A2E2B938A
:10E3A0002589E12F392F2786397E3FE2E06F3CAC8B
:10E3B0003E6FE1283E58E201C47FC681E201C6FFFC
:10E3C000C08200D0160200F6140100CE3D78029102
:10E3D0003F69C77F3F2A3C7EE00F3C2AE201C7FF2E
:10E3E000020EE0083529E002C4003448AF8B3882C1
:10E3F000C4013C1AE201C47F178000F9E0083D28FF
:10E400003C19E201C47F00F308B6E8D24FC13B6972
:10E41000E0A63F88E08E17F033213F96E88E4F51FB
:10E42000918F39AEE200C980E0000562E842516692
:10E430003AE897F23A693FF30206E0018FA2C781FA
:10E44000E001AFA216818F02E00E3C2EE0413F2E8C
:10E45000E201C77FE12E3F1D2F0B8F92E00F3CAFF3
:10E46000E0413FAFE201C7FFE12F3F9D27948FC2FC
:10E470008D22E200CF8205BC8FD2E200CF8205B8A8
:10E480001581DF633FE8C7FEE201C7FFE200CF81ED
:10E4900002B131813DE2C592979BE00197123F9313
:10E4A000E00C318FE02E3F7CE001B712B79BE820F3
:10E4B0004FE92789E87157E13F96928FE87157E05D
:10E4C0003B1F92063EE2C696979DE0019732E08E92
:10E4D0003985E001B732B79D3EE2C69AE001975216
:10E4E000979DE08E3984E001B752B79D0B6115808E
:10E4F00000C9E200CC011780E06F39A339EF00CBEF
:10E5000008B7C07EE84251663F62C712E0019792A9
:10E51000969E3FCD2F85E001B7921781B79EE820E8
:10E520004AE92A9B3D62C516961AE00197323DE200
:10E53000C59A969BE00197D2E009364A37263F49B3
:10E54000E001B7323626E00E36CA37A6B61A3FCEFD
:10E5500036A6E001B7D2B69BE00191A2E00193128A
:10E56000E0019432E00194C23DE33D66D3B33A69E1
:10E57000E0019452E00194E23DE33D66D3AB8FB2FB
:10E58000E08511D0E400C78EE00E399FE00022F74D
:10E590001680E0243A6DE0293CEDE007B26E3F932F
:10E5A000E007B4FEE0018F22E200CF20E00002EDA0
:10E5B000E010AF2F13018C22EFFCD193E84252E61A
:10E5C000E0263C668D95E00025E3E8D24FC33F6F1F
:10E5D000C77F3DFEE000015CE200CD81E000015B11
:10E5E000C7FEE02B3D8F35A28F052708E8D24FC22A
:10E5F0003EEFC6FF3F7DE00001D1C586E201C5FFC9
:10E60000E88E4FE5E0019215E0019125E00B3FAB6C
:10E61000E00A358F3C643CE2D35D8FB5E00A330FEE
:10E62000138E3BBF3D78E00D39973FEA3F66028489
:10E6300001853B7905833FE83F693C6FE00017FFA8
:10E64000E08E3F5FE400C47F3DE63C1E3CEF7681F8
:10E65000D37A5681E00F3997E010AC9D8F25E00802
:10E66000B23F3721399E8F03E008B14FE010AF3F32
:10E670008F13E010AF4FC0020BE1C220C4A0E0072F
:10E68000B26EE7FF008E1720E7FF00941586E7FFC4
:10E6900000AD1584E7FF00AAE200CF010105C7FE27
:10E6A0003F7FE7FF01AFC584E7FF00AA08B6C0625D
:10E6B0003B683C6A39E93AEA3A6BEFFCD1121783BE
:10E6C000E0283C3FE84757B374083C7F0302778853
:10E6D000E00E32A1E08517D03F9E39608C0F8F9FEE
:10E6E000C102E8D24CC0AF923DE01780C5883D66BC
:10E6F000E001AFA21780778A778B778C778D778E42
:10E70000778FA9D26C02AAA2AA32AB42DE60AC72A9
:10E710003DE0E8D24CC18C123D63C58ADE588FF2D1
:10E7200089E2E84271663F93AFF2E0018F823C1FBD
:10E73000E001AC128FF23FF30284DEE3C01E0B61F6
:10E74000E0018A02E0018F923FF40285C181E2017B
:10E75000C1FF00F13CE43C63C201DE57E201C27F2D
:10E7600000F208B7C0703A601100E00317FFC21052
:10E770003BE83F69E1C0B7B43B627785710671073A
:10E780003FE0C78E3F9239E6E0053A127784008277
:10E790001181E00F3A938C0F57843C173F938C8F75
:10E7A000E201C47FE0433E083C9EE201C4FFE02D4D
:10E7B0003E0AE0433F892684E02D3F8B2EABE842A2
:10E7C00056E680ED38FC022680FD38FC0523E0018A
:10E7D000808D38FF021FE001809D38FF051BE8D2C5
:10E7E00048C1E0AF388C966D3E1F888C289337A1C6
:10E7F000E08E10F03F91E001968D978F3FFD020A69
:10E800001782AF8C770375027581DDFF5581550244
:10E810005703E7FF21BFC102E200C904E7FF01B2CD
:10E82000C0100BE108B73BE839E83969C3FFE8D20B
:10E830004FC13F62E0AE3F83E84257E697EF3F9E0D
:10E840008F0FE0012F453AE33A621681E201C2FFE1
:10E85000E201C27FAE8F3CE43C65DDD7E8425666FC
:10E860008FEC39FF051DE8D24FC13F62E0AE3B8F10
:10E8700097EC3F9E8E8F2E94E08E15F037213F1B34
:10E88000958EE001970C3C65C47F3DFEE201C47F9C
:10E89000E0433B08E000057B3CE23C66DFC4E84225
:10E8A0005666E0018F8C397F051EE8D24F413FE26A
:10E8B000C7FFE0AF3F0396EC3E9F8F0D2F14E08E15
:10E8C00015F037A13F9B958FE001978C3CE4C4FF86
:10E8D0003DFFE201C4FFE0433B09E00005633CE685
:10E8E0003C63DFA1E84256663FE38F7CC7813FFE71
:10E8F000031EE8D24F413EE2E0AD3F0F97EC3F6D83
:10E900003F9D8E8F2E94E08E15F037213F1B958E04
:10E91000E001970C3C65C4013DFEE201C47FE04389
:10E920003B08E000054A3CE23C66DF7DE84256E6F3
:10E930003FE2E0018F1DC7813FFEE0000349E8D2BE
:10E940004F41E0AF3F03976D3F1F8E0EE0002E401A
:10E95000E08E167037A13F9C960FE001978D3CE446
:10E96000C4813E7FE201C4FFE0433A09020C1782F2
:10E970003C65AF8EDD4A3DE23D633CE43C630BA168
:10E98000E7FD00F13964E7FE00D417023CE4AF0F65
:10E99000DD3C3DE23D633CE23C66DEE4E7FF0081B6
:10E9A00017823C65AF8DDD313DE23D633CE63C6363
:10E9B000DED9E7FF009917023CE4AF0FDD263DE208
:10E9C0003D633CE23C66DECEE7FF00B20BE108B7F8
:10E9D000E1FBC0143AE83C6A3A693B6A396BE8D219
:10E9E00049C1EFFBDF7E1783E0283C3FE84757B380
:10E9F000740F3C7F0302778FE00E3321E08517D040
:10EA00003F9E8C0F8F9F691311006F9117806F9A33
:10EA10003FE0C790E001B12F3FE0C790E8D24CC083
:10EA2000E001B14F3DE03FE0C7903D65C596E00194
:10EA3000B16F6B126A943AE26A156C10711171131E
:10EA40007115DCC5E8D24CC16C173DE04C113D643A
:10EA5000C598DCBD4E914B907683E0AD3B83E08E54
:10EA6000167036A13E9C948D1686C4814B18E02DFD
:10EA70003CBD4F964F1776863EE6E0AD3F833F1F85
:10EA80003C163DE0C5AEE201C47FE00A36A1E201DA
:10EA9000C77F7382E00731A1758E3E9B3A62740195
:10EAA0003E1A6F173DE26C19711073873F7F02BDEC
:10EAB000258615003C643CE5D14674903FE0C79044
:10EAC0005683E84277E6E0433C8D5782E0433C0FB3
:10EAD000DEAADD17E004C06C0BE1E00230A1E00823
:10EAE0003E911380391CAB8891025386E028391778
:10EAF000240EE0273C92238B71053C60310FC40843
:10EB0000710494183A98E0243A72C581C501E20173
:10EB1000C57FC08154013C7A02E15507C781E201FB
:10EB2000C7FF3E933E1A00C33D66108000F42C0AD6
:10EB3000E0A017F0E86777F8E0BB17F0E86777F92F
:10EB4000388208B13C69EFFBDF76240AE0A917F0B0
:10EB5000E86777F8E0C417F0E86777F908E1E0A024
:10EB600017F000F7E8DC4F92E867547AE86754F84A
:10EB70002F83E77D00C6E86755791581E77D00DDC5
:10EB800008B3E1FFC022E80B4F621780E00C374367
:10EB9000E08616C83DEFC781E201C7FF3E7FE180F6
:10EBA000AD9D03FA3FE0C7A437C1E0D011C6778C12
:10EBB000E00F31C1778B3CE0E8D24FC0E86756FAEE
:10EBC0006F913C60E8D24FC111006F9036C1E847A9
:10EBD00057AAC77F778DC482E84757ABC410778E9A
:10EBE000E84757AFE8447178778FE84757B0E84473
:10EBF00071797790E8204FDFE844717A6F93E844A9
:10EC0000717BE844717D6F12768AEFFFD6F75782E9
:10EC10004D82E84477F9140157834E03E84477FAAC
:10EC20005786E8896DF0E84477FB5787E8896E716D
:10EC3000E8896FF837C8E8896FF95784E84477FDA9
:10EC40005785E8896FFC37C8E8896FFDE08517D0E4
:10EC50003D6F3CEF3DF2C502018A3EE0C6A21700BF
:10EC60003E7EC782019CE000C05E09E1E6A5CE823F
:10EC70003E99E00F888DE6ADCF52E00E343E3F4125
:10EC8000E00FAF0DC101E1809713E201C17FE00DFC
:10EC90003748E040AEAAE040AF1A00DDE080959D25
:10ECA000C701E00A35C8E201C77FE007AD2FE007E2
:10ECB000ADBF00D708B11780E88A6F85DF62E8D260
:10ECC0004FB8E200CF810185E8894FF0E88A6F8470
:10ECD00008E108B3E200CC003F683FE93E6A3EEB42
:10ECE000032D1500E04139C93E7AE1223D783F62AB
:10ECF0003FE303191101E0413ECD1580E12C3DFCBD
:10ED00003C6E3CEF3D6C3DEDD01E3F683FE929086D
:10ED1000E0413ECF1580E12C3DFE3F6C3FED3C6E67
:10ED20003CEF09E13D6C3C623CE3D00D3F683FE9BC
:10ED300000F03D6C3C6E09A10086E200CD00037A34
:10ED4000110000DA0081160016803E1C1721009287
:10ED5000E02D3EFDE02C3E7C17803E7A048B018343
:10ED60003EFB04883EABE12C3E7AE0603F82E4004B
:10ED7000CF90C77FE0603F92E0293CF9E0283C78E3
:10ED8000E200CF0001E638823D183FE83FFA0182F9
:10ED90003882E180AC9F00FB3F6AE200C710E00FC1
:10EDA00034C1E0413E8AE200CF0037DD34BA343A64
:10EDB0003C4F3FE9E06F39283C6F1780E06939AF7D
:10EDC00038823F6AE200C710E00F3421E0413E8AFA
:10EDD000E200CF0037BD345A34DA3CCF3FE8E06F71
:10EDE00039293CEF1780E06839AF3882E00C3CC825
:10EDF000E6AFCE7C3DEA3FE93EE826183FE8C7FF94
:10EE00003D193CFA01BB3882E040964FE040973F05
:10EE1000E040B64DC578E040B73DE040962FE04079
:10EE2000971FE040B62DE040B71DE200CD07C68831
:10EE3000C78802EBE00E35C3E00D3723E5FFC77846
:10EE4000E00F3C1D3C9D3F1B3E6FC67E3EE9E00A45
:10EE50003C9EE00B3D2DE200CD81020BE00A3741E4
:10EE6000E00D3521E5FFC57E3F9D3C9D3D1E00C860
:10EE7000E180959DE080B59C00EDE1808F19E080F8
:10EE8000AF1F00C0F600FE000164FF010F03697CA4
:10EE90003C2247705A1F0000000090000001000053
:10EEA000900000010000300000000000000003009E
:10EEB0000000000100000000010000000000000050
:10EEC0000000FFFF0601140F001BF100FF0000000F
:10EED000000000000000F000FD0001012A602A820D
:10EEE0002A8E2A9A2AA03D643D923DC43D003DA24F
:10EEF0003DB83DC43DBC555047524144452066CCC9
:10EF00009933464C4147813E81C8815681C8817200
:10EF100081C8819881C881C880E680E680E680E665
:10EF200080E681B481C881C881048104810481C8DC
:10EF300081C881C881C881C880D4810E811A81248A
:10EF4000812C81C881C881C881C881348D988E2662
:10EF50008E2E8E868E8601000001FF00010200FFCA
:10EF600001020001FF02000102FF0102040810205B
:10EF70004080708F00FFDA2503FC03FC01FE3BC4D8
:10EF800001FE01FE02FD0AF501FE00000000000086
:10EF9000C837503030310000000000000000000091
:10EFA0000000000000000000000000000000000061
:10EFB000000043303031000000000000000000007D
:10EFC0000000000100010001010101010101010136
:10EFD0000101010101010101010101000101090912
:10EFE000202012201220000001010000000000007B
:10EFF00000000000000000000001012000000000EF
:10F0000000000000000000000000012001200000BE
:10F010000000012001200000000000000000001A94
:10F02000001B001C001D001E001F0000000100024C
:10F030000003000400050006000700080009000A9C
:10F04000000B000C000D000E000F0010001100124C
:10F050000013001400150016001700180019003ADC
:10F06000003B003C003D003E003F0020002100220C
:10F070000023002400250026002700280029002A5C
:10F08000002B002C002D002E002F0030003100320C
:10F090000033003400350036003700380039005A9C
:10F0A000005B005C005D005E005F004000410042CC
:10F0B0000043004400450046004700480049004A1C
:10F0C000004B004C004D004E004F005000510052CC
:10F0D0000053005400550056005700580059007A5C
:10F0E000007B007C007D007E007F0060006100628C
:10F0F0000063006400650066006700680069006ADC
:10F10000006B006C006D006E006F0070007100728B
:10F110000073007400750076007700780079009A1B
:10F12000009B009C009D009E009F0080008100824B
:10F130000083008400850086008700880089008A9B
:10F14000008B008C008D008E008F0090009100924B
:10F15000009300940095009600970098009900BADB
:10F1600000BB00BC00BD00BE00BF00A000A100A20B
:10F1700000A300A400A500A600A700A800A900AA5B
:10F1800000AB00AC00AD00AE00AF00B000B100B20B
:10F1900000B300B400B500B600B700B800B900DA9B
:10F1A00000DB00DC00DD00DE00DF00C000C100C2CB
:10F1B00000C300C400C500C600C700C800C900CA1B
:10F1C00000CB00CC00CD00CE00CF00D000D100D2CB
:10F1D00000D300D400D500D600D700D800D900FA5B
:10F1E00000FB00FC00FD00FE00FF00E000E100E28B
:10F1F00000E300E400E500E600E700E800E900EADB
:10F2000000EB00EC00ED00EE00EF00F000F100F28A
:10F2100000F300F400F500F600F700F800F9011A19
:10F22000011B011C011D011E011F01000101010242
:10F230000103010401050106010701080109010A92
:10F24000010B010C010D010E010F01100111011242
:10F250000113011401150116011701180119011AF2
:10F26000011B011C011D011E011F01000101010202
:10F270000103010401050106010701080109010A52
:10F28000010B010C010D010E010F01100111011202
:10F29000011301140115011601170118011900FAD3
:10F2A00000FB00FC00FD00FE00FF00E000E100E2CA
:10F2B00000E300E400E500E600E700E800E900EA1A
:10F2C00000EB00EC00ED00EE00EF00F000F100F2CA
:10F2D00000F300F400F500F600F700F800F900DA9A
:10F2E00000DB00DC00DD00DE00DF00C000C100C28A
:10F2F00000C300C400C500C600C700C800C900CADA
:10F3000000CB00CC00CD00CE00CF00D000D100D289
:10F3100000D300D400D500D600D700D800D900BA59
:10F3200000BB00BC00BD00BE00BF00A000A100A249
:10F3300000A300A400A500A600A700A800A900AA99
:10F3400000AB00AC00AD00AE00AF00B000B100B249
:10F3500000B300B400B500B600B700B800B9009A19
:10F36000009B009C009D009E009F00800081008209
:10F370000083008400850086008700880089008A59
:10F38000008B008C008D008E008F00900091009209
:10F390000093009400950096009700980099007AD9
:10F3A000007B007C007D007E007F006000610062C9
:10F3B0000063006400650066006700680069006A19
:10F3C000006B006C006D006E006F007000710072C9
:10F3D0000073007400750076007700780079005A99
:10F3E000005B005C005D005E005F00400041004289
:10F3F0000043004400450046004700480049004AD9
:10F40000004B004C004D004E004F00500051005288
:10F410000053005400550056005700580059003A58
:10F42000003B003C003D003E003F00200021002248
:10F430000023002400250026002700280029002A98
:10F44000002B002C002D002E002F00300031003248
:10F450000033003400350036003700380039001A18
:10F46000001B001C001D001E001F00000001000208
:10F470000003000400050006000700080009000A58
:10F48000000B000C000D000E000F00100011001208
:10F490000013001400150016001700180019AA2206
:10F4A0000807000000092E00AA2209070100000930
:10F4B0002E00AA220607020000032E02000A1E20C8
:10F4C0001400640DAC00C8012C0118011809C40710
:10F4D000D007D001900190012C08D401B30103069C
:10F4E0001F5A0000000000000000000000000000A3
:10F4F00000000000005AC70100018001002001DA6D
:10F500000000004000010100010100DF00000000D8
:10F510000000000000001E000000000000000000CD
:10F5200000000000000000000000000000000000DB
:10F5300000000000000000000001C801A855A0ABB9
:10F540006818A6000000000240040002D001683FD5
:10F550003F01C201C200FF0100064003203F3F01FE
:10F56000E001C201000100012C0048000201050178
:10F5700002020404068000C81388080506012C0254
:10F580005803201F4022025800C800142E680002B1
:10F5900009070B000258012C04B002580F0F00504D
:10F5A0000280005005F00032019A019A032000C841
:10F5B0000028001E0080016800DC003C03E80320F6
:10F5C0000168003C03E8002002B00000064000642F
:10F5D00000A000A00640012C001C00170017001717
:10F5E0000017001700170017001700170017001763
:10F5F0000017001700170017001700170017001753
:10F600000017001700170017001700170017001742
:10F6100000170017001700190042003C003C003C96
:10F62000003C003C003C003C003C003C003C003CFA
:10F63000003C003C003C003C003C003C003C003CEA
:10F64000003C003C003C003C003C003C003C003CDA
:10F65000003C003C003A003C006A00640064006426
:10F66000006400640064006400640064006400647A
:10F67000006400640064006400640064006400646A
:10F68000006400640064006400640064006400645A
:10F6900000640063006400640090008C008C008CA7
:10F6A000008C008C008C008C008C008C008C008CFA
:10F6B000008C008C008C008C008C008C008C008CEA
:10F6C000008C008C008C008C008C008C008C008CDA
:10F6D000008C008C008C008C00B800B400B400B426
:10F6E00000B400B400B400B400B400B400B400B47A
:10F6F00000B400B400B400B400B400B400B400B46A
:10F7000000B400B400B400B400B400B400B400B459
:10F7100000B400B400B400B400DC00DC00DC00DCA9
:10F7200000DC00DC00DC00DC00DC00DC00DC00DCF9
:10F7300000DC00DC00DC00DC00DC00DC00DC00DCE9
:10F7400000DC00DC00DC00DC00DC00DC00DC00DCD9
:10F7500000DC00DC00DC00DC010601040104010423
:10F760000104010401040104010401040104010471
:10F770000104010401040104010401040104010461
:10F780000104010401040104010401040104010451
:10F790000104010401040104012C012C012C012CA1
:10F7A000012C012C012C012C012C012C012C012CF1
:10F7B000012C012C012C012C012C012C012C012CE1
:10F7C000012C012C012C012C012C012C012C012CD1
:10F7D000012C012C012C012C015401540154015421
:10F7E0000154015401540154015401540154015471
:10F7F0000154015401540154015401540154015461
:10F800000154015401540154015401540154015450
:10F810000154015401540154017C017C017C017CA0
:10F82000017C017C017C017C017C017C017C017CF0
:10F83000017C017C017C017C017C017C017C017CE0
:10F84000017C017C017C017C017C017C017C017CD0
:10F85000017C017C017C017C019701A401A401A42D
:10F8600001A401A401A401A401A401A401A401A470
:10F8700001A401A401A401A401A401A401A401A460
:10F8800001A401A401A401A401A401A401A401A450
:10F8900001A401A401A401A401C401CC01CC01CCA8
:10F8A00001CC01CC01CC01CC01CC01CC01CC01CCF0
:10F8B00001CC01CC01CC01CC01CC01CC01CC01CCE0
:10F8C00001CC01CC01CC01CC01CC01CC01CC01CCD0
:10F8D00001CC01CC01CC01CC01EA01F401F401F42A
:10F8E00001F401F401F401F401F401F401F401F470
:10F8F00001F401F401F401F401F401F401F401F460
:10F9000001F401F401F401F401F401F401F401F44F
:10F9100001F401F401F401F40210021C021C021CA7
:10F92000021C021C021C021C021C021C021C021CE7
:10F93000021C021C021C021C021C021C021C021CD7
:10F94000021C021C021C021C021C021C021C021CC7
:10F95000021C021C021C021C023602440244024425
:10F960000244024402440244024402440244024467
:10F970000244024402440244024402440244024457
:10F980000244024402440244024402440244024447
:10F990000244024402440244025C026C026C026CA7
:10F9A000026C026C026C026C026C026C026C026CE7
:10F9B000026C026C026C026C026C026C026C026CD7
:10F9C000026C026C026C026C026C026C026C026CC7
:10F9D000026C026D026C026C028202940294029428
:10F9E0000294029402940294029402940294029467
:10F9F0000294029402940294029402940294029457
:10FA00000294029402940294029402940294029446
:10FA1000029402940296029402A802B902B902B9B1
:10FA200002B902B902B902B902B902B902B902B9FE
:10FA300002B902B902B902B902B902B902B902B9EE
:10FA400002B902B902B902B902B902B902B902B9DE
:10FA500002B902B902B902BA001C004C007D00AF25
:10FA600000E101130145017701A901DB020D023F0D
:10FA7000027102A302D503070339036B039D03CF71
:10FA8000040104330465049704C904FB052D055FD4
:10FA9000059105C105F306220018004C007D00AF5A
:10FAA00000E101130145017701A901DB020D023FCD
:10FAB000027102A302D503070339036B039D03CF31
:10FAC000040104330465049704C904FB052D055F94
:10FAD000059105C105F306280018004C007D00AF14
:10FAE00000E101130145017701A901DB020D023F8D
:10FAF000027102A302D503070339036B039D03CFF1
:10FB0000040104330465049704C904FB052D055F53
:10FB1000059105C105F306280018004B007D00AFD4
:10FB200000E101130145017701A901DB020D023F4C
:10FB3000027102A302D503070339036B039D03CFB0
:10FB4000040104330465049704C904FB052D055F13
:10FB5000059105C105F306280018004C007D00AF93
:10FB600000E101130145017701A901DB020D023F0C
:10FB7000027102A302D503070339036B039D03CF70
:10FB8000040104330465049704C904FB052D055FD3
:10FB9000059105C105F306280018004C007D00AF53
:10FBA00000E101130145017701A901DB020D023FCC
:10FBB000027102A302D503070339036B039D03CF30
:10FBC000040104330465049704C904FB052D055F93
:10FBD000059105C105F306280018004B007D00AF14
:10FBE00000E101130145017701A901DB020D023F8C
:10FBF000027102A302D503070339036B039D03CFF0
:10FC0000040104330465049704C904FB052D055F52
:10FC1000059105C105F30628001A004B007D00AFD1
:10FC200000E101130145017701A901DB020D023F4B
:10FC3000027102A302D503070339036B039D03CFAF
:10FC4000040104330465049704C904FB052D055F12
:10FC5000059105C105F30628001C004E007D00AF8C
:10FC600000E101130145017701A901DB020D023F0B
:10FC7000027102A302D503070339036B039D03CF6F
:10FC8000040104330465049704C904FB052D055FD2
:10FC9000059105C105F30628001C004E007D00AF4C
:10FCA00000E101130145017701A901DB020D023FCB
:10FCB000027102A302D503070339036B039D03CF2F
:10FCC000040104330465049704C904FB052D055F92
:10FCD000059105C105F30628001A004B007D00AF11
:10FCE00000E101130145017701A901DB020D023F8B
:10FCF000027102A302D503070339036B039D03CFEF
:10FD0000040104330465049704C904FB052D055F51
:10FD1000059105C105F306280018004B007D00AFD2
:10FD200000E101130145017701A901DB020D023F4A
:10FD3000027102A302D503070339036B039D03CFAE
:10FD4000040104330465049704C904FB052D055F11
:10FD5000059105C105F306280018004C007D00AF91
:10FD600000E101130145017701A901DB020D023F0A
:10FD7000027102A302D503070339036B039D03CF6E
:10FD8000040104330465049704C904FB052D055FD1
:10FD9000059105C105F306280018004C007D00AF51
:10FDA00000E101130145017701A901DB020D023FCA
:10FDB000027102A302D503070339036B039D03CF2E
:10FDC000040104330465049704C904FB052D055F91
:10FDD000059105C105F306280018004B007D00AF12
:10FDE00000E101130145017701A901DB020D023F8A
:10FDF000027102A302D503070339036B039D03CFEE
:10FE0000040104330465049704C904FB052D055F50
:10FE1000059105C105F306280018004C007D00AFD0
:10FE200000E101130145017701A901DB020D023F49
:10FE3000027102A302D503070339036B039D03CFAD
:10FE4000040104330465049704C904FB052D055F10
:10FE5000059105C105F306280018004C007D00AF90
:10FE600000E101130145017701A901DB020D023F09
:10FE7000027102A302D503070339036B039D03CF6D
:10FE8000040104330465049704C904FB052D055FD0
:10FE9000059105C105F3062800220049007D00AF49
:10FEA00000E101130145017701A901DB020D023FC9
:10FEB000027102A302D503070339036B039D03CF2D
:10FEC000040104330465049704C904FB052D055F90
:10FED000058D05C105F3062240D440D40080014DB4
:10FEE000021A02E7FFFFFFFFFFFFFFFFFFFFFFFF19
:10FEF000FFFFFFFFFFFFFFFFFFFFFFFFFFFFFFFF12
:10FF0000FFFFFFFFFFFFFFFFFFFFFFFFFFFFFFFF01
:10FF1000FFFFFFFFFFFFFFFFFFFFFFFFFFFFFFFFF1
:10FF2000FFFFFFFFFFFFFFFFFFFFFFFFFFFFFFFFE1
:10FF3000FFFFFFFFFFFFFFFFFFFFFFFFFFFFFFFFD1
:10FF4000FFFFFFFFFFFFFFFFFFFFFFFFFFFFFFFFC1
:10FF5000FFFFFFFFFFFFFFFFFFFFFFFFFFFFFFFFB1
:10FF6000FFFFFFFFFFFFFFFFFFFFFFFFFFFFFFFFA1
:10FF7000FFFFFFFFFFFFFFFFFFFFFFFFFFFFFFFF91
:10FF8000FFFFFFFFFFFFFFFFFFFFFFFFFFFFFFFF81
:10FF9000FFFFFFFFFFFFFFFFFFFFFFFFFFFFFFFF71
:10FFA000FFFFFFFFFFFFFFFFFFFFFFFFFFFFFFFF61
:10FFB000FFFFFFFFFFFFFFFFFFFFFFFFFFFFFFFF51
:10FFC000FFFFFFFFFFFFFFFFFFFFFFFFFFFFFFFF41
:10FFD000FFFFFFFFFFFFFFFFFFFFFFFFFFFFFFFF31
:10FFE000FFFFFFFFFFFFFFFFFFFFFFFFFFFFFFFF21
:10FFF000FFFFFFFFFFFFFFFFFFFFFFFFFFFFFFFF11
:020000021000EC
:10000000FFFFFFFFFFFFFFFFFFFFFFFFFFFFFFFF00
:10001000FFFFFFFFFFFFFFFFFFFFFFFFFFFFFFFFF0
:10002000FFFFFFFFFFFFFFFFFFFFFFFFFFFFFFFFE0
:10003000FFFFFFFFFFFFFFFFFFFFFFFFFFFFFFFFD0
:10004000FFFFFFFFFFFFFFFFFFFFFFFFFFFFFFFFC0
:10005000FFFFFFFFFFFFFFFFFFFFFFFFFFFFFFFFB0
:10006000FFFFFFFFFFFFFFFFFFFFFFFFFFFFFFFFA0
:10007000FFFFFFFFFFFFFFFFFFFFFFFFFFFFFFFF90
:10008000FFFFFFFFFFFFFFFFFFFFFFFFFFFFFFFF80
:10009000FFFFFFFFFFFFFFFFFFFFFFFFFFFFFFFF70
:1000A000FFFFFFFFFFFFFFFFFFFFFFFFFFFFFFFF60
:1000B000FFFFFFFFFFFFFFFFFFFFFFFFFFFFFFFF50
:1000C000FFFFFFFFFFFFFFFFFFFFFFFFFFFFFFFF40
:1000D000FFFFFFFFFFFFFFFFFFFFFFFFFFFFFFFF30
:1000E000FFFFFFFFFFFFFFFFFFFFFFFFFFFFFFFF20
:1000F000FFFFFFFFFFFFFFFFFFFFFFFFFFFFFFFF10
:10010000FFFFFFFFFFFFFFFFFFFFFFFFFFFFFFFFFF
:10011000FFFFFFFFFFFFFFFFFFFFFFFFFFFFFFFFEF
:10012000FFFFFFFFFFFFFFFFFFFFFFFFFFFFFFFFDF
:10013000FFFFFFFFFFFFFFFFFFFFFFFFFFFFFFFFCF
:10014000FFFFFFFFFFFFFFFFFFFFFFFFFFFFFFFFBF
:10015000FFFFFFFFFFFFFFFFFFFFFFFFFFFFFFFFAF
:10016000FFFFFFFFFFFFFFFFFFFFFFFFFFFFFFFF9F
:10017000FFFFFFFFFFFFFFFFFFFFFFFFFFFFFFFF8F
:10018000FFFFFFFFFFFFFFFFFFFFFFFFFFFFFFFF7F
:10019000FFFFFFFFFFFFFFFFFFFFFFFFFFFFFFFF6F
:1001A000FFFFFFFFFFFFFFFFFFFFFFFFFFFFFFFF5F
:1001B000FFFFFFFFFFFFFFFFFFFFFFFFFFFFFFFF4F
:1001C000FFFFFFFFFFFFFFFFFFFFFFFFFFFFFFFF3F
:1001D000FFFFFFFFFFFFFFFFFFFFFFFFFFFFFFFF2F
:1001E000FFFFFFFFFFFFFFFFFFFFFFFFFFFFFFFF1F
:1001F000FFFFFFFFFFFFFFFFFFFFFFFFFFFFFFFF0F
:10020000FFFFFFFFFFFFFFFFFFFFFFFFFFFFFFFFFE
:10021000FFFFFFFFFFFFFFFFFFFFFFFFFFFFFFFFEE
:10022000FFFFFFFFFFFFFFFFFFFFFFFFFFFFFFFFDE
:10023000FFFFFFFFFFFFFFFFFFFFFFFFFFFFFFFFCE
:10024000FFFFFFFFFFFFFFFFFFFFFFFFFFFFFFFFBE
:10025000FFFFFFFFFFFFFFFFFFFFFFFFFFFFFFFFAE
:10026000FFFFFFFFFFFFFFFFFFFFFFFFFFFFFFFF9E
:10027000FFFFFFFFFFFFFFFFFFFFFFFFFFFFFFFF8E
:10028000FFFFFFFFFFFFFFFFFFFFFFFFFFFFFFFF7E
:10029000FFFFFFFFFFFFFFFFFFFFFFFFFFFFFFFF6E
:1002A000FFFFFFFFFFFFFFFFFFFFFFFFFFFFFFFF5E
:1002B000FFFFFFFFFFFFFFFFFFFFFFFFFFFFFFFF4E
:1002C000FFFFFFFFFFFFFFFFFFFFFFFFFFFFFFFF3E
:1002D000FFFFFFFFFFFFFFFFFFFFFFFFFFFFFFFF2E
:1002E000FFFFFFFFFFFFFFFFFFFFFFFFFFFFFFFF1E
:1002F000FFFFFFFFFFFFFFFFFFFFFFFFFFFFFFFF0E
:10030000FFFFFFFFFFFFFFFFFFFFFFFFFFFFFFFFFD
:10031000FFFFFFFFFFFFFFFFFFFFFFFFFFFFFFFFED
:10032000FFFFFFFFFFFFFFFFFFFFFFFFFFFFFFFFDD
:10033000FFFFFFFFFFFFFFFFFFFFFFFFFFFFFFFFCD
:10034000FFFFFFFFFFFFFFFFFFFFFFFFFFFFFFFFBD
:10035000FFFFFFFFFFFFFFFFFFFFFFFFFFFFFFFFAD
:10036000FFFFFFFFFFFFFFFFFFFFFFFFFFFFFFFF9D
:10037000FFFFFFFFFFFFFFFFFFFFFFFFFFFFFFFF8D
:10038000FFFFFFFFFFFFFFFFFFFFFFFFFFFFFFFF7D
:10039000FFFFFFFFFFFFFFFFFFFFFFFFFFFFFFFF6D
:1003A000FFFFFFFFFFFFFFFFFFFFFFFFFFFFFFFF5D
:1003B000FFFFFFFFFFFFFFFFFFFFFFFFFFFFFFFF4D
:1003C000FFFFFFFFFFFFFFFFFFFFFFFFFFFFFFFF3D
:1003D000FFFFFFFFFFFFFFFFFFFFFFFFFFFFFFFF2D
:1003E000FFFFFFFFFFFFFFFFFFFFFFFFFFFFFFFF1D
:1003F000FFFFFFFFFFFFFFFFFFFFFFFFFFFFFFFF0D
:10040000FFFFFFFFFFFFFFFFFFFFFFFFFFFFFFFFFC
:10041000FFFFFFFFFFFFFFFFFFFFFFFFFFFFFFFFEC
:10042000FFFFFFFFFFFFFFFFFFFFFFFFFFFFFFFFDC
:10043000FFFFFFFFFFFFFFFFFFFFFFFFFFFFFFFFCC
:10044000FFFFFFFFFFFFFFFFFFFFFFFFFFFFFFFFBC
:10045000FFFFFFFFFFFFFFFFFFFFFFFFFFFFFFFFAC
:10046000FFFFFFFFFFFFFFFFFFFFFFFFFFFFFFFF9C
:10047000FFFFFFFFFFFFFFFFFFFFFFFFFFFFFFFF8C
:10048000FFFFFFFFFFFFFFFFFFFFFFFFFFFFFFFF7C
:10049000FFFFFFFFFFFFFFFFFFFFFFFFFFFFFFFF6C
:1004A000FFFFFFFFFFFFFFFFFFFFFFFFFFFFFFFF5C
:1004B000FFFFFFFFFFFFFFFFFFFFFFFFFFFFFFFF4C
:1004C000FFFFFFFFFFFFFFFFFFFFFFFFFFFFFFFF3C
:1004D000FFFFFFFFFFFFFFFFFFFFFFFFFFFFFFFF2C
:1004E000FFFFFFFFFFFFFFFFFFFFFFFFFFFFFFFF1C
:1004F000FFFFFFFFFFFFFFFFFFFFFFFFFFFFFFFF0C
:10050000FFFFFFFFFFFFFFFFFFFFFFFFFFFFFFFFFB
:10051000FFFFFFFFFFFFFFFFFFFFFFFFFFFFFFFFEB
:10052000FFFFFFFFFFFFFFFFFFFFFFFFFFFFFFFFDB
:10053000FFFFFFFFFFFFFFFFFFFFFFFFFFFFFFFFCB
:10054000FFFFFFFFFFFFFFFFFFFFFFFFFFFFFFFFBB
:10055000FFFFFFFFFFFFFFFFFFFFFFFFFFFFFFFFAB
:10056000FFFFFFFFFFFFFFFFFFFFFFFFFFFFFFFF9B
:10057000FFFFFFFFFFFFFFFFFFFFFFFFFFFFFFFF8B
:10058000FFFFFFFFFFFFFFFFFFFFFFFFFFFFFFFF7B
:10059000FFFFFFFFFFFFFFFFFFFFFFFFFFFFFFFF6B
:1005A000FFFFFFFFFFFFFFFFFFFFFFFFFFFFFFFF5B
:1005B000FFFFFFFFFFFFFFFFFFFFFFFFFFFFFFFF4B
:1005C000FFFFFFFFFFFFFFFFFFFFFFFFFFFFFFFF3B
:1005D000FFFFFFFFFFFFFFFFFFFFFFFFFFFFFFFF2B
:1005E000FFFFFFFFFFFFFFFFFFFFFFFFFFFFFFFF1B
:1005F000FFFFFFFFFFFFFFFFFFFFFFFFFFFFFFFF0B
:10060000FFFFFFFFFFFFFFFFFFFFFFFFFFFFFFFFFA
:10061000FFFFFFFFFFFFFFFFFFFFFFFFFFFFFFFFEA
:10062000FFFFFFFFFFFFFFFFFFFFFFFFFFFFFFFFDA
:10063000FFFFFFFFFFFFFFFFFFFFFFFFFFFFFFFFCA
:10064000FFFFFFFFFFFFFFFFFFFFFFFFFFFFFFFFBA
:10065000FFFFFFFFFFFFFFFFFFFFFFFFFFFFFFFFAA
:10066000FFFFFFFFFFFFFFFFFFFFFFFFFFFFFFFF9A
:10067000FFFFFFFFFFFFFFFFFFFFFFFFFFFFFFFF8A
:10068000FFFFFFFFFFFFFFFFFFFFFFFFFFFFFFFF7A
:10069000FFFFFFFFFFFFFFFFFFFFFFFFFFFFFFFF6A
:1006A000FFFFFFFFFFFFFFFFFFFFFFFFFFFFFFFF5A
:1006B000FFFFFFFFFFFFFFFFFFFFFFFFFFFFFFFF4A
:1006C000FFFFFFFFFFFFFFFFFFFFFFFFFFFFFFFF3A
:1006D000FFFFFFFFFFFFFFFFFFFFFFFFFFFFFFFF2A
:1006E000FFFFFFFFFFFFFFFFFFFFFFFFFFFFFFFF1A
:1006F000FFFFFFFFFFFFFFFFFFFFFFFFFFFFFFFF0A
:10070000FFFFFFFFFFFFFFFFFFFFFFFFFFFFFFFFF9
:10071000FFFFFFFFFFFFFFFFFFFFFFFFFFFFFFFFE9
:10072000FFFFFFFFFFFFFFFFFFFFFFFFFFFFFFFFD9
:10073000FFFFFFFFFFFFFFFFFFFFFFFFFFFFFFFFC9
:10074000FFFFFFFFFFFFFFFFFFFFFFFFFFFFFFFFB9
:10075000FFFFFFFFFFFFFFFFFFFFFFFFFFFFFFFFA9
:10076000FFFFFFFFFFFFFFFFFFFFFFFFFFFFFFFF99
:10077000FFFFFFFFFFFFFFFFFFFFFFFFFFFFFFFF89
:10078000FFFFFFFFFFFFFFFFFFFFFFFFFFFFFFFF79
:10079000FFFFFFFFFFFFFFFFFFFFFFFFFFFFFFFF69
:1007A000FFFFFFFFFFFFFFFFFFFFFFFFFFFFFFFF59
:1007B000FFFFFFFFFFFFFFFFFFFFFFFFFFFFFFFF49
:1007C000FFFFFFFFFFFFFFFFFFFFFFFFFFFFFFFF39
:1007D000FFFFFFFFFFFFFFFFFFFFFFFFFFFFFFFF29
:1007E000FFFFFFFFFFFFFFFFFFFFFFFFFFFFFFFF19
:1007F000FFFFFFFFFFFFFFFFFFFFFFFFFFFFFFFF09
:10080000FFFFFFFFFFFFFFFFFFFFFFFFFFFFFFFFF8
:10081000FFFFFFFFFFFFFFFFFFFFFFFFFFFFFFFFE8
:10082000FFFFFFFFFFFFFFFFFFFFFFFFFFFFFFFFD8
:10083000FFFFFFFFFFFFFFFFFFFFFFFFFFFFFFFFC8
:10084000FFFFFFFFFFFFFFFFFFFFFFFFFFFFFFFFB8
:10085000FFFFFFFFFFFFFFFFFFFFFFFFFFFFFFFFA8
:10086000FFFFFFFFFFFFFFFFFFFFFFFFFFFFFFFF98
:10087000FFFFFFFFFFFFFFFFFFFFFFFFFFFFFFFF88
:10088000FFFFFFFFFFFFFFFFFFFFFFFFFFFFFFFF78
:10089000FFFFFFFFFFFFFFFFFFFFFFFFFFFFFFFF68
:1008A000FFFFFFFFFFFFFFFFFFFFFFFFFFFFFFFF58
:1008B000FFFFFFFFFFFFFFFFFFFFFFFFFFFFFFFF48
:1008C000FFFFFFFFFFFFFFFFFFFFFFFFFFFFFFFF38
:1008D000FFFFFFFFFFFFFFFFFFFFFFFFFFFFFFFF28
:1008E000FFFFFFFFFFFFFFFFFFFFFFFFFFFFFFFF18
:1008F000FFFFFFFFFFFFFFFFFFFFFFFFFFFFFFFF08
:10090000FFFFFFFFFFFFFFFFFFFFFFFFFFFFFFFFF7
:10091000FFFFFFFFFFFFFFFFFFFFFFFFFFFFFFFFE7
:10092000FFFFFFFFFFFFFFFFFFFFFFFFFFFFFFFFD7
:10093000FFFFFFFFFFFFFFFFFFFFFFFFFFFFFFFFC7
:10094000FFFFFFFFFFFFFFFFFFFFFFFFFFFFFFFFB7
:10095000FFFFFFFFFFFFFFFFFFFFFFFFFFFFFFFFA7
:10096000FFFFFFFFFFFFFFFFFFFFFFFFFFFFFFFF97
:10097000FFFFFFFFFFFFFFFFFFFFFFFFFFFFFFFF87
:10098000FFFFFFFFFFFFFFFFFFFFFFFFFFFFFFFF77
:10099000FFFFFFFFFFFFFFFFFFFFFFFFFFFFFFFF67
:1009A000FFFFFFFFFFFFFFFFFFFFFFFFFFFFFFFF57
:1009B000FFFFFFFFFFFFFFFFFFFFFFFFFFFFFFFF47
:1009C000FFFFFFFFFFFFFFFFFFFFFFFFFFFFFFFF37
:1009D000FFFFFFFFFFFFFFFFFFFFFFFFFFFFFFFF27
:1009E000FFFFFFFFFFFFFFFFFFFFFFFFFFFFFFFF17
:1009F000FFFFFFFFFFFFFFFFFFFFFFFFFFFFFFFF07
:100A0000FFFFFFFFFFFFFFFFFFFFFFFFFFFFFFFFF6
:100A1000FFFFFFFFFFFFFFFFFFFFFFFFFFFFFFFFE6
:100A2000FFFFFFFFFFFFFFFFFFFFFFFFFFFFFFFFD6
:100A3000FFFFFFFFFFFFFFFFFFFFFFFFFFFFFFFFC6
:100A4000FFFFFFFFFFFFFFFFFFFFFFFFFFFFFFFFB6
:100A5000FFFFFFFFFFFFFFFFFFFFFFFFFFFFFFFFA6
:100A6000FFFFFFFFFFFFFFFFFFFFFFFFFFFFFFFF96
:100A7000FFFFFFFFFFFFFFFFFFFFFFFFFFFFFFFF86
:100A8000FFFFFFFFFFFFFFFFFFFFFFFFFFFFFFFF76
:100A9000FFFFFFFFFFFFFFFFFFFFFFFFFFFFFFFF66
:100AA000FFFFFFFFFFFFFFFFFFFFFFFFFFFFFFFF56
:100AB000FFFFFFFFFFFFFFFFFFFFFFFFFFFFFFFF46
:100AC000FFFFFFFFFFFFFFFFFFFFFFFFFFFFFFFF36
:100AD000FFFFFFFFFFFFFFFFFFFFFFFFFFFFFFFF26
:100AE000FFFFFFFFFFFFFFFFFFFFFFFFFFFFFFFF16
:100AF000FFFFFFFFFFFFFFFFFFFFFFFFFFFFFFFF06
:100B0000FFFFFFFFFFFFFFFFFFFFFFFFFFFFFFFFF5
:100B1000FFFFFFFFFFFFFFFFFFFFFFFFFFFFFFFFE5
:100B2000FFFFFFFFFFFFFFFFFFFFFFFFFFFFFFFFD5
:100B3000FFFFFFFFFFFFFFFFFFFFFFFFFFFFFFFFC5
:100B4000FFFFFFFFFFFFFFFFFFFFFFFFFFFFFFFFB5
:100B5000FFFFFFFFFFFFFFFFFFFFFFFFFFFFFFFFA5
:100B6000FFFFFFFFFFFFFFFFFFFFFFFFFFFFFFFF95
:100B7000FFFFFFFFFFFFFFFFFFFFFFFFFFFFFFFF85
:100B8000FFFFFFFFFFFFFFFFFFFFFFFFFFFFFFFF75
:100B9000FFFFFFFFFFFFFFFFFFFFFFFFFFFFFFFF65
:100BA000FFFFFFFFFFFFFFFFFFFFFFFFFFFFFFFF55
:100BB000FFFFFFFFFFFFFFFFFFFFFFFFFFFFFFFF45
:100BC000FFFFFFFFFFFFFFFFFFFFFFFFFFFFFFFF35
:100BD000FFFFFFFFFFFFFFFFFFFFFFFFFFFFFFFF25
:100BE000FFFFFFFFFFFFFFFFFFFFFFFFFFFFFFFF15
:100BF000FFFFFFFFFFFFFFFFFFFFFFFFFFFFFFFF05
:100C0000FFFFFFFFFFFFFFFFFFFFFFFFFFFFFFFFF4
:100C1000FFFFFFFFFFFFFFFFFFFFFFFFFFFFFFFFE4
:100C2000FFFFFFFFFFFFFFFFFFFFFFFFFFFFFFFFD4
:100C3000FFFFFFFFFFFFFFFFFFFFFFFFFFFFFFFFC4
:100C4000FFFFFFFFFFFFFFFFFFFFFFFFFFFFFFFFB4
:100C5000FFFFFFFFFFFFFFFFFFFFFFFFFFFFFFFFA4
:100C6000FFFFFFFFFFFFFFFFFFFFFFFFFFFFFFFF94
:100C7000FFFFFFFFFFFFFFFFFFFFFFFFFFFFFFFF84
:100C8000FFFFFFFFFFFFFFFFFFFFFFFFFFFFFFFF74
:100C9000FFFFFFFFFFFFFFFFFFFFFFFFFFFFFFFF64
:100CA000FFFFFFFFFFFFFFFFFFFFFFFFFFFFFFFF54
:100CB000FFFFFFFFFFFFFFFFFFFFFFFFFFFFFFFF44
:100CC000FFFFFFFFFFFFFFFFFFFFFFFFFFFFFFFF34
:100CD000FFFFFFFFFFFFFFFFFFFFFFFFFFFFFFFF24
:100CE000FFFFFFFFFFFFFFFFFFFFFFFFFFFFFFFF14
:100CF000FFFFFFFFFFFFFFFFFFFFFFFFFFFFFFFF04
:100D0000FFFFFFFFFFFFFFFFFFFFFFFFFFFFFFFFF3
:100D1000FFFFFFFFFFFFFFFFFFFFFFFFFFFFFFFFE3
:100D2000FFFFFFFFFFFFFFFFFFFFFFFFFFFFFFFFD3
:100D3000FFFFFFFFFFFFFFFFFFFFFFFFFFFFFFFFC3
:100D4000FFFFFFFFFFFFFFFFFFFFFFFFFFFFFFFFB3
:100D5000FFFFFFFFFFFFFFFFFFFFFFFFFFFFFFFFA3
:100D6000FFFFFFFFFFFFFFFFFFFFFFFFFFFFFFFF93
:100D7000FFFFFFFFFFFFFFFFFFFFFFFFFFFFFFFF83
:100D8000FFFFFFFFFFFFFFFFFFFFFFFFFFFFFFFF73
:100D9000FFFFFFFFFFFFFFFFFFFFFFFFFFFFFFFF63
:100DA000FFFFFFFFFFFFFFFFFFFFFFFFFFFFFFFF53
:100DB000FFFFFFFFFFFFFFFFFFFFFFFFFFFFFFFF43
:100DC000FFFFFFFFFFFFFFFFFFFFFFFFFFFFFFFF33
:100DD000FFFFFFFFFFFFFFFFFFFFFFFFFFFFFFFF23
:100DE000FFFFFFFFFFFFFFFFFFFFFFFFFFFFFFFF13
:100DF000FFFFFFFFFFFFFFFFFFFFFFFFFFFFFFFF03
:100E0000FFFFFFFFFFFFFFFFFFFFFFFFFFFFFFFFF2
:100E1000FFFFFFFFFFFFFFFFFFFFFFFFFFFFFFFFE2
:100E2000FFFFFFFFFFFFFFFFFFFFFFFFFFFFFFFFD2
:100E3000FFFFFFFFFFFFFFFFFFFFFFFFFFFFFFFFC2
:100E4000FFFFFFFFFFFFFFFFFFFFFFFFFFFFFFFFB2
:100E5000FFFFFFFFFFFFFFFFFFFFFFFFFFFFFFFFA2
:100E6000FFFFFFFFFFFFFFFFFFFFFFFFFFFFFFFF92
:100E7000FFFFFFFFFFFFFFFFFFFFFFFFFFFFFFFF82
:100E8000FFFFFFFFFFFFFFFFFFFFFFFFFFFFFFFF72
:100E9000FFFFFFFFFFFFFFFFFFFFFFFFFFFFFFFF62
:100EA000FFFFFFFFFFFFFFFFFFFFFFFFFFFFFFFF52
:100EB000FFFFFFFFFFFFFFFFFFFFFFFFFFFFFFFF42
:100EC000FFFFFFFFFFFFFFFFFFFFFFFFFFFFFFFF32
:100ED000FFFFFFFFFFFFFFFFFFFFFFFFFFFFFFFF22
:100EE000FFFFFFFFFFFFFFFFFFFFFFFFFFFFFFFF12
:100EF000FFFFFFFFFFFFFFFFFFFFFFFFFFFFFFFF02
:100F0000FFFFFFFFFFFFFFFFFFFFFFFFFFFFFFFFF1
:100F1000FFFFFFFFFFFFFFFFFFFFFFFFFFFFFFFFE1
:100F2000FFFFFFFFFFFFFFFFFFFFFFFFFFFFFFFFD1
:100F3000FFFFFFFFFFFFFFFFFFFFFFFFFFFFFFFFC1
:100F4000FFFFFFFFFFFFFFFFFFFFFFFFFFFFFFFFB1
:100F5000FFFFFFFFFFFFFFFFFFFFFFFFFFFFFFFFA1
:100F6000FFFFFFFFFFFFFFFFFFFFFFFFFFFFFFFF91
:100F7000FFFFFFFFFFFFFFFFFFFFFFFFFFFFFFFF81
:100F8000FFFFFFFFFFFFFFFFFFFFFFFFFFFFFFFF71
:100F9000FFFFFFFFFFFFFFFFFFFFFFFFFFFFFFFF61
:100FA000FFFFFFFFFFFFFFFFFFFFFFFFFFFFFFFF51
:100FB000FFFFFFFFFFFFFFFFFFFFFFFFFFFFFFFF41
:100FC000FFFFFFFFFFFFFFFFFFFFFFFFFFFFFFFF31
:100FD000FFFFFFFFFFFFFFFFFFFFFFFFFFFFFFFF21
:100FE000FFFFFFFFFFFFFFFFFFFFFFFFFFFFFFFF11
:100FF000FFFFFFFFFFFFFFFFFFFFFFFFFFFFFFFF01
:10100000FFFFFFFFFFFFFFFFFFFFFFFFFFFFFFFFF0
:10101000FFFFFFFFFFFFFFFFFFFFFFFFFFFFFFFFE0
:10102000FFFFFFFFFFFFFFFFFFFFFFFFFFFFFFFFD0
:10103000FFFFFFFFFFFFFFFFFFFFFFFFFFFFFFFFC0
:10104000FFFFFFFFFFFFFFFFFFFFFFFFFFFFFFFFB0
:10105000FFFFFFFFFFFFFFFFFFFFFFFFFFFFFFFFA0
:10106000FFFFFFFFFFFFFFFFFFFFFFFFFFFFFFFF90
:10107000FFFFFFFFFFFFFFFFFFFFFFFFFFFFFFFF80
:10108000FFFFFFFFFFFFFFFFFFFFFFFFFFFFFFFF70
:10109000FFFFFFFFFFFFFFFFFFFFFFFFFFFFFFFF60
:1010A000FFFFFFFFFFFFFFFFFFFFFFFFFFFFFFFF50
:1010B000FFFFFFFFFFFFFFFFFFFFFFFFFFFFFFFF40
:1010C000FFFFFFFFFFFFFFFFFFFFFFFFFFFFFFFF30
:1010D000FFFFFFFFFFFFFFFFFFFFFFFFFFFFFFFF20
:1010E000FFFFFFFFFFFFFFFFFFFFFFFFFFFFFFFF10
:1010F000FFFFFFFFFFFFFFFFFFFFFFFFFFFFFFFF00
:10110000FFFFFFFFFFFFFFFFFFFFFFFFFFFFFFFFEF
:10111000FFFFFFFFFFFFFFFFFFFFFFFFFFFFFFFFDF
:10112000FFFFFFFFFFFFFFFFFFFFFFFFFFFFFFFFCF
:10113000FFFFFFFFFFFFFFFFFFFFFFFFFFFFFFFFBF
:10114000FFFFFFFFFFFFFFFFFFFFFFFFFFFFFFFFAF
:10115000FFFFFFFFFFFFFFFFFFFFFFFFFFFFFFFF9F
:10116000FFFFFFFFFFFFFFFFFFFFFFFFFFFFFFFF8F
:10117000FFFFFFFFFFFFFFFFFFFFFFFFFFFFFFFF7F
:10118000FFFFFFFFFFFFFFFFFFFFFFFFFFFFFFFF6F
:10119000FFFFFFFFFFFFFFFFFFFFFFFFFFFFFFFF5F
:1011A000FFFFFFFFFFFFFFFFFFFFFFFFFFFFFFFF4F
:1011B000FFFFFFFFFFFFFFFFFFFFFFFFFFFFFFFF3F
:1011C000FFFFFFFFFFFFFFFFFFFFFFFFFFFFFFFF2F
:1011D000FFFFFFFFFFFFFFFFFFFFFFFFFFFFFFFF1F
:1011E000FFFFFFFFFFFFFFFFFFFFFFFFFFFFFFFF0F
:1011F000FFFFFFFFFFFFFFFFFFFFFFFFFFFFFFFFFF
:10120000FFFFFFFFFFFFFFFFFFFFFFFFFFFFFFFFEE
:10121000FFFFFFFFFFFFFFFFFFFFFFFFFFFFFFFFDE
:10122000FFFFFFFFFFFFFFFFFFFFFFFFFFFFFFFFCE
:10123000FFFFFFFFFFFFFFFFFFFFFFFFFFFFFFFFBE
:10124000FFFFFFFFFFFFFFFFFFFFFFFFFFFFFFFFAE
:10125000FFFFFFFFFFFFFFFFFFFFFFFFFFFFFFFF9E
:10126000FFFFFFFFFFFFFFFFFFFFFFFFFFFFFFFF8E
:10127000FFFFFFFFFFFFFFFFFFFFFFFFFFFFFFFF7E
:10128000FFFFFFFFFFFFFFFFFFFFFFFFFFFFFFFF6E
:10129000FFFFFFFFFFFFFFFFFFFFFFFFFFFFFFFF5E
:1012A000FFFFFFFFFFFFFFFFFFFFFFFFFFFFFFFF4E
:1012B000FFFFFFFFFFFFFFFFFFFFFFFFFFFFFFFF3E
:1012C000FFFFFFFFFFFFFFFFFFFFFFFFFFFFFFFF2E
:1012D000FFFFFFFFFFFFFFFFFFFFFFFFFFFFFFFF1E
:1012E000FFFFFFFFFFFFFFFFFFFFFFFFFFFFFFFF0E
:1012F000FFFFFFFFFFFFFFFFFFFFFFFFFFFFFFFFFE
:10130000FFFFFFFFFFFFFFFFFFFFFFFFFFFFFFFFED
:10131000FFFFFFFFFFFFFFFFFFFFFFFFFFFFFFFFDD
:10132000FFFFFFFFFFFFFFFFFFFFFFFFFFFFFFFFCD
:10133000FFFFFFFFFFFFFFFFFFFFFFFFFFFFFFFFBD
:10134000FFFFFFFFFFFFFFFFFFFFFFFFFFFFFFFFAD
:10135000FFFFFFFFFFFFFFFFFFFFFFFFFFFFFFFF9D
:10136000FFFFFFFFFFFFFFFFFFFFFFFFFFFFFFFF8D
:10137000FFFFFFFFFFFFFFFFFFFFFFFFFFFFFFFF7D
:10138000FFFFFFFFFFFFFFFFFFFFFFFFFFFFFFFF6D
:10139000FFFFFFFFFFFFFFFFFFFFFFFFFFFFFFFF5D
:1013A000FFFFFFFFFFFFFFFFFFFFFFFFFFFFFFFF4D
:1013B000FFFFFFFFFFFFFFFFFFFFFFFFFFFFFFFF3D
:1013C000FFFFFFFFFFFFFFFFFFFFFFFFFFFFFFFF2D
:1013D000FFFFFFFFFFFFFFFFFFFFFFFFFFFFFFFF1D
:1013E000FFFFFFFFFFFFFFFFFFFFFFFFFFFFFFFF0D
:1013F000FFFFFFFFFFFFFFFFFFFFFFFFFFFFFFFFFD
:10140000FFFFFFFFFFFFFFFFFFFFFFFFFFFFFFFFEC
:10141000FFFFFFFFFFFFFFFFFFFFFFFFFFFFFFFFDC
:10142000FFFFFFFFFFFFFFFFFFFFFFFFFFFFFFFFCC
:10143000FFFFFFFFFFFFFFFFFFFFFFFFFFFFFFFFBC
:10144000FFFFFFFFFFFFFFFFFFFFFFFFFFFFFFFFAC
:10145000FFFFFFFFFFFFFFFFFFFFFFFFFFFFFFFF9C
:10146000FFFFFFFFFFFFFFFFFFFFFFFFFFFFFFFF8C
:10147000FFFFFFFFFFFFFFFFFFFFFFFFFFFFFFFF7C
:10148000FFFFFFFFFFFFFFFFFFFFFFFFFFFFFFFF6C
:10149000FFFFFFFFFFFFFFFFFFFFFFFFFFFFFFFF5C
:1014A000FFFFFFFFFFFFFFFFFFFFFFFFFFFFFFFF4C
:1014B000FFFFFFFFFFFFFFFFFFFFFFFFFFFFFFFF3C
:1014C000FFFFFFFFFFFFFFFFFFFFFFFFFFFFFFFF2C
:1014D000FFFFFFFFFFFFFFFFFFFFFFFFFFFFFFFF1C
:1014E000FFFFFFFFFFFFFFFFFFFFFFFFFFFFFFFF0C
:1014F000FFFFFFFFFFFFFFFFFFFFFFFFFFFFFFFFFC
:10150000FFFFFFFFFFFFFFFFFFFFFFFFFFFFFFFFEB
:10151000FFFFFFFFFFFFFFFFFFFFFFFFFFFFFFFFDB
:10152000FFFFFFFFFFFFFFFFFFFFFFFFFFFFFFFFCB
:10153000FFFFFFFFFFFFFFFFFFFFFFFFFFFFFFFFBB
:10154000FFFFFFFFFFFFFFFFFFFFFFFFFFFFFFFFAB
:10155000FFFFFFFFFFFFFFFFFFFFFFFFFFFFFFFF9B
:10156000FFFFFFFFFFFFFFFFFFFFFFFFFFFFFFFF8B
:10157000FFFFFFFFFFFFFFFFFFFFFFFFFFFFFFFF7B
:10158000FFFFFFFFFFFFFFFFFFFFFFFFFFFFFFFF6B
:10159000FFFFFFFFFFFFFFFFFFFFFFFFFFFFFFFF5B
:1015A000FFFFFFFFFFFFFFFFFFFFFFFFFFFFFFFF4B
:1015B000FFFFFFFFFFFFFFFFFFFFFFFFFFFFFFFF3B
:1015C000FFFFFFFFFFFFFFFFFFFFFFFFFFFFFFFF2B
:1015D000FFFFFFFFFFFFFFFFFFFFFFFFFFFFFFFF1B
:1015E000FFFFFFFFFFFFFFFFFFFFFFFFFFFFFFFF0B
:1015F000FFFFFFFFFFFFFFFFFFFFFFFFFFFFFFFFFB
:10160000FFFFFFFFFFFFFFFFFFFFFFFFFFFFFFFFEA
:10161000FFFFFFFFFFFFFFFFFFFFFFFFFFFFFFFFDA
:10162000FFFFFFFFFFFFFFFFFFFFFFFFFFFFFFFFCA
:10163000FFFFFFFFFFFFFFFFFFFFFFFFFFFFFFFFBA
:10164000FFFFFFFFFFFFFFFFFFFFFFFFFFFFFFFFAA
:10165000FFFFFFFFFFFFFFFFFFFFFFFFFFFFFFFF9A
:10166000FFFFFFFFFFFFFFFFFFFFFFFFFFFFFFFF8A
:10167000FFFFFFFFFFFFFFFFFFFFFFFFFFFFFFFF7A
:10168000FFFFFFFFFFFFFFFFFFFFFFFFFFFFFFFF6A
:10169000FFFFFFFFFFFFFFFFFFFFFFFFFFFFFFFF5A
:1016A000FFFFFFFFFFFFFFFFFFFFFFFFFFFFFFFF4A
:1016B000FFFFFFFFFFFFFFFFFFFFFFFFFFFFFFFF3A
:1016C000FFFFFFFFFFFFFFFFFFFFFFFFFFFFFFFF2A
:1016D000FFFFFFFFFFFFFFFFFFFFFFFFFFFFFFFF1A
:1016E000FFFFFFFFFFFFFFFFFFFFFFFFFFFFFFFF0A
:1016F000FFFFFFFFFFFFFFFFFFFFFFFFFFFFFFFFFA
:10170000FFFFFFFFFFFFFFFFFFFFFFFFFFFFFFFFE9
:10171000FFFFFFFFFFFFFFFFFFFFFFFFFFFFFFFFD9
:10172000FFFFFFFFFFFFFFFFFFFFFFFFFFFFFFFFC9
:10173000FFFFFFFFFFFFFFFFFFFFFFFFFFFFFFFFB9
:10174000FFFFFFFFFFFFFFFFFFFFFFFFFFFFFFFFA9
:10175000FFFFFFFFFFFFFFFFFFFFFFFFFFFFFFFF99
:10176000FFFFFFFFFFFFFFFFFFFFFFFFFFFFFFFF89
:10177000FFFFFFFFFFFFFFFFFFFFFFFFFFFFFFFF79
:10178000FFFFFFFFFFFFFFFFFFFFFFFFFFFFFFFF69
:10179000FFFFFFFFFFFFFFFFFFFFFFFFFFFFFFFF59
:1017A000FFFFFFFFFFFFFFFFFFFFFFFFFFFFFFFF49
:1017B000FFFFFFFFFFFFFFFFFFFFFFFFFFFFFFFF39
:1017C000FFFFFFFFFFFFFFFFFFFFFFFFFFFFFFFF29
:1017D000FFFFFFFFFFFFFFFFFFFFFFFFFFFFFFFF19
:1017E000FFFFFFFFFFFFFFFFFFFFFFFFFFFFFFFF09
:1017F000FFFFFFFFFFFFFFFFFFFFFFFFFFFFFFFFF9
:10180000FFFFFFFFFFFFFFFFFFFFFFFFFFFFFFFFE8
:10181000FFFFFFFFFFFFFFFFFFFFFFFFFFFFFFFFD8
:10182000FFFFFFFFFFFFFFFFFFFFFFFFFFFFFFFFC8
:10183000FFFFFFFFFFFFFFFFFFFFFFFFFFFFFFFFB8
:10184000FFFFFFFFFFFFFFFFFFFFFFFFFFFFFFFFA8
:10185000FFFFFFFFFFFFFFFFFFFFFFFFFFFFFFFF98
:10186000FFFFFFFFFFFFFFFFFFFFFFFFFFFFFFFF88
:10187000FFFFFFFFFFFFFFFFFFFFFFFFFFFFFFFF78
:10188000FFFFFFFFFFFFFFFFFFFFFFFFFFFFFFFF68
:10189000FFFFFFFFFFFFFFFFFFFFFFFFFFFFFFFF58
:1018A000FFFFFFFFFFFFFFFFFFFFFFFFFFFFFFFF48
:1018B000FFFFFFFFFFFFFFFFFFFFFFFFFFFFFFFF38
:1018C000FFFFFFFFFFFFFFFFFFFFFFFFFFFFFFFF28
:1018D000FFFFFFFFFFFFFFFFFFFFFFFFFFFFFFFF18
:1018E000FFFFFFFFFFFFFFFFFFFFFFFFFFFFFFFF08
:1018F000FFFFFFFFFFFFFFFFFFFFFFFFFFFFFFFFF8
:10190000FFFFFFFFFFFFFFFFFFFFFFFFFFFFFFFFE7
:10191000FFFFFFFFFFFFFFFFFFFFFFFFFFFFFFFFD7
:10192000FFFFFFFFFFFFFFFFFFFFFFFFFFFFFFFFC7
:10193000FFFFFFFFFFFFFFFFFFFFFFFFFFFFFFFFB7
:10194000FFFFFFFFFFFFFFFFFFFFFFFFFFFFFFFFA7
:10195000FFFFFFFFFFFFFFFFFFFFFFFFFFFFFFFF97
:10196000FFFFFFFFFFFFFFFFFFFFFFFFFFFFFFFF87
:10197000FFFFFFFFFFFFFFFFFFFFFFFFFFFFFFFF77
:10198000FFFFFFFFFFFFFFFFFFFFFFFFFFFFFFFF67
:10199000FFFFFFFFFFFFFFFFFFFFFFFFFFFFFFFF57
:1019A000FFFFFFFFFFFFFFFFFFFFFFFFFFFFFFFF47
:1019B000FFFFFFFFFFFFFFFFFFFFFFFFFFFFFFFF37
:1019C000FFFFFFFFFFFFFFFFFFFFFFFFFFFFFFFF27
:1019D000FFFFFFFFFFFFFFFFFFFFFFFFFFFFFFFF17
:1019E000FFFFFFFFFFFFFFFFFFFFFFFFFFFFFFFF07
:1019F000FFFFFFFFFFFFFFFFFFFFFFFFFFFFFFFFF7
:101A0000FFFFFFFFFFFFFFFFFFFFFFFFFFFFFFFFE6
:101A1000FFFFFFFFFFFFFFFFFFFFFFFFFFFFFFFFD6
:101A2000FFFFFFFFFFFFFFFFFFFFFFFFFFFFFFFFC6
:101A3000FFFFFFFFFFFFFFFFFFFFFFFFFFFFFFFFB6
:101A4000FFFFFFFFFFFFFFFFFFFFFFFFFFFFFFFFA6
:101A5000FFFFFFFFFFFFFFFFFFFFFFFFFFFFFFFF96
:101A6000FFFFFFFFFFFFFFFFFFFFFFFFFFFFFFFF86
:101A7000FFFFFFFFFFFFFFFFFFFFFFFFFFFFFFFF76
:101A8000FFFFFFFFFFFFFFFFFFFFFFFFFFFFFFFF66
:101A9000FFFFFFFFFFFFFFFFFFFFFFFFFFFFFFFF56
:101AA000FFFFFFFFFFFFFFFFFFFFFFFFFFFFFFFF46
:101AB000FFFFFFFFFFFFFFFFFFFFFFFFFFFFFFFF36
:101AC000FFFFFFFFFFFFFFFFFFFFFFFFFFFFFFFF26
:101AD000FFFFFFFFFFFFFFFFFFFFFFFFFFFFFFFF16
:101AE000FFFFFFFFFFFFFFFFFFFFFFFFFFFFFFFF06
:101AF000FFFFFFFFFFFFFFFFFFFFFFFFFFFFFFFFF6
:101B0000FFFFFFFFFFFFFFFFFFFFFFFFFFFFFFFFE5
:101B1000FFFFFFFFFFFFFFFFFFFFFFFFFFFFFFFFD5
:101B2000FFFFFFFFFFFFFFFFFFFFFFFFFFFFFFFFC5
:101B3000FFFFFFFFFFFFFFFFFFFFFFFFFFFFFFFFB5
:101B4000FFFFFFFFFFFFFFFFFFFFFFFFFFFFFFFFA5
:101B5000FFFFFFFFFFFFFFFFFFFFFFFFFFFFFFFF95
:101B6000FFFFFFFFFFFFFFFFFFFFFFFFFFFFFFFF85
:101B7000FFFFFFFFFFFFFFFFFFFFFFFFFFFFFFFF75
:101B8000FFFFFFFFFFFFFFFFFFFFFFFFFFFFFFFF65
:101B9000FFFFFFFFFFFFFFFFFFFFFFFFFFFFFFFF55
:101BA000FFFFFFFFFFFFFFFFFFFFFFFFFFFFFFFF45
:101BB000FFFFFFFFFFFFFFFFFFFFFFFFFFFFFFFF35
:101BC000FFFFFFFFFFFFFFFFFFFFFFFFFFFFFFFF25
:101BD000FFFFFFFFFFFFFFFFFFFFFFFFFFFFFFFF15
:101BE000FFFFFFFFFFFFFFFFFFFFFFFFFFFFFFFF05
:101BF000FFFFFFFFFFFFFFFFFFFFFFFFFFFFFFFFF5
:101C0000FFFFFFFFFFFFFFFFFFFFFFFFFFFFFFFFE4
:101C1000FFFFFFFFFFFFFFFFFFFFFFFFFFFFFFFFD4
:101C2000FFFFFFFFFFFFFFFFFFFFFFFFFFFFFFFFC4
:101C3000FFFFFFFFFFFFFFFFFFFFFFFFFFFFFFFFB4
:101C4000FFFFFFFFFFFFFFFFFFFFFFFFFFFFFFFFA4
:101C5000FFFFFFFFFFFFFFFFFFFFFFFFFFFFFFFF94
:101C6000FFFFFFFFFFFFFFFFFFFFFFFFFFFFFFFF84
:101C7000FFFFFFFFFFFFFFFFFFFFFFFFFFFFFFFF74
:101C8000FFFFFFFFFFFFFFFFFFFFFFFFFFFFFFFF64
:101C9000FFFFFFFFFFFFFFFFFFFFFFFFFFFFFFFF54
:101CA000FFFFFFFFFFFFFFFFFFFFFFFFFFFFFFFF44
:101CB000FFFFFFFFFFFFFFFFFFFFFFFFFFFFFFFF34
:101CC000FFFFFFFFFFFFFFFFFFFFFFFFFFFFFFFF24
:101CD000FFFFFFFFFFFFFFFFFFFFFFFFFFFFFFFF14
:101CE000FFFFFFFFFFFFFFFFFFFFFFFFFFFFFFFF04
:101CF000FFFFFFFFFFFFFFFFFFFFFFFFFFFFFFFFF4
:101D0000FFFFFFFFFFFFFFFFFFFFFFFFFFFFFFFFE3
:101D1000FFFFFFFFFFFFFFFFFFFFFFFFFFFFFFFFD3
:101D2000FFFFFFFFFFFFFFFFFFFFFFFFFFFFFFFFC3
:101D3000FFFFFFFFFFFFFFFFFFFFFFFFFFFFFFFFB3
:101D4000FFFFFFFFFFFFFFFFFFFFFFFFFFFFFFFFA3
:101D5000FFFFFFFFFFFFFFFFFFFFFFFFFFFFFFFF93
:101D6000FFFFFFFFFFFFFFFFFFFFFFFFFFFFFFFF83
:101D7000FFFFFFFFFFFFFFFFFFFFFFFFFFFFFFFF73
:101D8000FFFFFFFFFFFFFFFFFFFFFFFFFFFFFFFF63
:101D9000FFFFFFFFFFFFFFFFFFFFFFFFFFFFFFFF53
:101DA000FFFFFFFFFFFFFFFFFFFFFFFFFFFFFFFF43
:101DB000FFFFFFFFFFFFFFFFFFFFFFFFFFFFFFFF33
:101DC000FFFFFFFFFFFFFFFFFFFFFFFFFFFFFFFF23
:101DD000FFFFFFFFFFFFFFFFFFFFFFFFFFFFFFFF13
:101DE000FFFFFFFFFFFFFFFFFFFFFFFFFFFFFFFF03
:101DF000FFFFFFFFFFFFFFFFFFFFFFFFFFFFFFFFF3
:101E0000FFFFFFFFFFFFFFFFFFFFFFFFFFFFFFFFE2
:101E1000FFFFFFFFFFFFFFFFFFFFFFFFFFFFFFFFD2
:101E2000FFFFFFFFFFFFFFFFFFFFFFFFFFFFFFFFC2
:101E3000FFFFFFFFFFFFFFFFFFFFFFFFFFFFFFFFB2
:101E4000FFFFFFFFFFFFFFFFFFFFFFFFFFFFFFFFA2
:101E5000FFFFFFFFFFFFFFFFFFFFFFFFFFFFFFFF92
:101E6000FFFFFFFFFFFFFFFFFFFFFFFFFFFFFFFF82
:101E7000FFFFFFFFFFFFFFFFFFFFFFFFFFFFFFFF72
:101E8000FFFFFFFFFFFFFFFFFFFFFFFFFFFFFFFF62
:101E9000FFFFFFFFFFFFFFFFFFFFFFFFFFFFFFFF52
:101EA000FFFFFFFFFFFFFFFFFFFFFFFFFFFFFFFF42
:101EB000FFFFFFFFFFFFFFFFFFFFFFFFFFFFFFFF32
:101EC000FFFFFFFFFFFFFFFFFFFFFFFFFFFFFFFF22
:101ED000FFFFFFFFFFFFFFFFFFFFFFFFFFFFFFFF12
:101EE000FFFFFFFFFFFFFFFFFFFFFFFFFFFFFFFF02
:101EF000FFFFFFFFFFFFFFFFFFFFFFFFFFFFFFFFF2
:101F0000FFFFFFFFFFFFFFFFFFFFFFFFFFFFFFFFE1
:101F1000FFFFFFFFFFFFFFFFFFFFFFFFFFFFFFFFD1
:101F2000FFFFFFFFFFFFFFFFFFFFFFFFFFFFFFFFC1
:101F3000FFFFFFFFFFFFFFFFFFFFFFFFFFFFFFFFB1
:101F4000FFFFFFFFFFFFFFFFFFFFFFFFFFFFFFFFA1
:101F5000FFFFFFFFFFFFFFFFFFFFFFFFFFFFFFFF91
:101F6000FFFFFFFFFFFFFFFFFFFFFFFFFFFFFFFF81
:101F7000FFFFFFFFFFFFFFFFFFFFFFFFFFFFFFFF71
:101F8000FFFFFFFFFFFFFFFFFFFFFFFFFFFFFFFF61
:101F9000FFFFFFFFFFFFFFFFFFFFFFFFFFFFFFFF51
:101FA000FFFFFFFFFFFFFFFFFFFFFFFFFFFFFFFF41
:101FB000FFFFFFFFFFFFFFFFFFFFFFFFFFFFFFFF31
:101FC000FFFFFFFFFFFFFFFFFFFFFFFFFFFFFFFF21
:101FD000FFFFFFFFFFFFFFFFFFFFFFFFFFFFFFFF11
:101FE000FFFFFFFFFFFFFFFFFFFFFFFFFFFFFFFF01
:101FF000FFFFFFFFFFFFFFFFFFFFFFFFFFFFFFFFF1
:10200000FFFFFFFFFFFFFFFFFFFFFFFFFFFFFFFFE0
:10201000FFFFFFFFFFFFFFFFFFFFFFFFFFFFFFFFD0
:10202000FFFFFFFFFFFFFFFFFFFFFFFFFFFFFFFFC0
:10203000FFFFFFFFFFFFFFFFFFFFFFFFFFFFFFFFB0
:10204000FFFFFFFFFFFFFFFFFFFFFFFFFFFFFFFFA0
:10205000FFFFFFFFFFFFFFFFFFFFFFFFFFFFFFFF90
:10206000FFFFFFFFFFFFFFFFFFFFFFFFFFFFFFFF80
:10207000FFFFFFFFFFFFFFFFFFFFFFFFFFFFFFFF70
:10208000FFFFFFFFFFFFFFFFFFFFFFFFFFFFFFFF60
:10209000FFFFFFFFFFFFFFFFFFFFFFFFFFFFFFFF50
:1020A000FFFFFFFFFFFFFFFFFFFFFFFFFFFFFFFF40
:1020B000FFFFFFFFFFFFFFFFFFFFFFFFFFFFFFFF30
:1020C000FFFFFFFFFFFFFFFFFFFFFFFFFFFFFFFF20
:1020D000FFFFFFFFFFFFFFFFFFFFFFFFFFFFFFFF10
:1020E000FFFFFFFFFFFFFFFFFFFFFFFFFFFFFFFF00
:1020F000FFFFFFFFFFFFFFFFFFFFFFFFFFFFFFFFF0
:10210000FFFFFFFFFFFFFFFFFFFFFFFFFFFFFFFFDF
:10211000FFFFFFFFFFFFFFFFFFFFFFFFFFFFFFFFCF
:10212000FFFFFFFFFFFFFFFFFFFFFFFFFFFFFFFFBF
:10213000FFFFFFFFFFFFFFFFFFFFFFFFFFFFFFFFAF
:10214000FFFFFFFFFFFFFFFFFFFFFFFFFFFFFFFF9F
:10215000FFFFFFFFFFFFFFFFFFFFFFFFFFFFFFFF8F
:10216000FFFFFFFFFFFFFFFFFFFFFFFFFFFFFFFF7F
:10217000FFFFFFFFFFFFFFFFFFFFFFFFFFFFFFFF6F
:10218000FFFFFFFFFFFFFFFFFFFFFFFFFFFFFFFF5F
:10219000FFFFFFFFFFFFFFFFFFFFFFFFFFFFFFFF4F
:1021A000FFFFFFFFFFFFFFFFFFFFFFFFFFFFFFFF3F
:1021B000FFFFFFFFFFFFFFFFFFFFFFFFFFFFFFFF2F
:1021C000FFFFFFFFFFFFFFFFFFFFFFFFFFFFFFFF1F
:1021D000FFFFFFFFFFFFFFFFFFFFFFFFFFFFFFFF0F
:1021E000FFFFFFFFFFFFFFFFFFFFFFFFFFFFFFFFFF
:1021F000FFFFFFFFFFFFFFFFFFFFFFFFFFFFFFFFEF
:10220000FFFFFFFFFFFFFFFFFFFFFFFFFFFFFFFFDE
:10221000FFFFFFFFFFFFFFFFFFFFFFFFFFFFFFFFCE
:10222000FFFFFFFFFFFFFFFFFFFFFFFFFFFFFFFFBE
:10223000FFFFFFFFFFFFFFFFFFFFFFFFFFFFFFFFAE
:10224000FFFFFFFFFFFFFFFFFFFFFFFFFFFFFFFF9E
:10225000FFFFFFFFFFFFFFFFFFFFFFFFFFFFFFFF8E
:10226000FFFFFFFFFFFFFFFFFFFFFFFFFFFFFFFF7E
:10227000FFFFFFFFFFFFFFFFFFFFFFFFFFFFFFFF6E
:10228000FFFFFFFFFFFFFFFFFFFFFFFFFFFFFFFF5E
:10229000FFFFFFFFFFFFFFFFFFFFFFFFFFFFFFFF4E
:1022A000FFFFFFFFFFFFFFFFFFFFFFFFFFFFFFFF3E
:1022B000FFFFFFFFFFFFFFFFFFFFFFFFFFFFFFFF2E
:1022C000FFFFFFFFFFFFFFFFFFFFFFFFFFFFFFFF1E
:1022D000FFFFFFFFFFFFFFFFFFFFFFFFFFFFFFFF0E
:1022E000FFFFFFFFFFFFFFFFFFFFFFFFFFFFFFFFFE
:1022F000FFFFFFFFFFFFFFFFFFFFFFFFFFFFFFFFEE
:10230000FFFFFFFFFFFFFFFFFFFFFFFFFFFFFFFFDD
:10231000FFFFFFFFFFFFFFFFFFFFFFFFFFFFFFFFCD
:10232000FFFFFFFFFFFFFFFFFFFFFFFFFFFFFFFFBD
:10233000FFFFFFFFFFFFFFFFFFFFFFFFFFFFFFFFAD
:10234000FFFFFFFFFFFFFFFFFFFFFFFFFFFFFFFF9D
:10235000FFFFFFFFFFFFFFFFFFFFFFFFFFFFFFFF8D
:10236000FFFFFFFFFFFFFFFFFFFFFFFFFFFFFFFF7D
:10237000FFFFFFFFFFFFFFFFFFFFFFFFFFFFFFFF6D
:10238000FFFFFFFFFFFFFFFFFFFFFFFFFFFFFFFF5D
:10239000FFFFFFFFFFFFFFFFFFFFFFFFFFFFFFFF4D
:1023A000FFFFFFFFFFFFFFFFFFFFFFFFFFFFFFFF3D
:1023B000FFFFFFFFFFFFFFFFFFFFFFFFFFFFFFFF2D
:1023C000FFFFFFFFFFFFFFFFFFFFFFFFFFFFFFFF1D
:1023D000FFFFFFFFFFFFFFFFFFFFFFFFFFFFFFFF0D
:1023E000FFFFFFFFFFFFFFFFFFFFFFFFFFFFFFFFFD
:1023F000FFFFFFFFFFFFFFFFFFFFFFFFFFFFFFFFED
:10240000FFFFFFFFFFFFFFFFFFFFFFFFFFFFFFFFDC
:10241000FFFFFFFFFFFFFFFFFFFFFFFFFFFFFFFFCC
:10242000FFFFFFFFFFFFFFFFFFFFFFFFFFFFFFFFBC
:10243000FFFFFFFFFFFFFFFFFFFFFFFFFFFFFFFFAC
:10244000FFFFFFFFFFFFFFFFFFFFFFFFFFFFFFFF9C
:10245000FFFFFFFFFFFFFFFFFFFFFFFFFFFFFFFF8C
:10246000FFFFFFFFFFFFFFFFFFFFFFFFFFFFFFFF7C
:10247000FFFFFFFFFFFFFFFFFFFFFFFFFFFFFFFF6C
:10248000FFFFFFFFFFFFFFFFFFFFFFFFFFFFFFFF5C
:10249000FFFFFFFFFFFFFFFFFFFFFFFFFFFFFFFF4C
:1024A000FFFFFFFFFFFFFFFFFFFFFFFFFFFFFFFF3C
:1024B000FFFFFFFFFFFFFFFFFFFFFFFFFFFFFFFF2C
:1024C000FFFFFFFFFFFFFFFFFFFFFFFFFFFFFFFF1C
:1024D000FFFFFFFFFFFFFFFFFFFFFFFFFFFFFFFF0C
:1024E000FFFFFFFFFFFFFFFFFFFFFFFFFFFFFFFFFC
:1024F000FFFFFFFFFFFFFFFFFFFFFFFFFFFFFFFFEC
:10250000FFFFFFFFFFFFFFFFFFFFFFFFFFFFFFFFDB
:10251000FFFFFFFFFFFFFFFFFFFFFFFFFFFFFFFFCB
:10252000FFFFFFFFFFFFFFFFFFFFFFFFFFFFFFFFBB
:10253000FFFFFFFFFFFFFFFFFFFFFFFFFFFFFFFFAB
:10254000FFFFFFFFFFFFFFFFFFFFFFFFFFFFFFFF9B
:10255000FFFFFFFFFFFFFFFFFFFFFFFFFFFFFFFF8B
:10256000FFFFFFFFFFFFFFFFFFFFFFFFFFFFFFFF7B
:10257000FFFFFFFFFFFFFFFFFFFFFFFFFFFFFFFF6B
:10258000FFFFFFFFFFFFFFFFFFFFFFFFFFFFFFFF5B
:10259000FFFFFFFFFFFFFFFFFFFFFFFFFFFFFFFF4B
:1025A000FFFFFFFFFFFFFFFFFFFFFFFFFFFFFFFF3B
:1025B000FFFFFFFFFFFFFFFFFFFFFFFFFFFFFFFF2B
:1025C000FFFFFFFFFFFFFFFFFFFFFFFFFFFFFFFF1B
:1025D000FFFFFFFFFFFFFFFFFFFFFFFFFFFFFFFF0B
:1025E000FFFFFFFFFFFFFFFFFFFFFFFFFFFFFFFFFB
:1025F000FFFFFFFFFFFFFFFFFFFFFFFFFFFFFFFFEB
:10260000FFFFFFFFFFFFFFFFFFFFFFFFFFFFFFFFDA
:10261000FFFFFFFFFFFFFFFFFFFFFFFFFFFFFFFFCA
:10262000FFFFFFFFFFFFFFFFFFFFFFFFFFFFFFFFBA
:10263000FFFFFFFFFFFFFFFFFFFFFFFFFFFFFFFFAA
:10264000FFFFFFFFFFFFFFFFFFFFFFFFFFFFFFFF9A
:10265000FFFFFFFFFFFFFFFFFFFFFFFFFFFFFFFF8A
:10266000FFFFFFFFFFFFFFFFFFFFFFFFFFFFFFFF7A
:10267000FFFFFFFFFFFFFFFFFFFFFFFFFFFFFFFF6A
:10268000FFFFFFFFFFFFFFFFFFFFFFFFFFFFFFFF5A
:10269000FFFFFFFFFFFFFFFFFFFFFFFFFFFFFFFF4A
:1026A000FFFFFFFFFFFFFFFFFFFFFFFFFFFFFFFF3A
:1026B000FFFFFFFFFFFFFFFFFFFFFFFFFFFFFFFF2A
:1026C000FFFFFFFFFFFFFFFFFFFFFFFFFFFFFFFF1A
:1026D000FFFFFFFFFFFFFFFFFFFFFFFFFFFFFFFF0A
:1026E000FFFFFFFFFFFFFFFFFFFFFFFFFFFFFFFFFA
:1026F000FFFFFFFFFFFFFFFFFFFFFFFFFFFFFFFFEA
:10270000FFFFFFFFFFFFFFFFFFFFFFFFFFFFFFFFD9
:10271000FFFFFFFFFFFFFFFFFFFFFFFFFFFFFFFFC9
:10272000FFFFFFFFFFFFFFFFFFFFFFFFFFFFFFFFB9
:10273000FFFFFFFFFFFFFFFFFFFFFFFFFFFFFFFFA9
:10274000FFFFFFFFFFFFFFFFFFFFFFFFFFFFFFFF99
:10275000FFFFFFFFFFFFFFFFFFFFFFFFFFFFFFFF89
:10276000FFFFFFFFFFFFFFFFFFFFFFFFFFFFFFFF79
:10277000FFFFFFFFFFFFFFFFFFFFFFFFFFFFFFFF69
:10278000FFFFFFFFFFFFFFFFFFFFFFFFFFFFFFFF59
:10279000FFFFFFFFFFFFFFFFFFFFFFFFFFFFFFFF49
:1027A000FFFFFFFFFFFFFFFFFFFFFFFFFFFFFFFF39
:1027B000FFFFFFFFFFFFFFFFFFFFFFFFFFFFFFFF29
:1027C000FFFFFFFFFFFFFFFFFFFFFFFFFFFFFFFF19
:1027D000FFFFFFFFFFFFFFFFFFFFFFFFFFFFFFFF09
:1027E000FFFFFFFFFFFFFFFFFFFFFFFFFFFFFFFFF9
:1027F000FFFFFFFFFFFFFFFFFFFFFFFFFFFFFFFFE9
:10280000FFFFFFFFFFFFFFFFFFFFFFFFFFFFFFFFD8
:10281000FFFFFFFFFFFFFFFFFFFFFFFFFFFFFFFFC8
:10282000FFFFFFFFFFFFFFFFFFFFFFFFFFFFFFFFB8
:10283000FFFFFFFFFFFFFFFFFFFFFFFFFFFFFFFFA8
:10284000FFFFFFFFFFFFFFFFFFFFFFFFFFFFFFFF98
:10285000FFFFFFFFFFFFFFFFFFFFFFFFFFFFFFFF88
:10286000FFFFFFFFFFFFFFFFFFFFFFFFFFFFFFFF78
:10287000FFFFFFFFFFFFFFFFFFFFFFFFFFFFFFFF68
:10288000FFFFFFFFFFFFFFFFFFFFFFFFFFFFFFFF58
:10289000FFFFFFFFFFFFFFFFFFFFFFFFFFFFFFFF48
:1028A000FFFFFFFFFFFFFFFFFFFFFFFFFFFFFFFF38
:1028B000FFFFFFFFFFFFFFFFFFFFFFFFFFFFFFFF28
:1028C000FFFFFFFFFFFFFFFFFFFFFFFFFFFFFFFF18
:1028D000FFFFFFFFFFFFFFFFFFFFFFFFFFFFFFFF08
:1028E000FFFFFFFFFFFFFFFFFFFFFFFFFFFFFFFFF8
:1028F000FFFFFFFFFFFFFFFFFFFFFFFFFFFFFFFFE8
:10290000FFFFFFFFFFFFFFFFFFFFFFFFFFFFFFFFD7
:10291000FFFFFFFFFFFFFFFFFFFFFFFFFFFFFFFFC7
:10292000FFFFFFFFFFFFFFFFFFFFFFFFFFFFFFFFB7
:10293000FFFFFFFFFFFFFFFFFFFFFFFFFFFFFFFFA7
:10294000FFFFFFFFFFFFFFFFFFFFFFFFFFFFFFFF97
:10295000FFFFFFFFFFFFFFFFFFFFFFFFFFFFFFFF87
:10296000FFFFFFFFFFFFFFFFFFFFFFFFFFFFFFFF77
:10297000FFFFFFFFFFFFFFFFFFFFFFFFFFFFFFFF67
:10298000FFFFFFFFFFFFFFFFFFFFFFFFFFFFFFFF57
:10299000FFFFFFFFFFFFFFFFFFFFFFFFFFFFFFFF47
:1029A000FFFFFFFFFFFFFFFFFFFFFFFFFFFFFFFF37
:1029B000FFFFFFFFFFFFFFFFFFFFFFFFFFFFFFFF27
:1029C000FFFFFFFFFFFFFFFFFFFFFFFFFFFFFFFF17
:1029D000FFFFFFFFFFFFFFFFFFFFFFFFFFFFFFFF07
:1029E000FFFFFFFFFFFFFFFFFFFFFFFFFFFFFFFFF7
:1029F000FFFFFFFFFFFFFFFFFFFFFFFFFFFFFFFFE7
:102A0000FFFFFFFFFFFFFFFFFFFFFFFFFFFFFFFFD6
:102A1000FFFFFFFFFFFFFFFFFFFFFFFFFFFFFFFFC6
:102A2000FFFFFFFFFFFFFFFFFFFFFFFFFFFFFFFFB6
:102A3000FFFFFFFFFFFFFFFFFFFFFFFFFFFFFFFFA6
:102A4000FFFFFFFFFFFFFFFFFFFFFFFFFFFFFFFF96
:102A5000FFFFFFFFFFFFFFFFFFFFFFFFFFFFFFFF86
:102A6000FFFFFFFFFFFFFFFFFFFFFFFFFFFFFFFF76
:102A7000FFFFFFFFFFFFFFFFFFFFFFFFFFFFFFFF66
:102A8000FFFFFFFFFFFFFFFFFFFFFFFFFFFFFFFF56
:102A9000FFFFFFFFFFFFFFFFFFFFFFFFFFFFFFFF46
:102AA000FFFFFFFFFFFFFFFFFFFFFFFFFFFFFFFF36
:102AB000FFFFFFFFFFFFFFFFFFFFFFFFFFFFFFFF26
:102AC000FFFFFFFFFFFFFFFFFFFFFFFFFFFFFFFF16
:102AD000FFFFFFFFFFFFFFFFFFFFFFFFFFFFFFFF06
:102AE000FFFFFFFFFFFFFFFFFFFFFFFFFFFFFFFFF6
:102AF000FFFFFFFFFFFFFFFFFFFFFFFFFFFFFFFFE6
:102B0000FFFFFFFFFFFFFFFFFFFFFFFFFFFFFFFFD5
:102B1000FFFFFFFFFFFFFFFFFFFFFFFFFFFFFFFFC5
:102B2000FFFFFFFFFFFFFFFFFFFFFFFFFFFFFFFFB5
:102B3000FFFFFFFFFFFFFFFFFFFFFFFFFFFFFFFFA5
:102B4000FFFFFFFFFFFFFFFFFFFFFFFFFFFFFFFF95
:102B5000FFFFFFFFFFFFFFFFFFFFFFFFFFFFFFFF85
:102B6000FFFFFFFFFFFFFFFFFFFFFFFFFFFFFFFF75
:102B7000FFFFFFFFFFFFFFFFFFFFFFFFFFFFFFFF65
:102B8000FFFFFFFFFFFFFFFFFFFFFFFFFFFFFFFF55
:102B9000FFFFFFFFFFFFFFFFFFFFFFFFFFFFFFFF45
:102BA000FFFFFFFFFFFFFFFFFFFFFFFFFFFFFFFF35
:102BB000FFFFFFFFFFFFFFFFFFFFFFFFFFFFFFFF25
:102BC000FFFFFFFFFFFFFFFFFFFFFFFFFFFFFFFF15
:102BD000FFFFFFFFFFFFFFFFFFFFFFFFFFFFFFFF05
:102BE000FFFFFFFFFFFFFFFFFFFFFFFFFFFFFFFFF5
:102BF000FFFFFFFFFFFFFFFFFFFFFFFFFFFFFFFFE5
:102C0000FFFFFFFFFFFFFFFFFFFFFFFFFFFFFFFFD4
:102C1000FFFFFFFFFFFFFFFFFFFFFFFFFFFFFFFFC4
:102C2000FFFFFFFFFFFFFFFFFFFFFFFFFFFFFFFFB4
:102C3000FFFFFFFFFFFFFFFFFFFFFFFFFFFFFFFFA4
:102C4000FFFFFFFFFFFFFFFFFFFFFFFFFFFFFFFF94
:102C5000FFFFFFFFFFFFFFFFFFFFFFFFFFFFFFFF84
:102C6000FFFFFFFFFFFFFFFFFFFFFFFFFFFFFFFF74
:102C7000FFFFFFFFFFFFFFFFFFFFFFFFFFFFFFFF64
:102C8000FFFFFFFFFFFFFFFFFFFFFFFFFFFFFFFF54
:102C9000FFFFFFFFFFFFFFFFFFFFFFFFFFFFFFFF44
:102CA000FFFFFFFFFFFFFFFFFFFFFFFFFFFFFFFF34
:102CB000FFFFFFFFFFFFFFFFFFFFFFFFFFFFFFFF24
:102CC000FFFFFFFFFFFFFFFFFFFFFFFFFFFFFFFF14
:102CD000FFFFFFFFFFFFFFFFFFFFFFFFFFFFFFFF04
:102CE000FFFFFFFFFFFFFFFFFFFFFFFFFFFFFFFFF4
:102CF000FFFFFFFFFFFFFFFFFFFFFFFFFFFFFFFFE4
:102D0000FFFFFFFFFFFFFFFFFFFFFFFFFFFFFFFFD3
:102D1000FFFFFFFFFFFFFFFFFFFFFFFFFFFFFFFFC3
:102D2000FFFFFFFFFFFFFFFFFFFFFFFFFFFFFFFFB3
:102D3000FFFFFFFFFFFFFFFFFFFFFFFFFFFFFFFFA3
:102D4000FFFFFFFFFFFFFFFFFFFFFFFFFFFFFFFF93
:102D5000FFFFFFFFFFFFFFFFFFFFFFFFFFFFFFFF83
:102D6000FFFFFFFFFFFFFFFFFFFFFFFFFFFFFFFF73
:102D7000FFFFFFFFFFFFFFFFFFFFFFFFFFFFFFFF63
:102D8000FFFFFFFFFFFFFFFFFFFFFFFFFFFFFFFF53
:102D9000FFFFFFFFFFFFFFFFFFFFFFFFFFFFFFFF43
:102DA000FFFFFFFFFFFFFFFFFFFFFFFFFFFFFFFF33
:102DB000FFFFFFFFFFFFFFFFFFFFFFFFFFFFFFFF23
:102DC000FFFFFFFFFFFFFFFFFFFFFFFFFFFFFFFF13
:102DD000FFFFFFFFFFFFFFFFFFFFFFFFFFFFFFFF03
:102DE000FFFFFFFFFFFFFFFFFFFFFFFFFFFFFFFFF3
:102DF000FFFFFFFFFFFFFFFFFFFFFFFFFFFFFFFFE3
:102E0000FFFFFFFFFFFFFFFFFFFFFFFFFFFFFFFFD2
:102E1000FFFFFFFFFFFFFFFFFFFFFFFFFFFFFFFFC2
:102E2000FFFFFFFFFFFFFFFFFFFFFFFFFFFFFFFFB2
:102E3000FFFFFFFFFFFFFFFFFFFFFFFFFFFFFFFFA2
:102E4000FFFFFFFFFFFFFFFFFFFFFFFFFFFFFFFF92
:102E5000FFFFFFFFFFFFFFFFFFFFFFFFFFFFFFFF82
:102E6000FFFFFFFFFFFFFFFFFFFFFFFFFFFFFFFF72
:102E7000FFFFFFFFFFFFFFFFFFFFFFFFFFFFFFFF62
:102E8000FFFFFFFFFFFFFFFFFFFFFFFFFFFFFFFF52
:102E9000FFFFFFFFFFFFFFFFFFFFFFFFFFFFFFFF42
:102EA000FFFFFFFFFFFFFFFFFFFFFFFFFFFFFFFF32
:102EB000FFFFFFFFFFFFFFFFFFFFFFFFFFFFFFFF22
:102EC000FFFFFFFFFFFFFFFFFFFFFFFFFFFFFFFF12
:102ED000FFFFFFFFFFFFFFFFFFFFFFFFFFFFFFFF02
:102EE000FFFFFFFFFFFFFFFFFFFFFFFFFFFFFFFFF2
:102EF000FFFFFFFFFFFFFFFFFFFFFFFFFFFFFFFFE2
:102F0000FFFFFFFFFFFFFFFFFFFFFFFFFFFFFFFFD1
:102F1000FFFFFFFFFFFFFFFFFFFFFFFFFFFFFFFFC1
:102F2000FFFFFFFFFFFFFFFFFFFFFFFFFFFFFFFFB1
:102F3000FFFFFFFFFFFFFFFFFFFFFFFFFFFFFFFFA1
:102F4000FFFFFFFFFFFFFFFFFFFFFFFFFFFFFFFF91
:102F5000FFFFFFFFFFFFFFFFFFFFFFFFFFFFFFFF81
:102F6000FFFFFFFFFFFFFFFFFFFFFFFFFFFFFFFF71
:102F7000FFFFFFFFFFFFFFFFFFFFFFFFFFFFFFFF61
:102F8000FFFFFFFFFFFFFFFFFFFFFFFFFFFFFFFF51
:102F9000FFFFFFFFFFFFFFFFFFFFFFFFFFFFFFFF41
:102FA000FFFFFFFFFFFFFFFFFFFFFFFFFFFFFFFF31
:102FB000FFFFFFFFFFFFFFFFFFFFFFFFFFFFFFFF21
:102FC000FFFFFFFFFFFFFFFFFFFFFFFFFFFFFFFF11
:102FD000FFFFFFFFFFFFFFFFFFFFFFFFFFFFFFFF01
:102FE000FFFFFFFFFFFFFFFFFFFFFFFFFFFFFFFFF1
:102FF000FFFFFFFFFFFFFFFFFFFFFFFFFFFFFFFFE1
:10300000FFFFFFFFFFFFFFFFFFFFFFFFFFFFFFFFD0
:10301000FFFFFFFFFFFFFFFFFFFFFFFFFFFFFFFFC0
:10302000FFFFFFFFFFFFFFFFFFFFFFFFFFFFFFFFB0
:10303000FFFFFFFFFFFFFFFFFFFFFFFFFFFFFFFFA0
:10304000FFFFFFFFFFFFFFFFFFFFFFFFFFFFFFFF90
:10305000FFFFFFFFFFFFFFFFFFFFFFFFFFFFFFFF80
:10306000FFFFFFFFFFFFFFFFFFFFFFFFFFFFFFFF70
:10307000FFFFFFFFFFFFFFFFFFFFFFFFFFFFFFFF60
:10308000FFFFFFFFFFFFFFFFFFFFFFFFFFFFFFFF50
:10309000FFFFFFFFFFFFFFFFFFFFFFFFFFFFFFFF40
:1030A000FFFFFFFFFFFFFFFFFFFFFFFFFFFFFFFF30
:1030B000FFFFFFFFFFFFFFFFFFFFFFFFFFFFFFFF20
:1030C000FFFFFFFFFFFFFFFFFFFFFFFFFFFFFFFF10
:1030D000FFFFFFFFFFFFFFFFFFFFFFFFFFFFFFFF00
:1030E000FFFFFFFFFFFFFFFFFFFFFFFFFFFFFFFFF0
:1030F000FFFFFFFFFFFFFFFFFFFFFFFFFFFFFFFFE0
:10310000FFFFFFFFFFFFFFFFFFFFFFFFFFFFFFFFCF
:10311000FFFFFFFFFFFFFFFFFFFFFFFFFFFFFFFFBF
:10312000FFFFFFFFFFFFFFFFFFFFFFFFFFFFFFFFAF
:10313000FFFFFFFFFFFFFFFFFFFFFFFFFFFFFFFF9F
:10314000FFFFFFFFFFFFFFFFFFFFFFFFFFFFFFFF8F
:10315000FFFFFFFFFFFFFFFFFFFFFFFFFFFFFFFF7F
:10316000FFFFFFFFFFFFFFFFFFFFFFFFFFFFFFFF6F
:10317000FFFFFFFFFFFFFFFFFFFFFFFFFFFFFFFF5F
:10318000FFFFFFFFFFFFFFFFFFFFFFFFFFFFFFFF4F
:10319000FFFFFFFFFFFFFFFFFFFFFFFFFFFFFFFF3F
:1031A000FFFFFFFFFFFFFFFFFFFFFFFFFFFFFFFF2F
:1031B000FFFFFFFFFFFFFFFFFFFFFFFFFFFFFFFF1F
:1031C000FFFFFFFFFFFFFFFFFFFFFFFFFFFFFFFF0F
:1031D000FFFFFFFFFFFFFFFFFFFFFFFFFFFFFFFFFF
:1031E000FFFFFFFFFFFFFFFFFFFFFFFFFFFFFFFFEF
:1031F000FFFFFFFFFFFFFFFFFFFFFFFFFFFFFFFFDF
:10320000FFFFFFFFFFFFFFFFFFFFFFFFFFFFFFFFCE
:10321000FFFFFFFFFFFFFFFFFFFFFFFFFFFFFFFFBE
:10322000FFFFFFFFFFFFFFFFFFFFFFFFFFFFFFFFAE
:10323000FFFFFFFFFFFFFFFFFFFFFFFFFFFFFFFF9E
:10324000FFFFFFFFFFFFFFFFFFFFFFFFFFFFFFFF8E
:10325000FFFFFFFFFFFFFFFFFFFFFFFFFFFFFFFF7E
:10326000FFFFFFFFFFFFFFFFFFFFFFFFFFFFFFFF6E
:10327000FFFFFFFFFFFFFFFFFFFFFFFFFFFFFFFF5E
:10328000FFFFFFFFFFFFFFFFFFFFFFFFFFFFFFFF4E
:10329000FFFFFFFFFFFFFFFFFFFFFFFFFFFFFFFF3E
:1032A000FFFFFFFFFFFFFFFFFFFFFFFFFFFFFFFF2E
:1032B000FFFFFFFFFFFFFFFFFFFFFFFFFFFFFFFF1E
:1032C000FFFFFFFFFFFFFFFFFFFFFFFFFFFFFFFF0E
:1032D000FFFFFFFFFFFFFFFFFFFFFFFFFFFFFFFFFE
:1032E000FFFFFFFFFFFFFFFFFFFFFFFFFFFFFFFFEE
:1032F000FFFFFFFFFFFFFFFFFFFFFFFFFFFFFFFFDE
:10330000FFFFFFFFFFFFFFFFFFFFFFFFFFFFFFFFCD
:10331000FFFFFFFFFFFFFFFFFFFFFFFFFFFFFFFFBD
:10332000FFFFFFFFFFFFFFFFFFFFFFFFFFFFFFFFAD
:10333000FFFFFFFFFFFFFFFFFFFFFFFFFFFFFFFF9D
:10334000FFFFFFFFFFFFFFFFFFFFFFFFFFFFFFFF8D
:10335000FFFFFFFFFFFFFFFFFFFFFFFFFFFFFFFF7D
:10336000FFFFFFFFFFFFFFFFFFFFFFFFFFFFFFFF6D
:10337000FFFFFFFFFFFFFFFFFFFFFFFFFFFFFFFF5D
:10338000FFFFFFFFFFFFFFFFFFFFFFFFFFFFFFFF4D
:10339000FFFFFFFFFFFFFFFFFFFFFFFFFFFFFFFF3D
:1033A000FFFFFFFFFFFFFFFFFFFFFFFFFFFFFFFF2D
:1033B000FFFFFFFFFFFFFFFFFFFFFFFFFFFFFFFF1D
:1033C000FFFFFFFFFFFFFFFFFFFFFFFFFFFFFFFF0D
:1033D000FFFFFFFFFFFFFFFFFFFFFFFFFFFFFFFFFD
:1033E000FFFFFFFFFFFFFFFFFFFFFFFFFFFFFFFFED
:1033F000FFFFFFFFFFFFFFFFFFFFFFFFFFFFFFFFDD
:10340000FFFFFFFFFFFFFFFFFFFFFFFFFFFFFFFFCC
:10341000FFFFFFFFFFFFFFFFFFFFFFFFFFFFFFFFBC
:10342000FFFFFFFFFFFFFFFFFFFFFFFFFFFFFFFFAC
:10343000FFFFFFFFFFFFFFFFFFFFFFFFFFFFFFFF9C
:10344000FFFFFFFFFFFFFFFFFFFFFFFFFFFFFFFF8C
:10345000FFFFFFFFFFFFFFFFFFFFFFFFFFFFFFFF7C
:10346000FFFFFFFFFFFFFFFFFFFFFFFFFFFFFFFF6C
:10347000FFFFFFFFFFFFFFFFFFFFFFFFFFFFFFFF5C
:10348000FFFFFFFFFFFFFFFFFFFFFFFFFFFFFFFF4C
:10349000FFFFFFFFFFFFFFFFFFFFFFFFFFFFFFFF3C
:1034A000FFFFFFFFFFFFFFFFFFFFFFFFFFFFFFFF2C
:1034B000FFFFFFFFFFFFFFFFFFFFFFFFFFFFFFFF1C
:1034C000FFFFFFFFFFFFFFFFFFFFFFFFFFFFFFFF0C
:1034D000FFFFFFFFFFFFFFFFFFFFFFFFFFFFFFFFFC
:1034E000FFFFFFFFFFFFFFFFFFFFFFFFFFFFFFFFEC
:1034F000FFFFFFFFFFFFFFFFFFFFFFFFFFFFFFFFDC
:10350000FFFFFFFFFFFFFFFFFFFFFFFFFFFFFFFFCB
:10351000FFFFFFFFFFFFFFFFFFFFFFFFFFFFFFFFBB
:10352000FFFFFFFFFFFFFFFFFFFFFFFFFFFFFFFFAB
:10353000FFFFFFFFFFFFFFFFFFFFFFFFFFFFFFFF9B
:10354000FFFFFFFFFFFFFFFFFFFFFFFFFFFFFFFF8B
:10355000FFFFFFFFFFFFFFFFFFFFFFFFFFFFFFFF7B
:10356000FFFFFFFFFFFFFFFFFFFFFFFFFFFFFFFF6B
:10357000FFFFFFFFFFFFFFFFFFFFFFFFFFFFFFFF5B
:10358000FFFFFFFFFFFFFFFFFFFFFFFFFFFFFFFF4B
:10359000FFFFFFFFFFFFFFFFFFFFFFFFFFFFFFFF3B
:1035A000FFFFFFFFFFFFFFFFFFFFFFFFFFFFFFFF2B
:1035B000FFFFFFFFFFFFFFFFFFFFFFFFFFFFFFFF1B
:1035C000FFFFFFFFFFFFFFFFFFFFFFFFFFFFFFFF0B
:1035D000FFFFFFFFFFFFFFFFFFFFFFFFFFFFFFFFFB
:1035E000FFFFFFFFFFFFFFFFFFFFFFFFFFFFFFFFEB
:1035F000FFFFFFFFFFFFFFFFFFFFFFFFFFFFFFFFDB
:10360000FFFFFFFFFFFFFFFFFFFFFFFFFFFFFFFFCA
:10361000FFFFFFFFFFFFFFFFFFFFFFFFFFFFFFFFBA
:10362000FFFFFFFFFFFFFFFFFFFFFFFFFFFFFFFFAA
:10363000FFFFFFFFFFFFFFFFFFFFFFFFFFFFFFFF9A
:10364000FFFFFFFFFFFFFFFFFFFFFFFFFFFFFFFF8A
:10365000FFFFFFFFFFFFFFFFFFFFFFFFFFFFFFFF7A
:10366000FFFFFFFFFFFFFFFFFFFFFFFFFFFFFFFF6A
:10367000FFFFFFFFFFFFFFFFFFFFFFFFFFFFFFFF5A
:10368000FFFFFFFFFFFFFFFFFFFFFFFFFFFFFFFF4A
:10369000FFFFFFFFFFFFFFFFFFFFFFFFFFFFFFFF3A
:1036A000FFFFFFFFFFFFFFFFFFFFFFFFFFFFFFFF2A
:1036B000FFFFFFFFFFFFFFFFFFFFFFFFFFFFFFFF1A
:1036C000FFFFFFFFFFFFFFFFFFFFFFFFFFFFFFFF0A
:1036D000FFFFFFFFFFFFFFFFFFFFFFFFFFFFFFFFFA
:1036E000FFFFFFFFFFFFFFFFFFFFFFFFFFFFFFFFEA
:1036F000FFFFFFFFFFFFFFFFFFFFFFFFFFFFFFFFDA
:10370000FFFFFFFFFFFFFFFFFFFFFFFFFFFFFFFFC9
:10371000FFFFFFFFFFFFFFFFFFFFFFFFFFFFFFFFB9
:10372000FFFFFFFFFFFFFFFFFFFFFFFFFFFFFFFFA9
:10373000FFFFFFFFFFFFFFFFFFFFFFFFFFFFFFFF99
:10374000FFFFFFFFFFFFFFFFFFFFFFFFFFFFFFFF89
:10375000FFFFFFFFFFFFFFFFFFFFFFFFFFFFFFFF79
:10376000FFFFFFFFFFFFFFFFFFFFFFFFFFFFFFFF69
:10377000FFFFFFFFFFFFFFFFFFFFFFFFFFFFFFFF59
:10378000FFFFFFFFFFFFFFFFFFFFFFFFFFFFFFFF49
:10379000FFFFFFFFFFFFFFFFFFFFFFFFFFFFFFFF39
:1037A000FFFFFFFFFFFFFFFFFFFFFFFFFFFFFFFF29
:1037B000FFFFFFFFFFFFFFFFFFFFFFFFFFFFFFFF19
:1037C000FFFFFFFFFFFFFFFFFFFFFFFFFFFFFFFF09
:1037D000FFFFFFFFFFFFFFFFFFFFFFFFFFFFFFFFF9
:1037E000FFFFFFFFFFFFFFFFFFFFFFFFFFFFFFFFE9
:1037F000FFFFFFFFFFFFFFFFFFFFFFFFFFFFFFFFD9
:10380000FFFFFFFFFFFFFFFFFFFFFFFFFFFFFFFFC8
:10381000FFFFFFFFFFFFFFFFFFFFFFFFFFFFFFFFB8
:10382000FFFFFFFFFFFFFFFFFFFFFFFFFFFFFFFFA8
:10383000FFFFFFFFFFFFFFFFFFFFFFFFFFFFFFFF98
:10384000FFFFFFFFFFFFFFFFFFFFFFFFFFFFFFFF88
:10385000FFFFFFFFFFFFFFFFFFFFFFFFFFFFFFFF78
:10386000FFFFFFFFFFFFFFFFFFFFFFFFFFFFFFFF68
:10387000FFFFFFFFFFFFFFFFFFFFFFFFFFFFFFFF58
:10388000FFFFFFFFFFFFFFFFFFFFFFFFFFFFFFFF48
:10389000FFFFFFFFFFFFFFFFFFFFFFFFFFFFFFFF38
:1038A000FFFFFFFFFFFFFFFFFFFFFFFFFFFFFFFF28
:1038B000FFFFFFFFFFFFFFFFFFFFFFFFFFFFFFFF18
:1038C000FFFFFFFFFFFFFFFFFFFFFFFFFFFFFFFF08
:1038D000FFFFFFFFFFFFFFFFFFFFFFFFFFFFFFFFF8
:1038E000FFFFFFFFFFFFFFFFFFFFFFFFFFFFFFFFE8
:1038F000FFFFFFFFFFFFFFFFFFFFFFFFFFFFFFFFD8
:10390000FFFFFFFFFFFFFFFFFFFFFFFFFFFFFFFFC7
:10391000FFFFFFFFFFFFFFFFFFFFFFFFFFFFFFFFB7
:10392000FFFFFFFFFFFFFFFFFFFFFFFFFFFFFFFFA7
:10393000FFFFFFFFFFFFFFFFFFFFFFFFFFFFFFFF97
:10394000FFFFFFFFFFFFFFFFFFFFFFFFFFFFFFFF87
:10395000FFFFFFFFFFFFFFFFFFFFFFFFFFFFFFFF77
:10396000FFFFFFFFFFFFFFFFFFFFFFFFFFFFFFFF67
:10397000FFFFFFFFFFFFFFFFFFFFFFFFFFFFFFFF57
:10398000FFFFFFFFFFFFFFFFFFFFFFFFFFFFFFFF47
:10399000FFFFFFFFFFFFFFFFFFFFFFFFFFFFFFFF37
:1039A000FFFFFFFFFFFFFFFFFFFFFFFFFFFFFFFF27
:1039B000FFFFFFFFFFFFFFFFFFFFFFFFFFFFFFFF17
:1039C000FFFFFFFFFFFFFFFFFFFFFFFFFFFFFFFF07
:1039D000FFFFFFFFFFFFFFFFFFFFFFFFFFFFFFFFF7
:1039E000FFFFFFFFFFFFFFFFFFFFFFFFFFFFFFFFE7
:1039F000FFFFFFFFFFFFFFFFFFFFFFFFFFFFFFFFD7
:103A0000FFFFFFFFFFFFFFFFFFFFFFFFFFFFFFFFC6
:103A1000FFFFFFFFFFFFFFFFFFFFFFFFFFFFFFFFB6
:103A2000FFFFFFFFFFFFFFFFFFFFFFFFFFFFFFFFA6
:103A3000FFFFFFFFFFFFFFFFFFFFFFFFFFFFFFFF96
:103A4000FFFFFFFFFFFFFFFFFFFFFFFFFFFFFFFF86
:103A5000FFFFFFFFFFFFFFFFFFFFFFFFFFFFFFFF76
:103A6000FFFFFFFFFFFFFFFFFFFFFFFFFFFFFFFF66
:103A7000FFFFFFFFFFFFFFFFFFFFFFFFFFFFFFFF56
:103A8000FFFFFFFFFFFFFFFFFFFFFFFFFFFFFFFF46
:103A9000FFFFFFFFFFFFFFFFFFFFFFFFFFFFFFFF36
:103AA000FFFFFFFFFFFFFFFFFFFFFFFFFFFFFFFF26
:103AB000FFFFFFFFFFFFFFFFFFFFFFFFFFFFFFFF16
:103AC000FFFFFFFFFFFFFFFFFFFFFFFFFFFFFFFF06
:103AD000FFFFFFFFFFFFFFFFFFFFFFFFFFFFFFFFF6
:103AE000FFFFFFFFFFFFFFFFFFFFFFFFFFFFFFFFE6
:103AF000FFFFFFFFFFFFFFFFFFFFFFFFFFFFFFFFD6
:103B0000FFFFFFFFFFFFFFFFFFFFFFFFFFFFFFFFC5
:103B1000FFFFFFFFFFFFFFFFFFFFFFFFFFFFFFFFB5
:103B2000FFFFFFFFFFFFFFFFFFFFFFFFFFFFFFFFA5
:103B3000FFFFFFFFFFFFFFFFFFFFFFFFFFFFFFFF95
:103B4000FFFFFFFFFFFFFFFFFFFFFFFFFFFFFFFF85
:103B5000FFFFFFFFFFFFFFFFFFFFFFFFFFFFFFFF75
:103B6000FFFFFFFFFFFFFFFFFFFFFFFFFFFFFFFF65
:103B7000FFFFFFFFFFFFFFFFFFFFFFFFFFFFFFFF55
:103B8000FFFFFFFFFFFFFFFFFFFFFFFFFFFFFFFF45
:103B9000FFFFFFFFFFFFFFFFFFFFFFFFFFFFFFFF35
:103BA000FFFFFFFFFFFFFFFFFFFFFFFFFFFFFFFF25
:103BB000FFFFFFFFFFFFFFFFFFFFFFFFFFFFFFFF15
:103BC000FFFFFFFFFFFFFFFFFFFFFFFFFFFFFFFF05
:103BD000FFFFFFFFFFFFFFFFFFFFFFFFFFFFFFFFF5
:103BE000FFFFFFFFFFFFFFFFFFFFFFFFFFFFFFFFE5
:103BF000FFFFFFFFFFFFFFFFFFFFFFFFFFFFFFFFD5
:103C0000FFFFFFFFFFFFFFFFFFFFFFFFFFFFFFFFC4
:103C1000FFFFFFFFFFFFFFFFFFFFFFFFFFFFFFFFB4
:103C2000FFFFFFFFFFFFFFFFFFFFFFFFFFFFFFFFA4
:103C3000FFFFFFFFFFFFFFFFFFFFFFFFFFFFFFFF94
:103C4000FFFFFFFFFFFFFFFFFFFFFFFFFFFFFFFF84
:103C5000FFFFFFFFFFFFFFFFFFFFFFFFFFFFFFFF74
:103C6000FFFFFFFFFFFFFFFFFFFFFFFFFFFFFFFF64
:103C7000FFFFFFFFFFFFFFFFFFFFFFFFFFFFFFFF54
:103C8000FFFFFFFFFFFFFFFFFFFFFFFFFFFFFFFF44
:103C9000FFFFFFFFFFFFFFFFFFFFFFFFFFFFFFFF34
:103CA000FFFFFFFFFFFFFFFFFFFFFFFFFFFFFFFF24
:103CB000FFFFFFFFFFFFFFFFFFFFFFFFFFFFFFFF14
:103CC000FFFFFFFFFFFFFFFFFFFFFFFFFFFFFFFF04
:103CD000FFFFFFFFFFFFFFFFFFFFFFFFFFFFFFFFF4
:103CE000FFFFFFFFFFFFFFFFFFFFFFFFFFFFFFFFE4
:103CF000FFFFFFFFFFFFFFFFFFFFFFFFFFFFFFFFD4
:103D0000FFFFFFFFFFFFFFFFFFFFFFFFFFFFFFFFC3
:103D1000FFFFFFFFFFFFFFFFFFFFFFFFFFFFFFFFB3
:103D2000FFFFFFFFFFFFFFFFFFFFFFFFFFFFFFFFA3
:103D3000FFFFFFFFFFFFFFFFFFFFFFFFFFFFFFFF93
:103D4000FFFFFFFFFFFFFFFFFFFFFFFFFFFFFFFF83
:103D5000FFFFFFFFFFFFFFFFFFFFFFFFFFFFFFFF73
:103D6000FFFFFFFFFFFFFFFFFFFFFFFFFFFFFFFF63
:103D7000FFFFFFFFFFFFFFFFFFFFFFFFFFFFFFFF53
:103D8000FFFFFFFFFFFFFFFFFFFFFFFFFFFFFFFF43
:103D9000FFFFFFFFFFFFFFFFFFFFFFFFFFFFFFFF33
:103DA000FFFFFFFFFFFFFFFFFFFFFFFFFFFFFFFF23
:103DB000FFFFFFFFFFFFFFFFFFFFFFFFFFFFFFFF13
:103DC000FFFFFFFFFFFFFFFFFFFFFFFFFFFFFFFF03
:103DD000FFFFFFFFFFFFFFFFFFFFFFFFFFFFFFFFF3
:103DE000FFFFFFFFFFFFFFFFFFFFFFFFFFFFFFFFE3
:103DF000FFFFFFFFFFFFFFFFFFFFFFFFFFFFFFFFD3
:103E0000FFFFFFFFFFFFFFFFFFFFFFFFFFFFFFFFC2
:103E1000FFFFFFFFFFFFFFFFFFFFFFFFFFFFFFFFB2
:103E2000FFFFFFFFFFFFFFFFFFFFFFFFFFFFFFFFA2
:103E3000FFFFFFFFFFFFFFFFFFFFFFFFFFFFFFFF92
:103E4000FFFFFFFFFFFFFFFFFFFFFFFFFFFFFFFF82
:103E5000FFFFFFFFFFFFFFFFFFFFFFFFFFFFFFFF72
:103E6000FFFFFFFFFFFFFFFFFFFFFFFFFFFFFFFF62
:103E7000FFFFFFFFFFFFFFFFFFFFFFFFFFFFFFFF52
:103E8000FFFFFFFFFFFFFFFFFFFFFFFFFFFFFFFF42
:103E9000FFFFFFFFFFFFFFFFFFFFFFFFFFFFFFFF32
:103EA000FFFFFFFFFFFFFFFFFFFFFFFFFFFFFFFF22
:103EB000FFFFFFFFFFFFFFFFFFFFFFFFFFFFFFFF12
:103EC000FFFFFFFFFFFFFFFFFFFFFFFFFFFFFFFF02
:103ED000FFFFFFFFFFFFFFFFFFFFFFFFFFFFFFFFF2
:103EE000FFFFFFFFFFFFFFFFFFFFFFFFFFFFFFFFE2
:103EF000FFFFFFFFFFFFFFFFFFFFFFFFFFFFFFFFD2
:103F0000FFFFFFFFFFFFFFFFFFFFFFFFFFFFFFFFC1
:103F1000FFFFFFFFFFFFFFFFFFFFFFFFFFFFFFFFB1
:103F2000FFFFFFFFFFFFFFFFFFFFFFFFFFFFFFFFA1
:103F3000FFFFFFFFFFFFFFFFFFFFFFFFFFFFFFFF91
:103F4000FFFFFFFFFFFFFFFFFFFFFFFFFFFFFFFF81
:103F5000FFFFFFFFFFFFFFFFFFFFFFFFFFFFFFFF71
:103F6000FFFFFFFFFFFFFFFFFFFFFFFFFFFFFFFF61
:103F7000FFFFFFFFFFFFFFFFFFFFFFFFFFFFFFFF51
:103F8000FFFFFFFFFFFFFFFFFFFFFFFFFFFFFFFF41
:103F9000FFFFFFFFFFFFFFFFFFFFFFFFFFFFFFFF31
:103FA000FFFFFFFFFFFFFFFFFFFFFFFFFFFFFFFF21
:103FB000FFFFFFFFFFFFFFFFFFFFFFFFFFFFFFFF11
:103FC000FFFFFFFFFFFFFFFFFFFFFFFFFFFFFFFF01
:103FD000FFFFFFFFFFFFFFFFFFFFFFFFFFFFFFFFF1
:103FE000FFFFFFFFFFFFFFFFFFFFFFFFFFFFFFFFE1
:103FF000FFFFFFFFFFFFFFFFFFFFFFFFFFFFFFFFD1
:10400000FFFFFFFFFFFFFFFFFFFFFFFFFFFFFFFFC0
:10401000FFFFFFFFFFFFFFFFFFFFFFFFFFFFFFFFB0
:10402000FFFFFFFFFFFFFFFFFFFFFFFFFFFFFFFFA0
:10403000FFFFFFFFFFFFFFFFFFFFFFFFFFFFFFFF90
:10404000FFFFFFFFFFFFFFFFFFFFFFFFFFFFFFFF80
:10405000FFFFFFFFFFFFFFFFFFFFFFFFFFFFFFFF70
:10406000FFFFFFFFFFFFFFFFFFFFFFFFFFFFFFFF60
:10407000FFFFFFFFFFFFFFFFFFFFFFFFFFFFFFFF50
:10408000FFFFFFFFFFFFFFFFFFFFFFFFFFFFFFFF40
:10409000FFFFFFFFFFFFFFFFFFFFFFFFFFFFFFFF30
:1040A000FFFFFFFFFFFFFFFFFFFFFFFFFFFFFFFF20
:1040B000FFFFFFFFFFFFFFFFFFFFFFFFFFFFFFFF10
:1040C000FFFFFFFFFFFFFFFFFFFFFFFFFFFFFFFF00
:1040D000FFFFFFFFFFFFFFFFFFFFFFFFFFFFFFFFF0
:1040E000FFFFFFFFFFFFFFFFFFFFFFFFFFFFFFFFE0
:1040F000FFFFFFFFFFFFFFFFFFFFFFFFFFFFFFFFD0
:10410000FFFFFFFFFFFFFFFFFFFFFFFFFFFFFFFFBF
:10411000FFFFFFFFFFFFFFFFFFFFFFFFFFFFFFFFAF
:10412000FFFFFFFFFFFFFFFFFFFFFFFFFFFFFFFF9F
:10413000FFFFFFFFFFFFFFFFFFFFFFFFFFFFFFFF8F
:10414000FFFFFFFFFFFFFFFFFFFFFFFFFFFFFFFF7F
:10415000FFFFFFFFFFFFFFFFFFFFFFFFFFFFFFFF6F
:10416000FFFFFFFFFFFFFFFFFFFFFFFFFFFFFFFF5F
:10417000FFFFFFFFFFFFFFFFFFFFFFFFFFFFFFFF4F
:10418000FFFFFFFFFFFFFFFFFFFFFFFFFFFFFFFF3F
:10419000FFFFFFFFFFFFFFFFFFFFFFFFFFFFFFFF2F
:1041A000FFFFFFFFFFFFFFFFFFFFFFFFFFFFFFFF1F
:1041B000FFFFFFFFFFFFFFFFFFFFFFFFFFFFFFFF0F
:1041C000FFFFFFFFFFFFFFFFFFFFFFFFFFFFFFFFFF
:1041D000FFFFFFFFFFFFFFFFFFFFFFFFFFFFFFFFEF
:1041E000FFFFFFFFFFFFFFFFFFFFFFFFFFFFFFFFDF
:1041F000FFFFFFFFFFFFFFFFFFFFFFFFFFFFFFFFCF
:10420000FFFFFFFFFFFFFFFFFFFFFFFFFFFFFFFFBE
:10421000FFFFFFFFFFFFFFFFFFFFFFFFFFFFFFFFAE
:10422000FFFFFFFFFFFFFFFFFFFFFFFFFFFFFFFF9E
:10423000FFFFFFFFFFFFFFFFFFFFFFFFFFFFFFFF8E
:10424000FFFFFFFFFFFFFFFFFFFFFFFFFFFFFFFF7E
:10425000FFFFFFFFFFFFFFFFFFFFFFFFFFFFFFFF6E
:10426000FFFFFFFFFFFFFFFFFFFFFFFFFFFFFFFF5E
:10427000FFFFFFFFFFFFFFFFFFFFFFFFFFFFFFFF4E
:10428000FFFFFFFFFFFFFFFFFFFFFFFFFFFFFFFF3E
:10429000FFFFFFFFFFFFFFFFFFFFFFFFFFFFFFFF2E
:1042A000FFFFFFFFFFFFFFFFFFFFFFFFFFFFFFFF1E
:1042B000FFFFFFFFFFFFFFFFFFFFFFFFFFFFFFFF0E
:1042C000FFFFFFFFFFFFFFFFFFFFFFFFFFFFFFFFFE
:1042D000FFFFFFFFFFFFFFFFFFFFFFFFFFFFFFFFEE
:1042E000FFFFFFFFFFFFFFFFFFFFFFFFFFFFFFFFDE
:1042F000FFFFFFFFFFFFFFFFFFFFFFFFFFFFFFFFCE
:10430000FFFFFFFFFFFFFFFFFFFFFFFFFFFFFFFFBD
:10431000FFFFFFFFFFFFFFFFFFFFFFFFFFFFFFFFAD
:10432000FFFFFFFFFFFFFFFFFFFFFFFFFFFFFFFF9D
:10433000FFFFFFFFFFFFFFFFFFFFFFFFFFFFFFFF8D
:10434000FFFFFFFFFFFFFFFFFFFFFFFFFFFFFFFF7D
:10435000FFFFFFFFFFFFFFFFFFFFFFFFFFFFFFFF6D
:10436000FFFFFFFFFFFFFFFFFFFFFFFFFFFFFFFF5D
:10437000FFFFFFFFFFFFFFFFFFFFFFFFFFFFFFFF4D
:10438000FFFFFFFFFFFFFFFFFFFFFFFFFFFFFFFF3D
:10439000FFFFFFFFFFFFFFFFFFFFFFFFFFFFFFFF2D
:1043A000FFFFFFFFFFFFFFFFFFFFFFFFFFFFFFFF1D
:1043B000FFFFFFFFFFFFFFFFFFFFFFFFFFFFFFFF0D
:1043C000FFFFFFFFFFFFFFFFFFFFFFFFFFFFFFFFFD
:1043D000FFFFFFFFFFFFFFFFFFFFFFFFFFFFFFFFED
:1043E000FFFFFFFFFFFFFFFFFFFFFFFFFFFFFFFFDD
:1043F000FFFFFFFFFFFFFFFFFFFFFFFFFFFFFFFFCD
:10440000FFFFFFFFFFFFFFFFFFFFFFFFFFFFFFFFBC
:10441000FFFFFFFFFFFFFFFFFFFFFFFFFFFFFFFFAC
:10442000FFFFFFFFFFFFFFFFFFFFFFFFFFFFFFFF9C
:10443000FFFFFFFFFFFFFFFFFFFFFFFFFFFFFFFF8C
:10444000FFFFFFFFFFFFFFFFFFFFFFFFFFFFFFFF7C
:10445000FFFFFFFFFFFFFFFFFFFFFFFFFFFFFFFF6C
:10446000FFFFFFFFFFFFFFFFFFFFFFFFFFFFFFFF5C
:10447000FFFFFFFFFFFFFFFFFFFFFFFFFFFFFFFF4C
:10448000FFFFFFFFFFFFFFFFFFFFFFFFFFFFFFFF3C
:10449000FFFFFFFFFFFFFFFFFFFFFFFFFFFFFFFF2C
:1044A000FFFFFFFFFFFFFFFFFFFFFFFFFFFFFFFF1C
:1044B000FFFFFFFFFFFFFFFFFFFFFFFFFFFFFFFF0C
:1044C000FFFFFFFFFFFFFFFFFFFFFFFFFFFFFFFFFC
:1044D000FFFFFFFFFFFFFFFFFFFFFFFFFFFFFFFFEC
:1044E000FFFFFFFFFFFFFFFFFFFFFFFFFFFFFFFFDC
:1044F000FFFFFFFFFFFFFFFFFFFFFFFFFFFFFFFFCC
:10450000FFFFFFFFFFFFFFFFFFFFFFFFFFFFFFFFBB
:10451000FFFFFFFFFFFFFFFFFFFFFFFFFFFFFFFFAB
:10452000FFFFFFFFFFFFFFFFFFFFFFFFFFFFFFFF9B
:10453000FFFFFFFFFFFFFFFFFFFFFFFFFFFFFFFF8B
:10454000FFFFFFFFFFFFFFFFFFFFFFFFFFFFFFFF7B
:10455000FFFFFFFFFFFFFFFFFFFFFFFFFFFFFFFF6B
:10456000FFFFFFFFFFFFFFFFFFFFFFFFFFFFFFFF5B
:10457000FFFFFFFFFFFFFFFFFFFFFFFFFFFFFFFF4B
:10458000FFFFFFFFFFFFFFFFFFFFFFFFFFFFFFFF3B
:10459000FFFFFFFFFFFFFFFFFFFFFFFFFFFFFFFF2B
:1045A000FFFFFFFFFFFFFFFFFFFFFFFFFFFFFFFF1B
:1045B000FFFFFFFFFFFFFFFFFFFFFFFFFFFFFFFF0B
:1045C000FFFFFFFFFFFFFFFFFFFFFFFFFFFFFFFFFB
:1045D000FFFFFFFFFFFFFFFFFFFFFFFFFFFFFFFFEB
:1045E000FFFFFFFFFFFFFFFFFFFFFFFFFFFFFFFFDB
:1045F000FFFFFFFFFFFFFFFFFFFFFFFFFFFFFFFFCB
:10460000FFFFFFFFFFFFFFFFFFFFFFFFFFFFFFFFBA
:10461000FFFFFFFFFFFFFFFFFFFFFFFFFFFFFFFFAA
:10462000FFFFFFFFFFFFFFFFFFFFFFFFFFFFFFFF9A
:10463000FFFFFFFFFFFFFFFFFFFFFFFFFFFFFFFF8A
:10464000FFFFFFFFFFFFFFFFFFFFFFFFFFFFFFFF7A
:10465000FFFFFFFFFFFFFFFFFFFFFFFFFFFFFFFF6A
:10466000FFFFFFFFFFFFFFFFFFFFFFFFFFFFFFFF5A
:10467000FFFFFFFFFFFFFFFFFFFFFFFFFFFFFFFF4A
:10468000FFFFFFFFFFFFFFFFFFFFFFFFFFFFFFFF3A
:10469000FFFFFFFFFFFFFFFFFFFFFFFFFFFFFFFF2A
:1046A000FFFFFFFFFFFFFFFFFFFFFFFFFFFFFFFF1A
:1046B000FFFFFFFFFFFFFFFFFFFFFFFFFFFFFFFF0A
:1046C000FFFFFFFFFFFFFFFFFFFFFFFFFFFFFFFFFA
:1046D000FFFFFFFFFFFFFFFFFFFFFFFFFFFFFFFFEA
:1046E000FFFFFFFFFFFFFFFFFFFFFFFFFFFFFFFFDA
:1046F000FFFFFFFFFFFFFFFFFFFFFFFFFFFFFFFFCA
:10470000FFFFFFFFFFFFFFFFFFFFFFFFFFFFFFFFB9
:10471000FFFFFFFFFFFFFFFFFFFFFFFFFFFFFFFFA9
:10472000FFFFFFFFFFFFFFFFFFFFFFFFFFFFFFFF99
:10473000FFFFFFFFFFFFFFFFFFFFFFFFFFFFFFFF89
:10474000FFFFFFFFFFFFFFFFFFFFFFFFFFFFFFFF79
:10475000FFFFFFFFFFFFFFFFFFFFFFFFFFFFFFFF69
:10476000FFFFFFFFFFFFFFFFFFFFFFFFFFFFFFFF59
:10477000FFFFFFFFFFFFFFFFFFFFFFFFFFFFFFFF49
:10478000FFFFFFFFFFFFFFFFFFFFFFFFFFFFFFFF39
:10479000FFFFFFFFFFFFFFFFFFFFFFFFFFFFFFFF29
:1047A000FFFFFFFFFFFFFFFFFFFFFFFFFFFFFFFF19
:1047B000FFFFFFFFFFFFFFFFFFFFFFFFFFFFFFFF09
:1047C000FFFFFFFFFFFFFFFFFFFFFFFFFFFFFFFFF9
:1047D000FFFFFFFFFFFFFFFFFFFFFFFFFFFFFFFFE9
:1047E000FFFFFFFFFFFFFFFFFFFFFFFFFFFFFFFFD9
:1047F000FFFFFFFFFFFFFFFFFFFFFFFFFFFFFFFFC9
:10480000FFFFFFFFFFFFFFFFFFFFFFFFFFFFFFFFB8
:10481000FFFFFFFFFFFFFFFFFFFFFFFFFFFFFFFFA8
:10482000FFFFFFFFFFFFFFFFFFFFFFFFFFFFFFFF98
:10483000FFFFFFFFFFFFFFFFFFFFFFFFFFFFFFFF88
:10484000FFFFFFFFFFFFFFFFFFFFFFFFFFFFFFFF78
:10485000FFFFFFFFFFFFFFFFFFFFFFFFFFFFFFFF68
:10486000FFFFFFFFFFFFFFFFFFFFFFFFFFFFFFFF58
:10487000FFFFFFFFFFFFFFFFFFFFFFFFFFFFFFFF48
:10488000FFFFFFFFFFFFFFFFFFFFFFFFFFFFFFFF38
:10489000FFFFFFFFFFFFFFFFFFFFFFFFFFFFFFFF28
:1048A000FFFFFFFFFFFFFFFFFFFFFFFFFFFFFFFF18
:1048B000FFFFFFFFFFFFFFFFFFFFFFFFFFFFFFFF08
:1048C000FFFFFFFFFFFFFFFFFFFFFFFFFFFFFFFFF8
:1048D000FFFFFFFFFFFFFFFFFFFFFFFFFFFFFFFFE8
:1048E000FFFFFFFFFFFFFFFFFFFFFFFFFFFFFFFFD8
:1048F000FFFFFFFFFFFFFFFFFFFFFFFFFFFFFFFFC8
:10490000FFFFFFFFFFFFFFFFFFFFFFFFFFFFFFFFB7
:10491000FFFFFFFFFFFFFFFFFFFFFFFFFFFFFFFFA7
:10492000FFFFFFFFFFFFFFFFFFFFFFFFFFFFFFFF97
:10493000FFFFFFFFFFFFFFFFFFFFFFFFFFFFFFFF87
:10494000FFFFFFFFFFFFFFFFFFFFFFFFFFFFFFFF77
:10495000FFFFFFFFFFFFFFFFFFFFFFFFFFFFFFFF67
:10496000FFFFFFFFFFFFFFFFFFFFFFFFFFFFFFFF57
:10497000FFFFFFFFFFFFFFFFFFFFFFFFFFFFFFFF47
:10498000FFFFFFFFFFFFFFFFFFFFFFFFFFFFFFFF37
:10499000FFFFFFFFFFFFFFFFFFFFFFFFFFFFFFFF27
:1049A000FFFFFFFFFFFFFFFFFFFFFFFFFFFFFFFF17
:1049B000FFFFFFFFFFFFFFFFFFFFFFFFFFFFFFFF07
:1049C000FFFFFFFFFFFFFFFFFFFFFFFFFFFFFFFFF7
:1049D000FFFFFFFFFFFFFFFFFFFFFFFFFFFFFFFFE7
:1049E000FFFFFFFFFFFFFFFFFFFFFFFFFFFFFFFFD7
:1049F000FFFFFFFFFFFFFFFFFFFFFFFFFFFFFFFFC7
:104A0000FFFFFFFFFFFFFFFFFFFFFFFFFFFFFFFFB6
:104A1000FFFFFFFFFFFFFFFFFFFFFFFFFFFFFFFFA6
:104A2000FFFFFFFFFFFFFFFFFFFFFFFFFFFFFFFF96
:104A3000FFFFFFFFFFFFFFFFFFFFFFFFFFFFFFFF86
:104A4000FFFFFFFFFFFFFFFFFFFFFFFFFFFFFFFF76
:104A5000FFFFFFFFFFFFFFFFFFFFFFFFFFFFFFFF66
:104A6000FFFFFFFFFFFFFFFFFFFFFFFFFFFFFFFF56
:104A7000FFFFFFFFFFFFFFFFFFFFFFFFFFFFFFFF46
:104A8000FFFFFFFFFFFFFFFFFFFFFFFFFFFFFFFF36
:104A9000FFFFFFFFFFFFFFFFFFFFFFFFFFFFFFFF26
:104AA000FFFFFFFFFFFFFFFFFFFFFFFFFFFFFFFF16
:104AB000FFFFFFFFFFFFFFFFFFFFFFFFFFFFFFFF06
:104AC000FFFFFFFFFFFFFFFFFFFFFFFFFFFFFFFFF6
:104AD000FFFFFFFFFFFFFFFFFFFFFFFFFFFFFFFFE6
:104AE000FFFFFFFFFFFFFFFFFFFFFFFFFFFFFFFFD6
:104AF000FFFFFFFFFFFFFFFFFFFFFFFFFFFFFFFFC6
:104B0000FFFFFFFFFFFFFFFFFFFFFFFFFFFFFFFFB5
:104B1000FFFFFFFFFFFFFFFFFFFFFFFFFFFFFFFFA5
:104B2000FFFFFFFFFFFFFFFFFFFFFFFFFFFFFFFF95
:104B3000FFFFFFFFFFFFFFFFFFFFFFFFFFFFFFFF85
:104B4000FFFFFFFFFFFFFFFFFFFFFFFFFFFFFFFF75
:104B5000FFFFFFFFFFFFFFFFFFFFFFFFFFFFFFFF65
:104B6000FFFFFFFFFFFFFFFFFFFFFFFFFFFFFFFF55
:104B7000FFFFFFFFFFFFFFFFFFFFFFFFFFFFFFFF45
:104B8000FFFFFFFFFFFFFFFFFFFFFFFFFFFFFFFF35
:104B9000FFFFFFFFFFFFFFFFFFFFFFFFFFFFFFFF25
:104BA000FFFFFFFFFFFFFFFFFFFFFFFFFFFFFFFF15
:104BB000FFFFFFFFFFFFFFFFFFFFFFFFFFFFFFFF05
:104BC000FFFFFFFFFFFFFFFFFFFFFFFFFFFFFFFFF5
:104BD000FFFFFFFFFFFFFFFFFFFFFFFFFFFFFFFFE5
:104BE000FFFFFFFFFFFFFFFFFFFFFFFFFFFFFFFFD5
:104BF000FFFFFFFFFFFFFFFFFFFFFFFFFFFFFFFFC5
:104C0000FFFFFFFFFFFFFFFFFFFFFFFFFFFFFFFFB4
:104C1000FFFFFFFFFFFFFFFFFFFFFFFFFFFFFFFFA4
:104C2000FFFFFFFFFFFFFFFFFFFFFFFFFFFFFFFF94
:104C3000FFFFFFFFFFFFFFFFFFFFFFFFFFFFFFFF84
:104C4000FFFFFFFFFFFFFFFFFFFFFFFFFFFFFFFF74
:104C5000FFFFFFFFFFFFFFFFFFFFFFFFFFFFFFFF64
:104C6000FFFFFFFFFFFFFFFFFFFFFFFFFFFFFFFF54
:104C7000FFFFFFFFFFFFFFFFFFFFFFFFFFFFFFFF44
:104C8000FFFFFFFFFFFFFFFFFFFFFFFFFFFFFFFF34
:104C9000FFFFFFFFFFFFFFFFFFFFFFFFFFFFFFFF24
:104CA000FFFFFFFFFFFFFFFFFFFFFFFFFFFFFFFF14
:104CB000FFFFFFFFFFFFFFFFFFFFFFFFFFFFFFFF04
:104CC000FFFFFFFFFFFFFFFFFFFFFFFFFFFFFFFFF4
:104CD000FFFFFFFFFFFFFFFFFFFFFFFFFFFFFFFFE4
:104CE000FFFFFFFFFFFFFFFFFFFFFFFFFFFFFFFFD4
:104CF000FFFFFFFFFFFFFFFFFFFFFFFFFFFFFFFFC4
:104D0000FFFFFFFFFFFFFFFFFFFFFFFFFFFFFFFFB3
:104D1000FFFFFFFFFFFFFFFFFFFFFFFFFFFFFFFFA3
:104D2000FFFFFFFFFFFFFFFFFFFFFFFFFFFFFFFF93
:104D3000FFFFFFFFFFFFFFFFFFFFFFFFFFFFFFFF83
:104D4000FFFFFFFFFFFFFFFFFFFFFFFFFFFFFFFF73
:104D5000FFFFFFFFFFFFFFFFFFFFFFFFFFFFFFFF63
:104D6000FFFFFFFFFFFFFFFFFFFFFFFFFFFFFFFF53
:104D7000FFFFFFFFFFFFFFFFFFFFFFFFFFFFFFFF43
:104D8000FFFFFFFFFFFFFFFFFFFFFFFFFFFFFFFF33
:104D9000FFFFFFFFFFFFFFFFFFFFFFFFFFFFFFFF23
:104DA000FFFFFFFFFFFFFFFFFFFFFFFFFFFFFFFF13
:104DB000FFFFFFFFFFFFFFFFFFFFFFFFFFFFFFFF03
:104DC000FFFFFFFFFFFFFFFFFFFFFFFFFFFFFFFFF3
:104DD000FFFFFFFFFFFFFFFFFFFFFFFFFFFFFFFFE3
:104DE000FFFFFFFFFFFFFFFFFFFFFFFFFFFFFFFFD3
:104DF000FFFFFFFFFFFFFFFFFFFFFFFFFFFFFFFFC3
:104E0000FFFFFFFFFFFFFFFFFFFFFFFFFFFFFFFFB2
:104E1000FFFFFFFFFFFFFFFFFFFFFFFFFFFFFFFFA2
:104E2000FFFFFFFFFFFFFFFFFFFFFFFFFFFFFFFF92
:104E3000FFFFFFFFFFFFFFFFFFFFFFFFFFFFFFFF82
:104E4000FFFFFFFFFFFFFFFFFFFFFFFFFFFFFFFF72
:104E5000FFFFFFFFFFFFFFFFFFFFFFFFFFFFFFFF62
:104E6000FFFFFFFFFFFFFFFFFFFFFFFFFFFFFFFF52
:104E7000FFFFFFFFFFFFFFFFFFFFFFFFFFFFFFFF42
:104E8000FFFFFFFFFFFFFFFFFFFFFFFFFFFFFFFF32
:104E9000FFFFFFFFFFFFFFFFFFFFFFFFFFFFFFFF22
:104EA000FFFFFFFFFFFFFFFFFFFFFFFFFFFFFFFF12
:104EB000FFFFFFFFFFFFFFFFFFFFFFFFFFFFFFFF02
:104EC000FFFFFFFFFFFFFFFFFFFFFFFFFFFFFFFFF2
:104ED000FFFFFFFFFFFFFFFFFFFFFFFFFFFFFFFFE2
:104EE000FFFFFFFFFFFFFFFFFFFFFFFFFFFFFFFFD2
:104EF000FFFFFFFFFFFFFFFFFFFFFFFFFFFFFFFFC2
:104F0000FFFFFFFFFFFFFFFFFFFFFFFFFFFFFFFFB1
:104F1000FFFFFFFFFFFFFFFFFFFFFFFFFFFFFFFFA1
:104F2000FFFFFFFFFFFFFFFFFFFFFFFFFFFFFFFF91
:104F3000FFFFFFFFFFFFFFFFFFFFFFFFFFFFFFFF81
:104F4000FFFFFFFFFFFFFFFFFFFFFFFFFFFFFFFF71
:104F5000FFFFFFFFFFFFFFFFFFFFFFFFFFFFFFFF61
:104F6000FFFFFFFFFFFFFFFFFFFFFFFFFFFFFFFF51
:104F7000FFFFFFFFFFFFFFFFFFFFFFFFFFFFFFFF41
:104F8000FFFFFFFFFFFFFFFFFFFFFFFFFFFFFFFF31
:104F9000FFFFFFFFFFFFFFFFFFFFFFFFFFFFFFFF21
:104FA000FFFFFFFFFFFFFFFFFFFFFFFFFFFFFFFF11
:104FB000FFFFFFFFFFFFFFFFFFFFFFFFFFFFFFFF01
:104FC000FFFFFFFFFFFFFFFFFFFFFFFFFFFFFFFFF1
:104FD000FFFFFFFFFFFFFFFFFFFFFFFFFFFFFFFFE1
:104FE000FFFFFFFFFFFFFFFFFFFFFFFFFFFFFFFFD1
:104FF000FFFFFFFFFFFFFFFFFFFFFFFFFFFFFFFFC1
:105000000030BD7CBD7CBD7CBD7CBD7CBD7CBD7CE1
:105010006D98BD7C693ABD7CBD7C590A5E306C6080
:105020005EE4BD7C6B1E598A5E86BD7CBD7CBD7C0A
:10503000E0603C00E1F0CC02E0603C10E13F107E1B
:10504000E0001400E0603C17E01F1434E1B214E803
:105050003C790108E02015023D2815801601E00288
:10506000D834E17A14583C0200000000000000002F
:105070000000000000000000000000000000000030
:105080000000000000000000000000000000000020
:105090000000000000000000000000000000000010
:1050A0000000000000000000000000000000000000
:1050B00000000000000000000000000000000000F0
:1050C00000000000000000000000000000000000E0
:1050D00000000000000000000000000000000000D0
:1050E00000000000000000000000000000000000C0
:1050F00000000000000000000000000000000000B0
:105100006CDC93236E3E91C107DAF825DA2520DFA7
:1051100000000000000000FF0000C837000080C74A
:10512000708F00FFDA2503FC03FC01FE3BC401FE87
:1051300001FE02FD0AF501FEFFFFFFFFFFFFC8377A
:105140005030303100FFFFFFFFFFFFFFFFFFFFFF89
:10515000FFFFFFFFFFFFFFFFFFFFFFFFFFFFFFFF5F
:105160004330303100FFFFFFFFFFFFFFFFFFFFFF76
:10517000FFFFFFFFFFFFFFFFFFFFFFFFFFFFFFFF3F
:10518000FFFFFFFFFFFFFFFFFFFFFFFFFFFFFFFF2F
:10519000FFFFFFFFFFFFFFFFFFFFFFFFFFFFFFFF1F
:1051A00008B5E400C50EE07510C4E00F389AE012AF
:1051B0008DAFE0128E8FE012899FE88B4FDCE6AB5B
:1051C000CD8B3FFDE00005D9E075113AE075163052
:1051D000E8794AABE004391DE00E3E1D8F848F0E46
:1051E0002A892FA63FE3A9842F34E00E3E1DAD8E01
:1051F0003F6B3DEDE400C5863D91E003C5A48D8B7A
:10520000E200CD8101881780391D17003E9CAF82D6
:10521000AF8D3FEEE88B4EF0E201CEFF0186389A6B
:10522000E0128F81E12F3F8DAF88AF090AE1E005E1
:1052300039AFE0413AA5E200CA8F050539FF05877D
:10524000C781AF84E00F391D8F8F00CFC7FF00FAF1
:10525000E0033DAEE04139A3E200C99005073DFE01
:10526000E00B3E1D0587C708AF0BE00E3E1D8F0EFD
:1052700000C1C77800FA3F6B3FE300CD08B13FE8BB
:10528000E082977F3EEEE00C370FE0C0971F3C7F37
:10529000E00A370F3E9EB71FE02C3E7A01F73FE948
:1052A0003F9DE00E348FE02E3F7CB48815001599A9
:1052B0003C6E3CEFE006DA813C6908E1E80F57FEFE
:1052C000170196EF1600E700CE9EB6EF968FE70720
:1052D000CE9CB68F96EFE700CE9EB6EF968FE70690
:1052E000CE9CB68F96EFE700CE9EB6EF968FE70185
:1052F000CE9EB68F3882E86F4FD4C781E201C7FFD8
:10530000E86F6FD4E8726F8B3882E86E4FF6E20078
:10531000CFC0E00001490933E0613F82E7FD177F1C
:105320003FDEE0613F92E7EE1580978BE80F557DF9
:10533000E001CF80B78B1600E00197AA17013EE885
:10534000E703CF9E3E9C170AE001B7AA3FECE02C92
:105350003E7EE7501704B60E110AB69E3EE8C6819F
:105360003E9FE02C3FF2E7501708B60EB69E3EE88F
:10537000C6823E9FE02C3FF2E750170CB60EB69E59
:10538000E001972AE703CF1FE001B72AE7FE177F66
:10539000978B3FDEB78BE0613F82E002CF80E06118
:1053A0003F9209E23882E8714FFA27A308B2E87504
:1053B0004F2C1780E02F3F0FE8756FAC2F17E0736D
:1053C00017F8E83777EB1100E837546BDF9FE80FE9
:1053D00057FDE002972FE707CF12E002B72FDF8CCF
:1053E000E8716979E871697A0961E07417D200EAB5
:1053F000388208B7C076E8435741E86655C0E20AEC
:10540000CF78E843563F179E17141280E06E3A2F6C
:105410001300E8864C7CE86E6AE8E08210DC7601D6
:1054200073027703758452823C750190E84357C13B
:10543000E20ECF880509E8724F87E200CF810104B0
:105440001580E86E6DE8C00A0BE18F818E9137A55B
:1054500057043F9D37A13F9E970FE200CE81E12F79
:105460003B6D3B6FE201C37FE00002CB578152836B
:105470003FF5E00005DA1581E86E6DE85581E20040
:10548000CDADE00005D2E200CE8CE0010281160134
:10549000E20ECF08E86E6E68E0010201E0011248FA
:1054A000119EE86E4FE8E0002FCAE009374F3AED51
:1054B0003C9EC28134813D6D11117285C17FE00037
:1054C000294615BCE12C3F9B2606E00A12F8E02C89
:1054D0003F152E0A159DE12F3F9B2789E00A16777D
:1054E000E02E3E2E27041701E86E6F68E00D3D2D7B
:1054F000E200CE8405231781E86E6FE8009FE2008A
:10550000CB05E7FF02BD560157833E7F058D128113
:10551000E86E6AE8E7FF00B4E200CC010188E00130
:10552000123411AD0087E20ECF080277E001124875
:10553000119EE200CE8CE7FF05B65782C082C7817C
:10554000E201C7FF7782E7FE00F05585E00C3125C8
:10555000E201C5FFE00C3DACE09D12BC36213E15DA
:10556000E200CD8BE7FF02ACE180929CE1273A9309
:105570002385E1273A152382C7813CF53AEBE065A4
:105580003B2AC5813D65E201C5FF00EBE20ECF0875
:105590000555E200CC0101CB00D13C7C01C8E00103
:1055A000123411ADE7FE00FF08B71580E86E6DE715
:1055B000E095133C1580396B3C6B3CEB3D66E0039A
:1055C000312339961088E1809393E00E338F3C9716
:1055D000E0283C7EC0FFE201C0FFE02B3DE728F45D
:1055E000C108E201C90001ECE200CC003F683FE9DC
:1055F0000306E000C7FF1480E02E3C79E00837C7BF
:105600001783E0023729E02B3DBF178039483CEF74
:105610003C6F1181E0013D191708E18093113B7B3C
:105620000505C781E201C7FF3C63C77FE201C77F71
:105630002F75E000C4C0E208CC8001ED2403E86EC1
:105640006FE717803B6F3BEFE096149AE200CF8E36
:105650003DEFE400C58601A9E00A358F3C663CE7D2
:10566000E006D8AB178039E93E6F3EEFE09614AE06
:10567000E200CF8E3DEFE400C58601AAE00A358F37
:105680003C6C3CEDE006D899E0413F29E0413FA366
:105690003F7FE0413FA2E0693A23E0413F293FFEDE
:1056A000052BE00839290BE1E00B37A63D99170FD0
:1056B000E180951BE00C350F3B9AE0263B7CC7014F
:1056C000E201C77FE200CF1501F4C78100C0E00B03
:1056D00037A63D991719E180951BE004350F3E9AD6
:1056E000E02C3E74C701E201C77FE200CF1F01F446
:1056F000C781E7FF00BF140000D7E8794FA4E0009E
:1057000027DDE86E4F68E200CF0101B5E86E4FE695
:10571000C781E201C7FFE200CF8F029EE86E6FE60D
:105720001780E81F6FF7E86E6FDEE86E6FDDE86EDA
:105730004FE52F87E86E4F54E200CF01E00101AE44
:10574000E8724F3117812F03E8756FADE8726FB1C2
:10575000E86E6FDC38821780E86E6FE61783E86EBC
:105760006FE4E83757B1E86E6F65E86E6FE0E86E9A
:105770006F5F00D7E86E4F682F5BE86E4FE4E20181
:10578000C7FDE200CF810154E86E4FDEC781E20120
:10579000C7FFE200CF8F0289E86E6FDE1780E81F37
:1057A0006FF7E86E6FE600C21782E86E6F5EE86E14
:1057B0006F65E86E6FE400F3E83757B1E200CF8D14
:1057C0000504E86E4FDF278BE83757B1E200CFE3DF
:1057D0000523E86E4FDFE200CF81019EE83757B125
:1057E000E81F4FF7C781E201C7FFE200CF990287A8
:1057F000E81F6FF71780E86E6FDE00D4178FE81F81
:105800006FF71781E86E6FE5E86E6FE4E83757B120
:10581000E86E6FE000F0E83757B1E200CF8B051576
:10582000E86E4FE0E201CFB405881683E8375731C0
:10583000E12F3FBD3FFE0209E86E4FDF27AAE837A0
:1058400057B1E200CFE30225E86E4FDCE86E4FDD92
:10585000C781E201C7FFE200CF88028AE86E6FDDF0
:105860001780E86E6FDEE86E6FE6E7FE00E21780F5
:10587000E86E6FDDE86E6FE5E86E6FE4178FE81F86
:105880006FF7E86E4FDF27ED1794E81F6FF600E91A
:10589000E86E4FDCE7FE00CDE86E6FDFE8724FB1D7
:1058A000E200CF810183E8756FAD1780E86E6FE08D
:1058B000E7FE00CE08B7C046E8375114E8375193E9
:1058C000E87948AF1214710DE1FFC11C718EE1FF40
:1058D000C19CE07516C4E067175070937216711C76
:1058E000719D8FCDE200CF89E00402C1958DE0016A
:1058F0002585528DE1253DA57294939DE00123827B
:10590000548EE1293BA974953E6FE400C606E07809
:1059100010E83E118E0CE200CE02E00701903C6FD1
:10592000E400C43288EDE0093F1891599269E00320
:105930003DA2E0413D23718BE0053BA491DD75095B
:10594000E0413E25750F71878D5D89D9721239FA54
:10595000926D760A76107111728C72089679E00158
:1059600091090382AD593C1E8CE83CF10382A8E802
:105970003CEFE400C4B23C9E8C19E201CC79028376
:10598000C401AC19E06B14C63C9FE0058C89749788
:105990003CEF5297E400C4B22285E0083F198C081E
:1059A00074163C9E8B39E0042B355493E0083DACD3
:1059B000E0023BA2E200CC87E0413C28E0413922F2
:1059C0003C1205A3E200CC5014A81614E06C3C294C
:1059D0003CEFE400C4B23C9E8919E200C91105AA5B
:1059E000E200CD78E00305E4E200CC77E003025B5F
:1059F0001432AC09E00000E014017414E7FE00FF6B
:105A000015017515E7FF00825613E200CE040586E6
:105A1000E200CC3C149E160F00DA5113E200C902DA
:105A2000E00605CFE200CC31148A1614E06C3A2966
:105A300000D08909E0083521E400C1033978E0038A
:105A4000031EE200CD28E003059A1103E0283C3252
:105A5000AC093CEFE400C4B2E200CD4F3C9EE00351
:105A6000029A8C79C401AC793CEFE400C4B23C9E4C
:105A70008C59E200CC50059F8979E200C902029B53
:105A8000396AC114397804058CE930A138F9031357
:105A9000548F51903C93E200CCE3E00205FF520F9B
:105AA00031C232427209718A3CEFE400C4B214027E
:105AB0003C9EAC491400528A548950893C95E200BE
:105AC000CC831480E0683AA5E0693AA17489740A2D
:105AD000E200CDE3E00305A1511C3DF2E003029D8D
:105AE000E200CBE3E0030599519DE1213B9351088E
:105AF0001403E08239583CE0C48AE00909135107D5
:105B0000518539383992396FE400C1327185E0032B
:105B10003F12E00292735405E00391833A787201D8
:105B200071820205018A548639F90587391E91422E
:105B3000E200C93BE00305883960C10E39E2E003A9
:105B400009033CE0E0053993E0243972C486E0099A
:105B50000A15510139740205018D518239F5058A02
:105B6000396FE400C132391E9142E200C93BE002C4
:105B700005EF3CE0C482E0090A05E0033A95E02223
:105B80003A74520539740205018D528639F5058A39
:105B90003CEFE400C4B23C9E94C9E200CCBBE002FE
:105BA00005DA51021403E088395851015188E400A4
:105BB000C10331CE3C125107312239433C72518826
:105BC00031A20206E00201AC3CF3E00205A9E200CA
:105BD000CB00148AE06939AC3E69518A54893C9300
:105BE000E200CCE3028F3CEFE400C4B23C9E94C9D7
:105BF000E200CC9D0287E200CD511532E06A3CAC58
:105C00003E6A208AE200CB0101873E6FE400C63283
:105C10003E1EAB0C160039E03960C182C10E3D6FEB
:105C20003AE3E400C53239E2E0030903E0050A057E
:105C3000E0013F1AE0093A93E0283A721280E0044A
:105C4000344F39E07298C1B072199193729A3C93B3
:105C5000E0283C75E002342F34C13CC2518A51091E
:105C600034013913E002B47139E1E003B4813AE060
:105C7000711BC1AAB141C2B4920594939295E002FE
:105C800094513C95E0283C74E002B451E200C928EC
:105C9000B49305852C0AE20BCCDC0287548F52901A
:105CA0003C95E200CCF80506E0093F1A1401E00536
:105CB000AC093D1E8C8AE001B59A3CFCE001B3AA18
:105CC0000382AE0A3E6F5417E400C6322405549690
:105CD000E00A3F1CAC8A3E1E888C550938FAE00168
:105CE00005E5510A38F2E00105E1E001B5BCE0014B
:105CF000B3CC2B29518B520CE200C980E001B1DCFE
:105D00003DE3E001B26CE005AB0CE002B35CE00205
:105D1000B36C0302C58F3E6F3584E400C632E001E8
:105D2000259D3E1EE001B5FC558CE200CD800302AE
:105D3000C58F3E6F3584E400C632E00125A43E1EC7
:105D4000E002B58C5114E200C90101035191B18DFB
:105D50005215E200CA0101035292B29DE400C7B29B
:105D60003F9E8E4F2E031601AE4FC68EE076145026
:105D70003C7DE7FB01B8C03A0BE13CEFE400C4B264
:105D80003C9E8C59E200CC18E7FC02E5140AE7FCC3
:105D900000E11400E7FC00E912807289728AE7FDD5
:105DA0000085E0FF10FFB0F9E7FD0086E200CD6E50
:105DB000058CE200CC6D02041428E7FC009CE0FF97
:105DC000117FB179E7FC00F8E200CD64058CE200B8
:105DD000CC630204141EE7FC008EE0FF11FFB1F952
:105DE000E7FC00EAE200CD50058CE200CC4502045D
:105DF0001414E7FC0080E0FF127FB279E7FC00DCBE
:105E00008C09E200CC14E7FC05D7C47EE7FB00F365
:105E10001600E7FC00DF1081E7FC00EBE7FD237DC7
:105E20003D6FE400C5323D1E8C8AE200CC8A0585B8
:105E3000148AAC8AE7FD00E7E200CC82E7FD05E3C7
:105E4000C4FE00F8E0001664E7FD00DD1632E7FD51
:105E500000DA1628E7FD00D7528B3E1EE200CA800A
:105E6000040D1401E001B47C3E6FE400C6321480DE
:105E70003E1EE001B4DCE7FE00D915FFE001B5FCF1
:105E800000F4550C3E1EE200CD00040D1581E00229
:105E9000B58C3E6FE400C63210803E1EE001B0ECCF
:105EA000E7FE00D215FF00F43CEFE400C4B23C9ED4
:105EB000E0019459E0019279E0413928E0413B2426
:105EC000E0019539E00196493976E00A3DAAE00CF7
:105ED0003BACE0010402E00125043C241101E00197
:105EE000B459E0413C28E004A979E0283B18396F17
:105EF000E400C132391EE00194E2E002918274892B
:105F0000E0413AA3E0413CA93CF5E000046EE0002A
:105F1000267054893CA37487E001B4E21481E00444
:105F2000ACF25107E0413CA2E0293A99396FE40014
:105F3000C132391EE0058902E200C901E000015DBD
:105F400051113D123D1452123E14399C1600510D50
:105F5000520EE02A3D6CE02339ECE12A3D52E12368
:105F600039D424093E6FE400C632E0083D2B3E1EC2
:105F7000E002B41C3E6FE400C6322487E0093F1CF7
:105F8000E00839A7E002B4293E1EE00194DCE001FC
:105F9000B5BCE0413CA93B79E001B3CC0231B50D81
:105FA000E400C7B2E00B3F1FE001966BE0413E2CDE
:105FB0003AFC0231B19D3F9E1601AE3F1600AE4F36
:105FC000E200C893960DB65F961DB66F05AF160A30
:105FD000AE0FE7FD00CC14003A68E7FF008A3C6A88
:105FE0003A6AE7FF0086148039E9E7FF00A13CEC3C
:105FF00039ECE7FF009D39E73D6BE7FF00A9E002C0
:10600000961C1400548D3D9CE02B3DE8E12B3DD9BE
:10601000B58D00C7E002962B1500558E3E17E02C7B
:106020003E6AE12C3E5BB61D00C7E200C881E7FD79
:10603000059EC0FFA88FE7FD009AE7FD2E18E4003B
:10604000C7B2E0281080E00A3F1FE0671152B08A13
:106050003F92E0021180B18F12818FDDE0FF127F4D
:10606000AFDA8FEDE002B66AAFEA97DDE002B65A2A
:10607000E002B7FA97EDE005AE0AE004AE7AE0027E
:10608000B62AE002B61AE002B28AE001B2FAE001F2
:10609000B66AE001B65AE001B3CAE001B5BAE00160
:1060A000B3AAE001B59AE001B38AB5FAB3EAB5DA6A
:1060B000B24AAE7AAE4AE003B78AE7FC00D83E6641
:1060C000E7F9008808B538E9E400C08EE07516C429
:1060D000E077165C389D11003A613FE90083C78183
:1060E000C20E3F6FE201C77F3D7E05A68AC48F4C7A
:1060F00039EC3F7501F5E201CF7F0172E400C7067C
:10610000E400C78E3F1DE003C7248F0E2F03E0037A
:106110003E9F3F68E400C70E8A433F1BAA4E3F9D47
:1061200092039193B20EC401B19EE201C47F89DF54
:10613000A9DE8FEFAFEEC101E200C90AC60E01CDA4
:106140000AE1E6ADCF58E00017B83F9EE00E3443B9
:10615000E082145C3C1E8F8FE00F8F0824853FCEB9
:10616000E00FAF883882E30F3F5F00FBE00F34435E
:10617000E082175C3F1FE6ADCC58E00017B83C1F2B
:10618000E00F8F0E8C083C5E388208B5110039E2B2
:10619000E082125C1281E8864FFC3FF30284E886BD
:1061A000697C0AE13C63DFE32411E00E31A13F1476
:1061B0008E8EE00F31213F94AE8F3C628F1EC10165
:1061C0003CE5E201C17FAF1FDFBDC181E201C1FF3C
:1061D00000E3E83757AD2785C7FFE83777AD38824A
:1061E000E83777AAE86E6FD600FBE8564FC12F8CD0
:1061F000E8564FC02F8BE8564FBF2F8AE8564C3ECB
:10620000E1283C0F3882140400FE140300FC140241
:1062100000FAE86E6C76E86E4FF6E6A9CFDFE20092
:10622000CF84018317830085E200CF810285178127
:10623000E8726FA33882E200CF8201751781E8729D
:106240006FA31780E86E6FF600F608B7C078E872A3
:106250004FA37403E200CF813AE90103E8724FA330
:10626000110039E23A62E00013C6E0010088E20062
:10627000CA81E00E3121E08217DC3F9EE0010188F7
:10628000E0078D4FE0078F5FE00D35253E9EE08BE8
:1062900017FCE00C36A13E1F960CE0413E2CE202BA
:1062A000CE2CE000026B27093DEDC5FF35A1E200D1
:1062B000CF1E3D9F920B02083DEDC58135A13D9F4C
:1062C000918BE0002769E200CF1F38E4E06139A339
:1062D00039E13642E0413DA4E0413CA3E12B3DE9F8
:1062E000E12C3E673DFCE00003C9E200CD08E00080
:1062F00002D63EEE36A116003F9D1680E8556E3C54
:106300003DED3CED3B6D3D6D960F7602E0413E2C40
:10631000E202CE2C02242706E200CF1EE040931FAB
:106320000204949FE0002744E200CF1F38E6E061BA
:1063300039A93CE13642E12C3E677601E04138A6BE
:10634000E0413E29E12138EC56013E710588568234
:10635000C5813682B68FE201C5FF1681C501E20113
:10636000C57FE200CD09E000C7C001CF2683E85514
:106370006DBC2A833CE5DEE6C1013C625783E20145
:10638000C47F3C7FE7FE04F5C0080BE18D0F8F1F33
:10639000E7FE00FC3A63E7FF009EE200CD11E7FF55
:1063A00002AB3EEEE002C6A0E7FF00A63B6900C3D9
:1063B000E08B17DCB5FFE0413DCBAC1FB49FE6A3FB
:1063C000CC89B52FE6A3CD0AE001B58FE07117FCAB
:1063D000AC8FAD1F388208B4E08214DC1200E8866E
:1063E000497CE00016E43E6439E9397C018BE20027
:1063F000CEE401821680E200CC003C6DE06839A456
:106400000A61C601E201C67FE00A36213D1338EC7D
:106410003971C5020183C48200E9E0408FAA8F0967
:10642000E0408D9A3F2F8F99E0413F2E3FABE041F6
:106430003FAF3DEFE201C77FE201C5FFE12F3F6BB8
:10644000E12D3EDFE12F3A6F3A6FC081E201C6FFD6
:10645000E201C27FE201C0FF00DC248DE8CF4FCF14
:10646000C7FF3CFF01082406E8CF4CCEC4FFE1285B
:106470003C883882140000FEE86757E3E6AFCFFFA0
:106480002F86E8675463E6AECC783882140100FEAC
:1064900008B33F68E400C70AE0D917B43F9E89AF4C
:1064A00015003FE3E200CF8402913422E02E116A0E
:1064B0003918AD021400C50C1484E006D1E11500B2
:1064C0003DE3E006D1B3B49209E1C781C50137C10C
:1064D000E201C57F00E8E0643F80177B3FDE2602D3
:1064E0001604258215843F03C4FFC47F3E4F3DCF71
:1064F000E0643E10C4818689E0643D90C401AE88AA
:10650000C57F2D77E0643F9000003F043882E06152
:106510003F82E0613F02E7EF16FF3F5DE0613F121F
:10652000E0613F0216FB3F5DE0613F12E80F577FDD
:10653000B44EE0613F923882E0613E82E0613F828A
:10654000E7EF177F3FDEE0613F92E0613F82177B1C
:106550003FDEE0613F92E80F57FF974FB708170003
:10656000964FE70ECE1EB64F964FE70DCE1EB64F96
:10657000964FE701CE1EB64F964FE700CE1EB64FA0
:10658000E0613E923882E80F57FEE8375735E00168
:10659000B74F2406E001974F3C4EE001B44F3882DC
:1065A00008B239693F83E7EE1700978ECFA0B78E08
:1065B000DFEBE200C901E80F57FE01A9976FE70082
:1065C000CF12B76F970FE706CF12B70F3B0000004F
:1065D00000000000000000000000000000000000BB
:1065E000000000000000E80F57FE1681976FE700DB
:1065F000CF1DB76F1680970FE706CF1DB70FE7EED9
:106600001700978E16DF3FDDB78E0961E80F577DC3
:10661000E002972EE6AACF7E270A976F1681E70041
:10662000CF1DB76F970FE706CF1D00D0E001B74F22
:1066300000CEE82E4F68E201CF01E00001E23F69A1
:10664000E201C7003FE82708E7EE170096CE1601E3
:10665000E702CE9CB6CEE00027C908B1E200CF81A8
:106660003C6901921480DF9DE7EE1780974FE6ADFD
:10667000CF7E2706974F1680E702CF1DB74F1780B2
:10668000E82E6FE808E13F83DF7FE80F57FDE80F52
:10669000577EE00297AFE6AACFFF27A497EE1681B8
:1066A000E700CF9DB7EE978EE707CF9DB78E3B00F3
:1066B00000000000000000000000000000000000DA
:1066C0000000000000000000E80F57FE1681976FE1
:1066D000E700CF1DB76F1680970FE707CF1DB70FE5
:1066E00000C4E001B7CE00E4E7EE1780974FE6ADB7
:1066F000CF7E2706974F1680E702CF1DB74F178032
:10670000E82E6FE838821780E8726FA11701E867FA
:1067100057E3E703CF9EE86777E31780E81777B37F
:10672000E86757E3E707CF9EE86777E33882E872C8
:106730004FAC2F901701E8726F21E81777B3E82E5E
:106740006FFAE82F6FF6E8D94FA0E201C7FBE8D94E
:106750006FA03882E8724FA1E80F577F2FB097EEF5
:10676000E6AFCFFF2FB3E8724F843F6F2F82170140
:106770003FEEE000C7E3E02F3FBEC7FDE201C7FFE9
:10678000E8724F28C7FF3FBEE6A2CF8FE81F6FC356
:10679000E81F4FC32F9D1781E81F6FC3E81F4FC32A
:1067A000E82E6F8E1780E8675763E703CF1FE8670F
:1067B0007763E83A77D7E8177786388297EEE6AFBF
:1067C000CFFF2F84E8724F8500DC178200DAE81FC4
:1067D0004FC3E200CFFD05E3E00017FD00DEE80F48
:1067E00057FD1681E001972F3422E703CF1DE0010A
:1067F000B72F3F68E150C700969EE150C404B49E95
:1068000016809718B498E001972FE703CF1DE00199
:10681000B72F388208B4E80F50FD1701E00197A1A7
:106820001200E703CF9EE001B7A1E7501780B20F37
:10683000C784E040B21FE358CF8001FAE06E16F63D
:106840003E941708E02C3A7EE75017803F6CE837FB
:10685000566BB70FB69FE750168411003FE23F9C7E
:10686000170AE02E3F72B70DC684E040B79DE35390
:10687000CEBCC60101F3E0011780E070117CE75443
:106880001700E201CF80E00001CF1500E02E158A4D
:106890003EEA3E9B1608E02C3E7AB60EB69EC781B5
:1068A000E201CFF001EF1600E02D16EA3E9C17083A
:1068B0003FECE02C3E7EE756174CB60E3DEFB69E01
:1068C000E7561750B60E1508B69EE02D16EA3D9D08
:1068D000E02A3D7FE7571770E02D16E9B50E3E9F81
:1068E0001408B59EE02C3FF8E7571774B60EE0D9B0
:1068F00014B4B69EE8824F56E400C70AE00D3C9EF1
:106900003E9FE7571778E02C3FF8B60EB69EE75744
:10691000177CB50EB59EE0019721E703CF1FE0017C
:10692000B7210A61140039EFE054C180E009391F32
:106930003EE83E99160831A2E02C3E78B603B693A5
:10694000E7FF00AF08B1DF67E80F57FE170096AF0B
:106950001582E706CE9EB6AF1681962FE705CE1DAF
:10696000B62FE80F57FDE001962FE70BCE2BE00185
:10697000B62FE7EE1780B68F16FFB6EF1685B6CFA7
:10698000E00116EAE003B68FE001B72FE0613F02B5
:10699000E002CF00E0613F12970FE7FE16FF3F5D78
:1069A000B70F08E1E8874F76E08717F6E200CF06D9
:1069B000E00002C3E8874F761680E400C7163F1F49
:1069C000E002B46EE8874F76E400C7163F1FE00888
:1069D000AC8EE8874F76E400C7163F1FE007AEAEE7
:1069E000E09D16FCE8874F76E400C7163F1FE002E3
:1069F000B6FE1681E8874F76E400C7163F1FE00712
:106A0000AEBEE8874F76E400C7163F9EE0A6177C2F
:106A1000E003B70F3FE8C7FD3FFD0290E8824FD685
:106A2000E8886F80E8824ED6E8886E81E8874FF666
:106A3000C781E8876FF614013882E201C47FE888D5
:106A40006C00E8886C0100F3E08717F61700AF0FC1
:106A500016FFAF1FAEAFAF3FAF4FAF5FAF6FAF7FB0
:106A6000E001AF0FE001AF1FE002AF0FE002AE9F09
:106A7000E002AF2FE002AF3F388208B23968DFE5AD
:106A8000E200C904028D3121E00014003918978218
:106A90003F82E81754881400E201C4FFDF841780A6
:106AA000E8886F89E08716F61780E8874F763FFE03
:106AB00004930961E81754921401E201C4FF00EF46
:106AC000E817549C1402E201C4FF00E91481140386
:106AD00000E6148200FD3F6FE400C716C7813F1D2A
:106AE000E0088E0EE8884F09E201C7FF3F1CE888E6
:106AF0006F0900DC08B13DE9E002C5B217003D6B4B
:106B000016803E6EE0013C1EE0C0979AC6012E8CB6
:106B100037C8AF813F6CC681E200CE9101F3C5DE7C
:106B20003CFB01EE08E1E201C7FFE200CE90AF813D
:106B300001728F8A3E18C702AF8C00EE08B21500B2
:106B4000E002C4323FEA38EFE001C781E00D37A828
:106B50001780C08139683E6FE00B3F9AE200CE108B
:106B60003D998F0B01913F1DE042B718C781C601C7
:106B7000E200CE11C17E01F1E200C8893D1FC45E72
:106B80003FE101E209612E0637283F11E040B718C6
:106B900000EE8D9BC78235A83F1BE040B71200E88E
:106BA000E8CF4C442C14E8724FA1E200CF83010ED1
:106BB000E8584FEDE201CFF90284C781E8586FED44
:106BC0001401E8724FA3E8306F873882140000FE8A
:106BD000E8204F8AC781E8206F8AE8204F8AE87250
:106BE0006F8D3882E80F57DF17003EEFE002C68056
:106BF000E002C7A0AF0DAF0F388208B2E0871114D2
:106C00001704E001B752E08217B8E001B70FE7813F
:106C1000167FE00196E2142B3EDCE001B6E2E001D3
:106C2000971F3F5CE001B71FE00194D2E005D34716
:106C3000E00194E2142C0921E0A600C108B2E0872B
:106C400011141704E001B732E08217B8B77F16407D
:106C5000E00196E214293EDCE001B6E2E001971F74
:106C60003F5CE001B71FE00194B2E005D328E001EA
:106C700094E2142C0921E0A600A208B3E1F8C07444
:106C80003F68E400C70AE0D917B43F9E89CFE2000D
:106C9000CC02E401C1CD3CE0E001C1B2E07917B81B
:106CA0003C63E001151BE002C4A2E07D1178E062C4
:106CB00039AFE005D2663CE03C63E001151BE0041F
:106CC000C4D839E0E005D2C1C182E00215201480A9
:106CD0003C63E005DDCD3CE0E002C4A23C63DF0B99
:106CE000E86C5749E86C5645C77E3E123FE23FFCD0
:106CF000019839E0C1823CE0E004C4D83C63DEFB8B
:106D0000E86C56C6E86C574A3FE2E002C6A0C77E70
:106D1000E002C7A0391D3FF2018EE007C00C09E177
:106D2000E080969EE202CE9F02843E938E8DAE8FCF
:106D3000C78100DEE080969EE202CE9F02843E93F1
:106D40008E8DAE8FC78100E808B7E1FFC03E178087
:106D5000151E14807417E058140EE886497CE85814
:106D60006FEBE8586FECE8586FACE005DD81153C3F
:106D70001480E058142EE005DD7BE200C901E0003C
:106D800005FDE8CF44CFE8CF43CEE8665540E8CFD5
:106D90004DCD16007488E05610827606E08214DC31
:106DA00073877509758AE70014018F998E893DEF05
:106DB000E043398DE0433A0F3F6DE6A9CE0F3BE348
:106DC000C5FFC77FC381E0433D8B3E2F3AE4E043DC
:106DD0003F0EC281738B758E760F550B3F7AE000A4
:106DE00005505786E180B411C781E201C7FF397FA2
:106DF0007786C48201D9E8794E25E200CE03760F6A
:106E0000E0010183E82C5786E3D4CFDF0284C781F9
:106E1000E82C77861780E00D37A1E082175C3F1DD4
:106E20008B8E8F1E738777093F6FE201C77F27869E
:106E3000E058160E3E1F8E0C2E06E058160E3E1F12
:106E4000C701AF0CE0561702E00E3E9E3E6FE058C1
:106E5000168EC6013E9F760E7616769A771B578E53
:106E60005386E201C7FF3BFFE00002D257963F6F17
:106E7000E201C77F3F7704D0E000C0420BE1E200AF
:106E8000CF00031E3E6DC601E0433E0C55073D7E1C
:106E900002053E6DC601E0433E0C530A550F558E68
:106EA0003B3CE201C57FE02C398C3DF5050BC70169
:106EB000C6FFE0433F0EE201C6FFE7FF00903E6ED3
:106EC00000E6E200CD80031E3FEAC781E0433F8F2A
:106ED00053883BFB02053FEAC781E0433F8F26040E
:106EE000E0273A0F2B883F96538937A13F97978F1A
:106EF000E0283C6FC581C57FE0433D8BE201C57F43
:106F000000D53FEB00E61780E7FF0084570EE082D4
:106F100017DC37213F9E8B0F8F9F7710778857871D
:106F200053883FA6E0413FAF7794E201C7FF778ADD
:106F30005789E81F4F74558A3FA7E0413FAF7795C7
:106F40003F7BE201C7FF778B05833F7F028F5608A7
:106F500057893FCC2FB95787C7FAE200CF8502B4D3
:106F60003FE6C7FAE200CF8502AF538A1781E12DD1
:106F70003FA726AF558BE12D3FAB26AB56973EDFA3
:106F800026A8E8584F2C3F1FE8586F2CE8584F6B45
:106F90003F1FE8586F6B568857093F4D2F0A570718
:106FA000C77AE200CF050285C37AE200CB050582ED
:106FB000278B560EE058170E3E1E539A8F0C8F8764
:106FC000E0042F62AF8C570EC701770EE7FE00C9B1
:106FD000560A3F7C0283178000DF568B3F7D05FCFD
:106FE0005797E200C78227F8538A17825607E12E87
:106FF0003FA7E12F3FADE00F3F5F3E767791E00086
:1070000004FEE1253E16E0413AC5570856893EFE8A
:10701000E00004F8E1273E9EE0413BC75607E8CF79
:107020004ECD5789E8665740E0AF3E0D510937A174
:107030003F9E978F3A6C7792E0FF11FF5788E001EF
:10704000167FE0AF3B0D37A13F9E978F7793178058
:10705000E12B3B04E0002DD95488E12B3C82E00079
:107060002DD453925613E2FFC9FF3B9C338101821A
:1070700039EB5710E0561782561B3F9E978F970C9F
:10708000E00D318F3F1FE00F374F3F9E3781E00FFC
:107090003BAFE0413FAF3F6FE400C706718DE003B7
:1070A0003BA3E04139A339FE768CE000057AE0008D
:1070B0001164E0233992E0001178E0223F923953C5
:1070C000578656925713E200CF85E0293EEEE00046
:1070D00005FCE082175E1780C781E201C7FF3E6EA4
:1070E0003EEF55063D7DE00002DF3D7FC70201F522
:1070F0003AE9E004348FE00000EB1281E7FF0087FB
:107100001381E7FF008D3C603CEC150CC43877829E
:10711000770376047685E005DBAB3B7469396A3C1E
:10712000578257035604568501AE3917E201C17FD5
:10713000693DE00069413C60C4383DEC14808888BA
:10714000E201C8FF010F8D18E201CD7F010BE0AA1B
:10715000388DE201CDFF35213D1E950A011E3D7F90
:10716000021CC481E201C4FFE200CC83C40401E834
:107170003D6035A2C5383D9A8A0B891BE02339DF73
:10718000E7FE00E854883A15E201C27F3CF26A3813
:10719000E0006A40015100CA3DE93FEA00E3110006
:1071A000E7FF0090E0408D2E8D8C3D7B010DC602E7
:1071B000E0408D1EE0408D9C3D7B0106C681E201D2
:1071C000C6FFE7FF00903AE7E004338F5611E00076
:1071D00026615706568F3EFEE00004E0E8584F8ACD
:1071E000173CE200CF801780E00011CEE06F39221B
:1071F000E06339AE396FE8714FF82F89E8724FCCF0
:10720000E200CF8017A8E06F392339EF5606578F79
:107210003FFC0485E8584F8AE00027ED568A178323
:10722000E12E3FADE0002767570BE12F3FAEE000B6
:1072300027E2578756071700E12F3FD63DEEE0566D
:10724000143E1081E12A3E6677903D7F03AA3F5BA2
:10725000E0002F4FE8564FC2E200CF83E00002C9A2
:10726000E8564FC1E0012F9FE8564F40E0012F1F25
:10727000E8564FBFE0012F9EE8564F3E16BCE20095
:10728000CF00E06D392339EDE06F3922396F00B25C
:10729000E00011CEE7FF00B111BC1100E7FF00AD27
:1072A0003EEFC6B936A13E98960DE200CE64021EAE
:1072B000E3FFCE1B3EE1E06D3A2E3F6D5690E12D8F
:1072C0003F9D268FE12D3D1F268C3EEFC6A736A1A0
:1072D0003E98968DE201CEC80504E3FFCE0804086F
:1072E000C781E201C7FFE7FF00B23DE100E8118A74
:1072F0001100570FE200CF0201AB5786E200CF82A8
:1073000001A7E8754F59E8754FCB3FAEE0413FAF5D
:10731000E201C7FF1703E12F3F2F279AE8754FCCF3
:10732000E8754EDA3FADE0413FAFE201C7FFE12F24
:107330003F2F278E558AE12F3F2B278A560BE12EB0
:107340003F2C27063AE9E004348FE00011D5E82C01
:107350005786E200CF850587EFFFD7492C0417BD7C
:10736000E02339EFE8724F87E200CF81019856920F
:107370005713E02F3EDEE00E378F77827703EFFF63
:10738000D736570357823F7401833FF50114E2005B
:10739000CC01E00002F23AE7E004338F1380E00012
:1073A00000C8118A396EE7FF00A61199E7FE00F0C8
:1073B00011A800F9E200CC0105F2538A1783E12EEF
:1073C0003FA7272D558BE12F3FAB27A9E82B56FD73
:1073D0003CE076993EE0C498C6B0170077183D6946
:1073E000561557943F6DE00E0E8EE00A0C8A3F9CB6
:1073F000E200CF84E00C3D1EE02B3CFD118F179E78
:107400003F60E0633A2FC718E3FFCDFFE00E0D9C0D
:1074100004370184E3FDCE5404B311005791539116
:10742000E200CF801780E06F3922396F33A1E00886
:107430003A33E00F318F3A68E0A43F85E08E39D5CA
:107440001500E0083A1EE00015E43CEFE005D9B570
:10745000550C3C7A02060184558D3CFB0282138157
:1074600056112E05E6AFC972E7FB2937E7FB23B5B6
:107470001782E7FB00923A6E3AEFE7FF00A0110097
:10748000138200D6E12E3F5FE058158D1780E08013
:107490008E9B8D0C3D7D0105539A8D073D7D0182AC
:1074A000AF0BC7815686E201C7FF3FFD01F1E7FB45
:1074B000008C08B1E00015481480E02E1418E00597
:1074C000D9D71681E81776881700E82E6F141602B0
:1074D000E82E6F12E82E6F13E82E6F17E82E6F1547
:1074E000E80F57FFE82E6F1697EFE817769CE6AF88
:1074F000CFFFE82E6E3C2796E82E6EBAE82E6F3B43
:107500001781E81777921700E82E6FA8E82E6FA66C
:10751000E82E6F27E82E6FABE82E6FA9E82E6F2AB2
:1075200008E1E82E6FBAE82E6FBBE82E6E3FE82E1A
:107530006FBDE82E6FBE00E508B7C07617806F8A72
:107540006F8BE8794FAD2F8BE8794FA92F88E879B9
:107550004AAA2A85E8754FADE00327C6E8754BAC0B
:10756000E07317F8E200CB80E0741352E066392F25
:10757000153EE00114FF3C66E005D97A3C66151C17
:107580001480C43EE005D97412803EE53F653FE5B6
:10759000E88B4E5C3E7FE00002D61780E007AFE646
:1075A000E8794FA6AF16E68CCFCFE120C78037C869
:1075B000E8794F36AF862707E8724F31E002277B24
:1075C000CF82AF862A84E8754FAD278BE80F57FF2F
:1075D000916FE6AFC972E00221721781E8716FFA0C
:1075E000E8794FA9278CE001150CE00114FFE06F4A
:1075F0001460E005D93D1580E8716DF91780E879D0
:107600006FADE8796FA9E8796FAAE8756FADE00111
:10761000150CE8714FF8E200CF81E002017AE076C4
:1076200014D0E072146CE005D955E0022AF6E001AE
:10763000150CE00114FFE072146CC00A0BA1E0B25B
:1076400000973E6FE400C60EE07515443D1CE01245
:107650008C8AE200CC89E001029E3C69E400C40609
:10766000E008916AE00891FAE07815683D188A0A06
:10767000E8714D78E0002D5FE86F6D5FE200CA03AE
:10768000E0010109E200CA010190E072146C1500EA
:107690003DE888C8E6ACC8C138F9E0020180E400E2
:1076A000C50E3D1BE00A09033DE0C5823CE03C609D
:1076B0003D6FC48AE00B0E1FC40BEFFEDD733CE090
:1076C000E8724D6BC482E0090E0F250515286D0B7D
:1076D000150A6D0AE07515C43E1BE0128E0CE68497
:1076E000C9C3E201CE7FE00A362CE684C942399A4A
:1076F000E001015DE200CA010104C701E201C77FA8
:10770000C281322EE201C2FF39143E6DE400C6068A
:10771000E00A31483E16AD2CE00A31C8AD4CC681B6
:107720004D0BE201C6FFAD6C4D0AA93CA9DCAD7C56
:1077300000B1E8794D24E86F4C5FE200CD01E00133
:1077400024000591E86F4D5E3D79E7FF0199E20065
:10775000CA020186E837516EE83751ED1200150074
:10776000E7FF008C2D1CE86F4C5E3C79E7FF018839
:10777000E200CA010188E837516EE83751EDE8723E
:107780006A6B3A6A1500E200CA03E86F6D5FE7FFB3
:10779000018DC781E201C7FFE7FD00FCE86F4A5891
:1077A000E837556EE83750EDE200CA01E008392AA3
:1077B000E00939A101A4E200CC800515E00938A94F
:1077C000E200CC800418E200CCB2020DE0083D28B3
:1077D000E200CC0038E90411E205CC50E005154F79
:1077E000E06A3CA81480E86F6CDF396A39E1120066
:1077F000E7FE00DC148000EB150000F5E200CA0291
:10780000019CE200CC80036FE00938A9E20CCC8C2B
:10781000E00C113FE1223CD205E6E0083D28E20001
:10782000CC000409E205CC50E005154FE06A3CA805
:1078300038E200D9150000FD3D6238E300D4E7FED0
:10784000019FE7FE2A1D3C62C46BE205CC2602D0F4
:107850003C63C46BE201CC32028DE86F6CDEE8372A
:10786000716EE83771EDE86F6D5FE86F6D58E7FF97
:1078700000923C63E1F5C408E201CC32E7FF02B9B3
:107880001602E86F6CDEE837716EE83771EDE86F6D
:107890006D5FE86F6E58E7FE00FEC501E200CD0A9D
:1078A000C40EE7FD01F8E7FE0081E180C100E7FEBC
:1078B00000AE177D3FDEE7FD00863C66E0273B8299
:1078C000E8756BACEFFEDD23E80F57FDE002972F64
:1078D000E707CF12E002B72FEFFEDD0FE8716979FD
:1078E000E7FD0080E80F57FD1681E002972FE001C9
:1078F000150CE707CF1DE00114FFE06F1460E002F4
:10790000B72FE005D7B5E8716AF9E7FD0082E070AE
:1079100014ECE7FD0088C00A0BE108B7E1FEC04C9B
:10792000E88B4CF42C8DE8724FA3E200CF810186E6
:10793000E8864C7C2403EFFFD48AEFFFD428E88646
:1079400048FC709228A6EFFFD446EFFFD4201780A2
:10795000E8586FEA1786E879492FE81F6FF4EFFFC0
:10796000D44624041788E81F6FF41680E08211DCE7
:10797000E00117FFE8864A7CE86652C0E8CF4B4D2D
:107980003BE3E0FF157F3DED3F6F3C6DE00300DA28
:10799000E8CF4E4DE84357C13D6CE8CF494CE8660F
:1079A0005240E8554ABEE8554C3DE5FFC57E37815B
:1079B000E08214DCE00B36211700720B748D770F18
:1079C00071137294759575167799741A578D510BBA
:1079D000889F8B0F3FE1E0AF3B0C521937A13F92DC
:1079E000938F70893A77E002023AE0433D86E005E2
:1079F0003E3BE00F3382E0433D01E00E33813965C9
:107A0000E00E3F9E391A3FE6540B3121C781E20157
:107A1000C7FF3C121180778A3EE3770C396B728E78
:107A20003FE6759B3F66751C741DE200CD00043671
:107A3000521DE00131A13A213CEB14007201009D7E
:107A40005081528C9081E02538A5708222A1E025DA
:107A50003BA1229E3CFEC4013AE9C681E201C47FFB
:107A6000E201C2FF03023F653CFF0216508151163E
:107A7000C4FF389270813964E0433A09E200CA00D9
:107A80000360C181240BC57FE0433D0A00CF3A72F9
:107A900005793A6200EC3FE500EA52943B7503BC7D
:107AA000540A549C550BE0A93C0C110034A13D191B
:107AB0003A68751C55093D22E0433D0AE200CD00BD
:107AC000042B551CE0013121E0013D211400550A31
:107AD000009B548C9181E02539A9229AE0233BA395
:107AE0002197C401E12E3D5EE12F3D6FC681E20189
:107AF000C47FE201C77FE201C7FF3A6A5295C50120
:107B0000E201C57F389554933CFA02E400833D744A
:107B100004F6C1012C505089511A38F2E00003F7E5
:107B20003CE1C481520EE201C4FF3A191180721C7B
:107B3000E00A3C93E201C57F3E7A05A8551C540B30
:107B40003D1335213D181080541B0099510C928A29
:107B5000E0223AA22133E0253BA522B03C7EC08141
:107B60003DE8C681E201C0FFE201C5FF03023F6BB1
:107B70003C7F02285296C47F3DE43D15E0433A081D
:107B8000E200CA000364C18128D455143B7A03BEC5
:107B9000508A3DE9E0AB388C39E1758E1080E00BFE
:107BA0003C91E201C5FF3E7B05B1550E520B3D11E4
:107BB00035211400558A3D1400A13A7B05653A6BC6
:107BC00000DA3FEB00D8520C910AE0253924229AC2
:107BD000E0223BA22117C401E12E3DDEE12F3DEF63
:107BE000C681E201C47FE201C77FE201C7FF39EB32
:107BF0005295C581E201C5FF3D155113397B02E461
:107C000000833DF304F6C0812C4BE200CEA105A613
:107C10003FAEE200CF83052217945289E83777AD53
:107C20001781E86E6B57E86E6FD6E86E6FD4E86E1A
:107C30006AD8E86E49552930E86E4FD6E7FD2787A8
:107C400039E2E8864FFC3FF205A33C623CE3C10108
:107C5000EFFFD279E201C17F00F5578F540D5492A6
:107C6000C781E201C7FFC4023CFF740D778FE7FDB7
:107C700001AFEFFFD2B000DE3C623CE3C101EFFF99
:107C8000D262E201C17FE8864FFC3FF202F6EFFFCD
:107C9000D27EE7FC00DC110039E200F68E178C87FB
:107CA00038ECE0A13C86E12E3CDEE12B3CEB30A140
:107CB000E201C77FE201C5FFE12F3E5FE12D3E6D8E
:107CC0003895E00C3DAE9081E200CE07E201C7FF9F
:107CD000E201C6FFE02A3D510207E00C3EAFE200A0
:107CE000CE07C382052BE00317F4E82A77E117805B
:107CF000E82A77E0E200CA01E00305AE1403D825C4
:107D0000E0012156E200C9010588E81F4F73E81F12
:107D10004FF43F7FE00102CCE8584F0AE0012F48C2
:107D2000E8864FFC3FF2E00101B0E8874F923F7FC9
:107D3000E00101A01401E00100B9C401E201C47F27
:107D40003C74E7FF01AD3FFD35211603E02A3D3CC1
:107D5000E00001CBE00027C63E6FC67FE201C67F90
:107D6000E8CF4CCFC4FF3EF903053FEDC781E201E8
:107D7000C7FF3F7B01BE273B38EEC0FFE201C0FFDB
:107D8000E8CF4ECEC6FF3DFD03053F6BC701E201C4
:107D9000C77F16803DED3E7FE00005C8E8794FA51E
:107DA000E200CF82E00005C6E82A57E1E207CFE70C
:107DB0000284C781E82A77E1E002244EE400C5830B
:107DC00036A13DFD1700E0000549E82A57E0E82A02
:107DD0007761E203CFF3E7FF028FC781E7FF008AF5
:107DE0003E6FE7FF00BF3E6F3FED00C438EE00C9B5
:107DF00038EE3F6B00CF3EECE0AD3C8636A13E95C1
:107E0000968D3D7D0304C581E201C5FFC481E20179
:107E1000C4FF3CFEE00D3C97E201C6FF05EDC60144
:107E2000E201C67FE7FF00B93CE1E0073EA100F2B6
:107E30000144E82A57E1E200CF820584C7FEE82A20
:107E400077E1E82A57E0E203CFF3E7FF02B7C78103
:107E5000E82A77E0E7FF00B2E82A57E1E207CFE738
:107E60000284C782E82A77E1E82A7760E7FE00C447
:107E7000C18EE00E8EC3E200CE900296C701E201F1
:107E8000C77FE7FE00D6E8584F6BE00E3FAEC70154
:107E9000397EE7FE0151E8584EACE8554F443FADFE
:107EA000C7813F7F01841403EFFFD750E058110EC4
:107EB0001780E8864E7C3EE23CEF3E7FE00001FA10
:107EC000E8665540E8CF4DCD75091681E082135C18
:107ED000E05813AE758A15003CFDE00103B13FFA8E
:107EE000E8586D6AE00105B11785E8586F8AE058D7
:107EF00014AEE8866D7CE082145C3521E005D4EA9E
:107F0000E8864FFC1400E8556FC4EFFFD266E81F07
:107F10006C73EFFFD13CEFFFD13AE8724F87E0017D
:107F20002FA3EFFFD1343EE0E8864AFCC6BEE082D4
:107F300014DC3C6DE00A32A1E005D4CCE845576F73
:107F4000E8554FC5770937A1E055174611003F9E08
:107F5000E8665340E8CF4BCD3EE839E2E00114FF3C
:107F6000778A550A3D7EE00201CFE00115FF157FBB
:107F7000E200C989E00305913CE03C60153CE0006B
:107F8000C4FAC43EE005D4A61514E00114FFE05580
:107F90001446E005D46DE0032904E200C90AE8555F
:107FA0006945E003029BE886697CE001C0340BE18F
:107FB000E1808F1DC781E1293CEEE201C4FFE201AF
:107FC000C7FFE7FE00FCE1808D943EFB01A2E00BC1
:107FD00036213D96C701889BE201C77F8C0BE200EA
:107FE000CF0155913AE1E06539AB559072913AE88D
:107FF000E06539AB72903DE1528AE0AB3C055289B5
:1080000035A13D95958B3DF3050439EB74107091C6
:10801000C6013DECE201C5FF3FFB02D6270BE00E97
:108020003521559056113F17C501E201C57FAD8E30
:10803000AE1EC681E201C6FFE7FE00D016003A621E
:108040003F6C39EC00E7E8584F8AE7FE27D2C7FFBC
:10805000E7FE00CDE00017E4E81F6FF3E8556A443F
:10806000E7FE00D9EFFFD0C3E7FE245DE08211DC1C
:10807000E0FF12FF11003A63E8864FFC3FF2E7FE93
:1080800005D2E00F3121E00E399F8D0E2507E8CF94
:108090004F4CC77F3D7EE00001D6E8CF4CCD3F94EA
:1080A0008F1FE0083D39E8665640E00F3C1E37A1BF
:1080B0003F9C978FE20ACF94E00002451780E00DC5
:1080C0003F2FE0433E8D3E9836A13E9C968DE200C8
:1080D000CEE4050BC781E201C7FFE00D3F2FE0436F
:1080E0003E8DE200CE80036CE0013F2F3DE1E201D6
:1080F000C5FFE00D3F9BE0433E8D3E9836A13E9C80
:10810000968DE200CEE40509C781E201C7FF3D9FDD
:10811000E0433D8B3CFB026BC7FFE201C7FF2D171D
:108120003F1937213E1E928C1704E12F3F9E278A6C
:10813000E0011795E02F3FA5278514803C62EFFFF3
:10814000D002C101E201C17FE7FF0098E8CF4ECC29
:108150003DEDC5FF3D7B01E9C6FEE0AE3E8937211E
:108160003F1C928E00E23C6B768376047505758623
:1081700074877708EFFEDFFC568356045505558655
:10818000548757082417E0013621389D8C01E201FD
:10819000CC7F011088918F9E3FA1888EE0413FAF38
:1081A000E00838A8E0413C283C1F3C7A03833D6846
:1081B0003A6BC6013DECE201C5FF3AFB02D5E20194
:1081C000CA7F011E32213A1D8E148D843FECE0AF30
:1081D0003D87550937A13F96978F3FFA041138E044
:1081E000E00F3121E000C0FA3F91147FC181C1014D
:1081F000E201C1FFE201C17FAC04AD8FAE1FC70237
:10820000E7FD00B11600E007157F3A6900D43C6D28
:1082100076837604750575867788EFFEDFA9568329
:108220005604550555865788241738E0E00E37A1C7
:10823000C0BE3F118C8EE201CCFF010E8C1E3F6848
:10824000E0AE3C8737213F16970E3F7C05053A6D1F
:108250003E6E74977418C7813EEFE201C6FF3AFD87
:1082600002D7E201CA7F01133C60E00F3121E00038
:10827000C47A561757183F98AE0F3221AF1F3FE010
:10828000C7BEC1013A1FE201C17FAD04C181E20155
:10829000C1FFE7FC00EF17803A6B3E6F00DEE003A2
:1082A00031213CE03D63C4BEE082145CE005D312A2
:1082B0003CE03D63C4BEE0551446E005D30B11809D
:1082C00012013C633CE4C181EFFEDF3DE201C1FFEE
:1082D000397301F8E7FC00E3178AE8866FFCE7FCD6
:1082E00000E608B7E1FEC026E80F57D33C603A60CD
:1082F000C41EC2323F60E07610D0C7283E643DE81D
:108300003D6F14FF1680ACCFC78E3FF1E180AC9B70
:10831000E180AE9CE180AE9E01F7E8794E24E86EE4
:108320004FD2E0022E522796E06E163EE06E16AA5D
:10833000E0761580E07517C4E0FF177FE01AB73FBD
:10834000C786E01AB71F3FFBE180B71CE180B71D6D
:1083500001F6E81F4FF5E06B12C6E00527C2E86B97
:108360004FC4E00527BE3F64E07511C43965C70AF4
:108370003B653BE43EE316011580E1808F97E00505
:108380002781E007ADC23F77C101C30EC18601F668
:108390003B60E8794FA4C33C150A14803C66E86E44
:1083A0006FD2E005D2653FE0E000C7C6150A148031
:1083B0003C6FE005D25D3FE83C60E001150CE00158
:1083C00014FFE000C4507781E005D252E83757141B
:1083D000E07811E8C7627708E06B1146E837571379
:1083E0001380C76277093DE7E1808F14E201C5FF82
:1083F000E200CF0175878F93E00501D71700E200F7
:10840000CF81E005AF0201831783AF938F93E20022
:10841000CF83E00501BDE0028FC28F023F7FE00500
:1084200005B3E86B4F45E200CF01E00501ADE87907
:108430004DA4E80F56D317003E6EE201C67F3E7B87
:10844000039F8D4D50873E6E3D71C701C68E01F56D
:10845000E400C60EE07517443E1E5589971C3DFE8C
:10846000E0050492E200CF1DE005058E970C56084A
:108470003E7EE0050489E200CF1DE0050585C78149
:10848000E002AFC23FE0C7BC17013F97AF0F1783B1
:10849000AF833FE7E400C78EE06D171A1300E00BCF
:1084A0003F9EE8794D243B7AE00404A38F83C38187
:1084B000E200CB8AAF93C101C186E7FF01961100AC
:1084C000E07513C43A6239E7E8794FA43FF4E00558
:1084D000029C3B60E000C3461200E06B13C6E180E3
:1084E0008F963F64E201C77F27AC3FE51480E00927
:1084F0008ECF3EFEE00501A9E400C48E3FE4E00E0D
:108500003B99E400C786E00496CEE004975E3F9373
:108510003C62E01AB6BFE400C40EE01AB74F3EE07A
:108520003FE2E06C170EE000C6D0C781E201C7FF52
:10853000150E3C9E3C1D7781E005D1CC5781396FEB
:10854000C201E200CA0A01CC3FE217003EEEE4009D
:10855000C6863E6EE003C6A43E938E8DE201C67FC2
:10856000E200CE81018C3E9F38E0E400C78EE0003F
:10857000C0D03F91AE4F3FEDE201C7FFC701E2001F
:10858000CF0A01E53AE0E000C2D01200E06B13C66A
:10859000130E3C64E000C4483CE53D663C17E00532
:1085A000D1993CE5E00839943D66E005D193C20ECF
:1085B000E201CA0CC28E01EEE8796924E86E6952C4
:1085C000E001C05A0BE12F9EE07816681581E8792A
:1085D0004F243F7FE7FD05BF3F6FE400C70E3EEF2E
:1085E0003F1AE400C686948E3E9CB49D949EB4AD22
:1085F0003EE0C6B23E9FAFCEC781E201C7FFAD8D60
:1086000000E7E0CD1702E0CD15AAE0FF16FFB68E19
:10861000C704E040B69EE002B6AEE002B6BE3F7BC5
:1086200001F73E7FE00003FA1181E1233F931080C0
:10863000E08B12FCE06E13AA3F61E201C77F3FFEB0
:10864000E00002EFE0751744E06E163EE06E16AAF9
:10865000E0761580396EE01A953EC706E180B51CBC
:10866000E01A951E3F7BE180B51D01F63DE8C58A05
:108670001501E1808F18E201CF7F01913E60C6288D
:108680001700E1808E9C3CEEE201C4FFE0012EBDAC
:1086900038E0C0A83F11E040AC98AD0E3C7B01EA49
:1086A000E0CD16AAE8794D24E075164417003DED9B
:1086B0003D7EC60EC684E00101AFE0CD1702374112
:1086C000770CE00E35C1770D3C60E0CD1752374195
:1086D000C416770E6F966D17E004D7AA170016011F
:1086E000E07815E8E8794FA43FFEE00102A23E647D
:1086F000C60AE07517C43F64E0FF16FFE1808D9E57
:10870000E200CD810105E01AB6BFE01AB6CF3F7C8A
:10871000C78601F5E7FC009F1180E7FF008AE0783B
:1087200016E81700951D3CEEE201C4FFE2FFCD7F85
:108730007487E00001633E60C6283E1E8E0CE00098
:108740002E5DE200C981912DE00001CDE00D3721C1
:10875000E06E163E3E1D958CE2FFCDFFE00001432A
:108760003E97948DE00B3D2BE00C3D1BE009392931
:10877000E006364FE00D39192B04E00636CF231BF7
:10878000E00C35813E1AE00D3481E006364F3E9212
:108790002B04E00636CF230FE00C35823E1AE00DA5
:1087A0003482E00B364F3E922D84E00B36CF25838A
:1087B0003EE23E6AE00B30A23D953D6BE041C506CE
:1087C000E041C588B60AB68B3EE0C69E3E6055873E
:1087D0003E91C6283F1CAD8D1681AE8EC081E7FE4E
:1087E00000ADE00D30A23E953E6DE041C606E04191
:1087F000C688B50CB10D00E9C701E200CF0AC686F4
:10880000E7FF019200ECC701E200CF0AE7FE01BBDF
:10881000E7FE00C6E04094FCC701E040B4ADE201D1
:10882000C77FE04094ECE040B49DE7FE00C3E0CD9C
:1088300016D21780E180951D3F7A018D3CE0C49EE1
:108840003F998F8FE201CFFF018BC701E201C77F04
:10885000E7FE00CAC781E200CF8A01ED00F73EEED5
:10886000E400C68E3D603E92C532AFCD3D1FE400B0
:10887000C786AE0A3F9B950DB51F969DB6AF00E625
:10888000E0078FC2E7FB2781E8794C2477813D68B8
:10889000C501E400C40E3FE0E8796D24C7843CE6DE
:1088A000E00F0D9E150E3C1DE001C4D4E005D01272
:1088B000E00D95265603E01AB533E00D9536E040FD
:1088C000AE17E01AB5438D02E002AD425781C7FFF3
:1088D000E007AFC2558256845705E7FA00D6150A5D
:1088E0001480E06C1402E004DFC3E7FA00D33F66B3
:1088F000E400C70EE07517C43F9E8F4F56873F7D3B
:1089000001998F7FE0018F8FE80F56531680140373
:108910007786770A3D7D01931782150EE007AFC277
:108920003FEA3FB6E07514C43C6B3C9FE004DFD2E5
:108930003DE8C301E201C37FE7FB00B53B7D011EBB
:10894000578A8F7C50863F2FE0018F8CE0413F2E6D
:108950003FA11484E201C77FE0413FAFE1213CAE7B
:10896000E201C7FF2084E1213CAF28E41085E12E1D
:1089700038AE2704E12F3C2F2FDDC681E201C6FF70
:10898000C60E00C91780AF83E7FB00922F831782C2
:1089900000FBE200CF82E7FB018BAF831780E0038F
:1089A000AFE2E7FB0085E201C7FD2FA6E0038FE2FF
:1089B000E0018F223F7F0593E0068F222F10C781B1
:1089C0003F60E000C746E003AFE217823F17AF8386
:1089D0001781AF8EE005AF82E7FA00EA1781AF8317
:1089E0001780E002AFC2E003AFE2E005AF82E0062D
:1089F000AFA2E7FA00DD1783AF831780E002AFC2B2
:108A0000E003AFE200E83CE4E400C48E3DE03C97C4
:108A10008FC9E001C5DA3F9BE0538FEF2F903C6296
:108A20003B62E400C40E3E60E000C650C301E201B8
:108A3000C37F150E3C1CE004DF4D3966C201E20124
:108A4000C27FE7FA00C3C481E200CC8AC78EE7FA8E
:108A500001D0E7FA00F708B7E1FFC02AE8CF4BCE14
:108A60003C6015221480C434E8CF4B4CE86651C0FA
:108A7000E8CF494F7381E004DEFBE8CF4FCD3C6087
:108A80006FB3E0CA17FC37C1779E178131C1E00090
:108A90006FC0C432E0801780E0CB127C719C3AE456
:108AA000779F11806B32E004D6A3E00E33213FE4C0
:108AB000E01716B8E7E8164839F6E00001EC3C602C
:108AC00015221480C410E8665340E004DED1E8CFDC
:108AD0004FCD33416F8F3C60E8CF4FCC730A3B6082
:108AE000C3346F8EE00F3341778C32C1178114800D
:108AF000C40E6F9C728BE004D642E05616C4E00CA4
:108B000031A1178039FFE00001D03C6015221480AC
:108B1000C410E86651C0E004DEABE8CF4FCD31C1F0
:108B20006F8F3C60E8CF4FCC718AE0CB11BC6F8E69
:108B30001481E00F31C1C40E778C728BE004D61F14
:108B4000178056013FFCE00001C2E0CB17BCE8569D
:108B50004F41E85648C0E8564BBFE8564C3EE00C43
:108B600031217702E08B15FC1680E00211ACE004A5
:108B70001258E0031290E00713047083E0CA177CD8
:108B800073847405760653813EF701AEE000C0564B
:108B90000BE1E00B3F9EB68FC181E201C1FFB60B36
:108BA000C782E7FF008BE1809716C7813DEEC58144
:108BB000B584E0413D0EE00B3A1CE180B71DE201B7
:108BC000C7FFC202B50BE7FF009FE1809713E2FFEA
:108BD000CF7F0106C781E201C7FFE7FF00B43FE096
:108BE000C7B4E7FF00B6950EE200CD13020EE8729F
:108BF0004E23E200CE0101895086C681E201C6FF04
:108C0000C782C7023D9100C0E8714E78E00313F4BB
:108C1000E200CE023CE338E7E069392753823C6545
:108C2000E005163CE0683924E061392C2B9A5603A4
:108C30002E1853842B985605E200CE003E63E06C5C
:108C40003927E20FCD5005113E11B60EE8714E786E
:108C50002E02B28E960E950F3E7A0311B60F009338
:108C60003E6600F03E6400EEE207CD6805033E1864
:108C700000EDE200CD0005413E1900E8E0413E4C28
:108C80003D7C046D950FE200CD00E007350103192E
:108C90003CEBC4FE16003E72E7FF0130E080909985
:108CA0003BF1050BE201C89FE00838AA0205E0018C
:108CB000109FE0283C51B409C601E201C67F00ECD8
:108CC0003C6BC47E16003E72E7FF0118E08094986A
:108CD0003BF903033CAAB488C601E201C67F00F455
:108CE00008B7E1F6C07EE86654C03C60E8CF49CFE3
:108CF000E0091500C404E8CF4BCEE004DDEB3F6390
:108D0000E00631C13B231200E5FFC77EE00531A13B
:108D10003321396439773A15018B3BE0C384DE9CFB
:108D20003B67120039740195E009C0020BE1E86667
:108D300057C0E0083A1EE0093A163D633C9F3C1FCD
:108D40007701C101E004DDC6E201C17F570100E304
:108D5000E8665440E00F3B273CE63D633C1FC20100
:108D6000E004DDB8E201C27F3B1500DD08B1C07848
:108D7000E0CD178237C17782E0CD17AA37C177835C
:108D8000E0CD17D2E866744137C13C60C4027784F5
:108D9000E0021781E86674C21480E8667555E866DB
:108DA00075D67781E004D41AE8665469C00808E1F2
:108DB00008B7E1FDC06AE8794E247603E001267E1B
:108DC000E83357E7C781E200CFE4E00102F3E8337C
:108DD00077E7E8724FA1E200CF81E00101FB178342
:108DE000E8676FCCE83357E4E83356E53F6FE83384
:108DF00057E5E201C77F3FAEE201C7FFE8794F2B9D
:108E00007786E83357E57705E83377E4E0012F4FBD
:108E10003C6015283CEEE000C464E004DD29578383
:108E20002784E8794FA52FA1E06717BEE06714B447
:108E3000E0671520E067160CE0661700E06516F69F
:108E4000E06710C81400158011FF1101E180AC1F0C
:108E500038FFA9CEC70EE180AC19E180B59AE18058
:108E6000B59CE180A91D01F356065686178057056B
:108E7000E400C614E400C6A8E8656FF417BC7707E1
:108E8000768C778D7612E0751244568356073E7DB8
:108E9000E00104A73AE0E001C28C3964E0761350A7
:108EA0003FE539E4138E3CE33C6F3D67E004DD129F
:108EB000C18E3B733FE8C78E01F7E8375514E8379A
:108EC0005493E0671334E058146EE0661080168007
:108ED000578357053F7FE00801BEE0661180E058E8
:108EE00013EEE067178C3963130E3CE23D663C6776
:108EF0007781E004DCEF3CE53C623D66E004DCEABF
:108F00005781C10E3FF2C38EC28E01F01700E86791
:108F10004E4DE0671520E06710BEE06712B43CEEEE
:108F2000E067130CE06513F68FC3E200CF8902B24D
:108F30003EEFE400C6863E94E003C6A48D8D16FD88
:108F40003EDBE200CE8101A6E200CD81E00D37A13B
:108F50000190E200CF81028DE0083D1D9408E200FF
:108F6000CC06E06B3AAE3F6B1594E06B3AAC3E6BCF
:108F7000E00B389F1400AC0BE00B3A9FAC0BE00BFE
:108F80003D1D3E963F97B48B15FFB48D1681ADC342
:108F9000AE8FC18E39F201C92703E8676E4D178085
:108FA0005703E8586FEDE8796F24E002C0160BE133
:108FB000E00017E4E7FE008D5683E8674FCDE83305
:108FC00076E7E7FE2788C7FFE8676FCDE7FE0083F7
:108FD000E8674FCCE7FE2788C7FFE7FE0083568788
:108FE000E400C68EE00C3A1D894CE6ACC942E200B2
:108FF000C909E00602A23FE2E400C786E00B312186
:109000003A1F3FE4E003C7A48F0FE06717A0E20018
:10901000CF01E00701043F9B950FC501B50F2F0E4F
:10902000E00A3122E06517CC3F9A950C961CB50FEB
:10903000B61FE067178C3D9FB70BE0661780138063
:109040008F4F3F72E00601E339E2E400C1F8E05CD3
:10905000179CE400C38E399FE0751244E0661780C8
:109060003A1D3F97E00F0D0BE0040C09DE80E00E87
:109070003122E06517CC3F9E3AE8E00F0D0BE0048B
:109080000C09DE75E00E3121E067178C3F9E970FCB
:10909000740E3F15E21FCF2002BB9684B70FE06726
:1090A000178C7689E00D31213F9D978FE06717205F
:1090B000778FE06617803F1D3B9F9787930E570978
:1090C0008E6492143F2F979776043E643E2FE0679C
:1090D00017BE3F92720A8A0F77107611221C3BE46A
:1090E000E400C3983C603B933CE71518C4E8E000FB
:1090F000C44CE004DBEFE200CA01572B02953C6050
:1091000015181480C4347702E004DBB20095E01F28
:10911000172000C43C6015183CE4E000C44CE00497
:10912000DBA73F6400ED3CE73C601518C4D0C434B5
:109130007702E004DBCF3EE3160057025785C68A6C
:1091400076083A7FC698E00001F922055608E12C1E
:109150003E347608E06516F63E928F8DE0012F8B47
:10916000E0004ECC562B36A23E7D058A4EB4561FEB
:1091700036A23E7D058556B01794E12F3E9F7702BB
:10918000E00113C8778BEFFED832568DE400C41E81
:10919000570257923C1D3F9EE1283C573FF5740D06
:1091A000E00004D63FEEE400C7833FF5E00003DCB7
:1091B0003AF8E00005D9578BE0002FD95608E200B5
:1091C000CE0AE00005D65230E200CA0AE00005D11E
:1091D00057A4E200CF8AE00005CC552956AA57AD26
:1091E00055AE3F9A3D9D15005409548AE02B3DEA47
:1091F000E02A3FEA7702DDBB57B15702E21FCF9F5B
:1092000005AA178A3FB416803FF81201E0643A2D90
:109210003FF817A8E06F3D273BEFE8654FF4E20009
:10922000CF810189E06717B43F921680E00013EE0A
:109230001200AE8F16BC00A75088E041964DC78142
:10924000389CE201C7FF7088E7FE00FDE00013E4F0
:10925000E7FF00B65684E200CE8A0583178600D366
:10926000178300D11394120000D9138A00FD120154
:1092700000D5C7FFAF8DE00013F857851201E0005D
:1092800016E4778BE06716343E128F8C2F8BE12D1E
:109290003A9DE00326F4E00322721701AF0CE001CF
:1092A00000FEE200CF81E00301DB5624E200CE02A3
:1092B000029057ABE200CFCF028CE200CB130294B6
:1092C00057A0E200CF9D028557ACE200CFCF05A9A1
:1092D000E200CB0957B00288E200CF8805855784A9
:1092E000E200CF8E058C57B0E200CF8F05AAE200D6
:1092F000CE0F05A75604E200CE0902A3E0004FCC32
:109300005606E12E3F3F37423F3CE200CF78E00077
:1093100002C1E200CF8A0585E00017D0E12E3F6F41
:109320003F75E00005CBE200CB0702B6E200CA942D
:1093300005B3E06717B43F921702AF0FE001008357
:10934000E0004E4C572B5084E12E3F3C56063741EF
:109350003F3CE0004E4E362138FC050FE200CF9D29
:10936000028C4FB6E00F38AFE0413FAFE200CF854F
:109370000504E00117C800D35604E200CE0F0586AD
:10938000E00117C8E12E3F5F00CCE00017F800FBBA
:10939000E000177800C657A0E200CFE4058BE2009A
:1093A000CA940588E200CB1302855684E200CE936E
:1093B00005C11781E00000D6E12D3A9DE00426A802
:1093C000E0042226E06717B43F921703E200CB1DAA
:1093D000AF0FE00202C3E8594FFB5720E200CF82F3
:1093E00005B3E0004FCF2FB0E200CF1D02BAE05925
:1093F00014FCE059167AE1808D193DEC3EEF009B9C
:109400003C6B570990D8C584E0013F21E0413F21E2
:10941000E00010CFE12E38AE270B9768540AE00E1B
:109420003C2EE0413F2EE12E38AEE7FF2F04C681EF
:10943000E201C6FF3EFA01E5C628E05C15923DFC5C
:1094400001DB1780008EE200CF1D02FC560EE20009
:10945000CE1D02F8E83357E7E0001777E12F3F2FE2
:10946000E06717343F128F0EE200CF01E00101ECFC
:109470005409548A552155A27781DC79E200CC3118
:1094800057810287E06717BE3F921700AF0F178022
:10949000E06717343F121680AE8E570CE20ACF00F9
:1094A000E00105F0E8674F4C560CE200CF00E00AFF
:1094B0001700E06E39AC3F75038CE200CB03170157
:1094C000E06E3CAF3FEEE8794F24E200CF0202832A
:1094D000E00027DEE06717B43F921700AF0FE86E99
:1094E0004FD22784C7FFE86E6FD23EE2E400C68603
:1094F000E07817E83F9DE0021701B70FE07517C449
:109500003E9FE0FF177FE01AB73DE01AB74D168087
:109510003F6F3FEDE400C78E3E6FE002C61C3E1E6B
:109520008E0C3E72E00101B13F9EE002C79C177FA6
:10953000AF0F568326AC3FED5707C7FFE201C7FFC9
:10954000E400C70E7783E07517C43F1F3C603CEE14
:10955000150EC42677817702E004D9BC5683578163
:10956000E400C68E57023F9D3CEF150E3C6E77819E
:10957000E004D9B057813CE03C6F150EC4A6E0046E
:10958000D9A95787C7FFE201C7FF7787E06717B4FC
:109590003F928F8FE200CF81E00001FEE200CBF826
:1095A000010B3F60E000C764E00F31223F9E572966
:1095B000B70F572AB71FE06717BE391F8F02E200A7
:1095C000CF05E00101803FE33C63E000C7E01718EE
:1095D0003968C1183D6E3CE277817702E004D97AA0
:1095E00057813C62397F570201F456845606570B67
:1095F0005790E00CAE03E00CAEA35611568EE00C73
:10960000AF33E006B7B35709578AE006B643E00622
:10961000B6E35608568FE00CAB93E00CAA43E00685
:10962000B2D3E007B313E006B773E007B783E007F0
:10963000B623E007B6B35787C781E201C7FF778734
:10964000E7F800A3E200CF03E7FE01A9E0671734C3
:109650003F121681E7FE00A2178000F9E200CF82D8
:10966000018D4F34579F5686E12F3FBE170037C1FB
:109670003FBDE12F3F95E7FC00931780E7FE008F89
:10968000570CE7FE009AC681E200CE8AE7FE01C3CE
:10969000E7FE00D1E200CF82E7FF018FE0004FCD6F
:1096A000E200CFF8E7FF010938E0571DE00F312253
:1096B000E000C0E437213F91B70F571E3721E7FE86
:1096C00000FB3FEEE400C7985604399F5786568B3F
:1096D000AF83C7015790AE23AEB35611568EB7B3C2
:1096E0005789B643B6E3560A5688B7F3578FAB93FC
:1096F000AA43B2D3E001B313E001B603E001B6A37D
:10970000E001B7B3AF02E7FF0098C381E200CB8A64
:10971000C78EE7F90197E7FF0090E06716BE3E921B
:109720001600AE0DE06716B43E923F9BAE0D16805C
:10973000B68FE067178C3D9FB68B3EE2E400C68E85
:10974000E06617803F9D16FFAECFE06517F6391F24
:1097500000DA8FC2E00E3B1F8D8E25AA1700E200B3
:10976000CD8101B03E6EE400C60EE0033E118BC316
:109770003BFFE00001C73DE037A2E000C5E43D9FAC
:109780009703958B3F1BE200CF00041AE02E3D5E4D
:109790003E11B7023F60E000C7643F1F971E979CD1
:1097A0003F9EE200CF80042BE02F3FD9B792C10E3D
:1097B0005785C781E201C7FF7785E7F7008B3F6DCB
:1097C00000E8E200CD82019D3E6EE400C60EE0039B
:1097D0003E188BC33BFF01953DE037A2E000C5E496
:1097E0003D9F9703958B3F1BE200CF000406E02EC0
:1097F0003F5A3E18B70200CF3F6D00FC3FED00D747
:10980000C701E200CF0AE7FF01AC00D2E200CB1DA6
:10981000E7FB05E31780E7FC00AD08B3E0613982A0
:10982000E0613F82E7EF177F3FDEE0613F9211008A
:10983000E8876979E004D0F42403E82E6969E82018
:109840004900292AE004D06C1782E8876FFAE8877C
:109850006FFBE8876FFCE8876FFDE8876FFEE8879E
:109860006FFFE86757E3E704CF92E86777E3E837ED
:1098700057B7E70ACF92E83777B7E8206900E88260
:109880006958E80F57FDE8E06948E001972FE707BE
:10989000CF12E001B72FE061399209E1E86757E3A1
:1098A0001701E700CF9EE86777E3E80F57FF97EFD0
:1098B000E6AFCFFF2F83E7FF00B2388208B33FE85F
:1098C000E400C785E01F115E391F8CA239E8E00370
:1098D000DB858D128C823C63E003DB9C8CB23C63A5
:1098E000E003DBB98CC23C6309A1E07700D208B188
:1098F000E86657C0E80F77E0E8824FD6E200CF82F3
:1099000001B9E07D17F8E80F77DFE0D01788E80F9E
:1099100077DEE0D914B6E8824FD61507E400C78A8F
:10992000E06F14293C9FE004D7D5E8824FD6E01FB2
:1099300014C6E400C78615063C9FE06F141EE004C1
:10994000D7C9E8824FD6E01F14DEE400C7851505AD
:109950003C9FE06F1416E004D7BDE8824C56DFAFA1
:10996000E8824FD6E86F6FA6E8714FF8E86F6F8214
:1099700008E1E07917B800C808B43FE8E400C78AF6
:10998000E0D91134E00E391F39E88A2E2C82148177
:10999000391F8C42ACA2E003DA0E3C63EFFED57AAD
:1099A000E02E17EA31A2399F8C428C83E003D9E97B
:1099B0003C640A61E08217DC34213C1F8E88E8CFCA
:1099C0004F4D8F98E0AF3E8EE866574037A13F9EDF
:1099D000940F388208B3C05C39683C60152239E9BD
:1099E000C4041480E004D744E0CF17C88F5F8FCF42
:1099F0003C606F8231C117843141C4026F037184AE
:109A000071067787E003DD27C02409E108B1E86625
:109A100054C0E094147CDFDFD81FE8724FA3E2004B
:109A2000CF830182D95EE866564017803EECE004A1
:109A3000C680B78D3EECE8CF4F4DE004C6C0B78D71
:109A40003D6E3EEE3CEEE400C512E400C694E5FF38
:109A5000C4FA3D1C3E9C3724958D3F1C979A3E9935
:109A6000948D969E3F9B3E993F991483960AE02FD2
:109A70003FB93F9CB78AE00F3D9DE02F3FB9968EDE
:109A80003F9DB78E1781E8206F8108E108B5C05C63
:109A900039683C603A6939EA14801522C4043AEB0B
:109AA000E004D6E6E0CF17C88F5F8FCF32416F82D8
:109AB00017823C6F31C131413C106F036A857204DB
:109AC000718571067787E003DCC6C0240AE1E8D916
:109AD0004F9E27BBE8554FBBE200CFAE0125E20009
:109AE000CFE80124E200CF8017001782E06F39AE83
:109AF000E8554F3A3F7F01292C1B3F6FC701E40017
:109B0000C716E05416F2E200CC823F1D950E018686
:109B1000E400C7963F9DE001955FE86654C015805C
:109B20003C69E7FF00B5178000E4178100E2E2001E
:109B3000CC010189E400C796E05417723F9EE00112
:109B4000954F00EC150000EA388208B4C05C396813
:109B50003C603A6939EA14801522C404E004D688CE
:109B6000E0CF17C88F5F8FCF3C606F823241178183
:109B700031C13141C4026F03720471857106778768
:109B8000E003DC69C0240A61E8554FBBE200CFAEB8
:109B90000124E200CFE80123E200CF801700178202
:109BA000E06F39AEE8554F3A3F7F011B3F6FC70169
:109BB000E400C716E400C796E05416F23F1D3F9D2F
:109BC000E200CC00E86654C0970EE001954F3C6976
:109BD000E06A392EE7FF00BB178000E5178100E33C
:109BE00038823FE8E86E4C702406E201C7FD14009D
:109BF000E1283F88388208B7C07EE0D911343B683D
:109C00003A69E0D912DC13808FC2E200CF820115DD
:109C10008F1289823C6F399E39963D643CE377818F
:109C2000E003D8E4E8824C56DFDD3D645781240A26
:109C30003CE73C6FE003D8F4C10A397501E6C00285
:109C40000BE13CE300F708B4E80F57FFE054127251
:109C5000916FE00011C0E6AFC97221371701E871BA
:109C60006F78E8826F56E00197AFE6A4CFAFE82E99
:109C70006FFBE003DF251780E8726FA1E82E6FFA13
:109C8000E8546FF1E8544FF23F6FE400C716399F74
:109C90003A1EE00CC19AE0018CB48C03DFADE8D928
:109CA0004CC01402E003D887E0021780150014812D
:109CB0001402E80F77F4E003D9ADEFFEDBFCE871A6
:109CC0004C780A21E7CD00DBE8716978E8826956B3
:109CD000E82E697BE8726921E82E697AE003DED319
:109CE000E8D94CCA1402E003D866E00617803D624A
:109CF00014831402E80F77F4E003D98CE8544FF290
:109D0000E85469713F6FE400C716399F3A1EE00CB2
:109D1000C19AE0018CB48C03DF6F00D008B7C07C1F
:109D2000E80F517F97E2E6AFCFFF27841780E82F37
:109D30006FFE97E2E6AFCFFF2F89E82F4FFEE201DB
:109D4000CFC80284C781E82F6FFEE8864E7CE866A4
:109D50005540E8CF4DCD2617E84554F0E08216DC9B
:109D600017003FED8C0F8F9FC682E0AF3C0B37A1F1
:109D70003F9A978F3CFFE0020426C701E201C77FAC
:109D80003E7E01F01700E86C57D7E84351BFE84327
:109D900050C0E86C56D4E70FCF9EE00E3991E12E0B
:109DA0003F1DE82E4EFDE70ACF9EE02E14FEE02F69
:109DB000173AE86C52D376823A69E86C77D73C6EF2
:109DC000168057823EFFE00201811401E08216DC1A
:109DD00012003A7CC682C702E0020191E84556F1C2
:109DE000E86C57D73AEDE400C2861700E709CF9830
:109DF000E70ECF9E3AFEE82E6A7DE86C77D7E886BC
:109E00004F7DE84353430302C2833282270A3AF666
:109E10000508E86C57D71601E70ECF9CE86C77D79A
:109E2000E86C57D73E6FE280C600260DC77FE20080
:109E3000CF010289E200CA0101861700E70ECF9E1A
:109E4000E86C77D71600E86C57C4E86C575737C2F0
:109E5000E70BCF1C3FF3E86C7757E00104E53FF1D7
:109E6000E00104E2E708CF1CE86C77571781E86C43
:109E700053D7E8D96FB2E200CB8003041780E8D94A
:109E80006FB2E8794FA527841780E8D96FB2E8CF81
:109E900049C42983E8D969B2E8824C567681DEA2AA
:109EA0005681240EE8724FA1E200CF810189E82F8C
:109EB0004FF6E200CFBA02841780E8D96FB23FE7CD
:109EC000E280C780E0012FB9E8D96FB02183E6A610
:109ED000C9F77681EFFED18BE200CC015681028278
:109EE00029841780E8D96FB03AF6E00102293EF6DE
:109EF000E0010229E00F36CF3F9D3781E02F3F96EA
:109F0000C7813F67E202C700E200CF00E8544EF687
:109F10001704E06E392F3FEEE200CE8017013EEECF
:109F2000E06D392F3FED36BEE86C76D5E8D96F2C61
:109F30002206E200CB800403E86C77D5E8724FA1DB
:109F4000E200CF810187E86C57D5E400C785E86C53
:109F500077D597E2E6AFCFFF2F8CE82F4FFEE201D7
:109F6000CFC70287E86C57D5E400C785E86C77D582
:109F7000E8CF4F45E8D94EB0E200CF04028EE02F83
:109F800017F83F9EE00126998F0FE8D94E2D3E7EAF
:109F9000E00005DCC701AF0FE200CE81E001018ED9
:109FA000E82F4FFDE8D94EAD17003EFFE8D96F32DC
:109FB000E0010584E8D96F30C781E82F6FFDE0002C
:109FC00000C71701E7FD00E13FE88B8F8F9FE1801D
:109FD0009314E0AF3B8BC40237A13F9A978FE00602
:109FE0003FA6E0413B263B750286C681E201C6FFE3
:109FF000E7FD00E91400E7FD00EBE0408A9DE0404A
:10A000008B2D3FE5E0AF3B0BC20137A13F9A978F05
:10A01000E201C27FE180B799E040AB2EE040AA9E0A
:10A02000E7FD00D9E86C57D71701E708CF9EE86C29
:10A0300077D7E7FE009D1781E7FE00C81784E7FE8B
:10A0400000E21783E7FE00DF1700AF0FE8D94FB239
:10A05000E200CF8101B5E81F4FC4E8D94F2C3F7F04
:10A0600005AF1700E8D96F32C781E8714978E81F5A
:10A070006FC4290EE8304F80E200CF840289E003EC
:10A08000DED0E843713EE8D96930E8D96932E8D9D1
:10A090004FB0278A1780E82F6FFD1780E81777FCED
:10A0A0001787E8D96FA0E8D94FB2278C1400C004F5
:10A0B0000BA1E07B00EBAE8F1780E7FF00801781DC
:10A0C00000D5C0040BE12503E7C400873882C47FB4
:10A0D000E3FFCC7F018F3882000000000000000009
:10A0E0000000C7FFE201C7FF2FF8000000000000DA
:10A0F00000EF178400F708B2E80F57FF168AE00850
:10A10000970F1100E70CCF4DE008B70F1685E0065A
:10A11000972FE0001440E700CF12E006B72FE008C9
:10A12000970FE708CF4DE008B70FDFD2E80F57FFD2
:10A13000E008970FE708CF42E008B70F096108B2BF
:10A14000C07E39683C60C402EFFED1F8E80F57FFCB
:10A1500016A8E006974FE728CF0DE006B74FE001BD
:10A16000210AE006974F1683E704CF4DE006B74F6C
:10A170001681E006976F1612E700CF6DE006B76F05
:10A18000E00B974FE708CF6CE00BB74F1624E00BBE
:10A19000974FE700CF6CE00BB74F1611E007974FD2
:10A1A000E700CF7CE007B74F1623E00B976FE70877
:10A1B000CF7CE00BB76F1635E00B976FE700CF7CD5
:10A1C000E00BB76F163CE006976FE728CF0CE00670
:10A1D000B76FE7981600E7F81700E002B60EE00147
:10A1E0001640B62E960EE70BCE1DB60E960EE70A5B
:10A1F000CE1DB60E1600958EE70BCD9CB58EE002F7
:10A20000958EE70CCD9DE002B58E958EE709CD9C2D
:10A21000B58E95EFE6A4CDFB258DE002958EE70087
:10A22000CD9DE002B58EE00196EEE700CE9CE00108
:10A23000B6EE1600E83A56D7E008970FE70CCF4C79
:10A24000E008B70F1601E006972FE700CF1CE006E5
:10A25000B72FE008970FE6ACCF7E2F07E83A5757A5
:10A260003F2DE200CF0A05F65401EFFED152C002A5
:10A270000961E00696CF1703E704CECEE006B6CF1D
:10A28000161EE00696CFE700CECEE006B6CFE0067B
:10A2900096EFE700CEEEE006B6EFE00B96CFE708CC
:10A2A000CEEEE00BB6CFE00B96CFE700CEEEE00BA4
:10A2B000B6CF1704E00796CFE700CEFEE007B6CF93
:10A2C000E00B96EFE708CEFEE00BB6EFE00B96EF63
:10A2D000E700CEFEE00BB6EFE00696EFE728CE8C67
:10A2E000E006B6EFE007968FE728CE8CE007B68F42
:10A2F0001681E007960FE704CE4DE007B60FE007A2
:10A30000960FE700CE4DE007B60FE007962FE70C5B
:10A31000CE4DE007B62FE007962FE708CE4DE007B9
:10A32000B62FE009962FE728CE0EE009B62FE7F802
:10A330001700E0881600E002B60EE0011640B62EC7
:10A34000E002966EE704CE12E002B66EE002966E70
:10A35000E706CE12E002B66EE002966EE705CE1278
:10A36000E002B66E97EFE6A4CFFF278DE002978E4E
:10A37000E700CF9DE002B78EE00197EEE700CF92B5
:10A38000E001B7EEE83A57D7DEB7E7FE00EF08B7CF
:10A39000C07E3F83E80F57FE1181972F1100E70F12
:10A3A000CF13B72F167E972FE701CF12B72FE7E411
:10A3B000170096EEE705CE92B6EE96EEE707CE9240
:10A3C000B6EEE7E81700B12E968EE700CE92B68E75
:10A3D000968EE701CE92B68EE80F56FDB16E974D80
:10A3E0003F5CB74DE0613912137FE0613B11972F5D
:10A3F000E708CF13B72F972FE709CF13B72F972F62
:10A40000E70CCF13B72FEFFDD75BE06A3910E06A96
:10A41000391CE06A3918E06A399A1282E06A3A9B7C
:10A42000E06A3A951203E06A3A11E06A3A12E06A89
:10A430003A1DE06A3A1EE06A3A17E06A3A19E06AA1
:10A440003A16E80F57FDE001177FE001B14F16B74C
:10A45000E002B74FE7FE167FE001B76FE002B76F8B
:10A46000E002B10FE003B68FE002B72FE003B72F91
:10A47000E00196CFE837713ACEA0E001B6CFE00216
:10A4800096CFE001CE80E002B6CFE00196CF3EDC71
:10A49000E001B6CF1677E002968FE001CE80E002B1
:10A4A000B68FE00196CF3EDCE001B6CFE002968F9A
:10A4B000CE88E002B68FE01316C4B12FE80F57FE26
:10A4C000E83776B9E01016F0E001B14FE83776B51D
:10A4D000E0613E823EC3E0613E92E0613E82CE8416
:10A4E000E0613E9296AF138FE703CE93B6AFE7E5F8
:10A4F0001780B10FE0041688B12FB3CFE001B68FFB
:10A5000016B4E001B6AFE001B14FE001B16F96AF14
:10A51000E700CE93B6AF968FE700CE93B68F96AF97
:10A52000E701CE93B6AF968FE701CE93B68FE06189
:10A530003F82E001CF80E0613F92E7E6178096CF4F
:10A54000E00F1677E70BCE93B6CF96CFE720CEBCC1
:10A55000B6CFE001162596EFE720CE8CB6EF968FAA
:10A56000E706CE93B68FE0613F82E020CF80E061C6
:10A570003F9217803CEE153EE0731478E86E6FF65C
:10A580007701E004D1755701153E3CEEE07414529A
:10A59000E004D16EE07317F8E86E696DE83777EB89
:10A5A000E86E696CEFFED1D0E80F577E169B97AE30
:10A5B000E707CF93B7AEE80F76FC97AEE70ACF93E5
:10A5C000B7AEE7EA1780968FE702CE93B68F968FE5
:10A5D000E70BCE92B68F968FE701CE92B68F968F0D
:10A5E000E708CE92B68FB14FE0613E82E008CE80A0
:10A5F000E0613E92E80F56FC143CB6AF968FE70040
:10A60000CE93B68F968FE707CE93B68FE80F57FDA0
:10A61000E00196AFE707CE92E001B6AF97AEE70C48
:10A62000CF92B7AEDD55E80F57FD140AE001972F22
:10A63000E702CF13E001B72FE001972FE702CF1217
:10A64000E001B72FE80F57FE972FE70CCF13B72F76
:10A65000DD3FE80F57FFE0E01747E001B76FE0028A
:10A6600016DEE002B68FE0201700E002B12FE7808F
:10A670001691E004B14FE002B74FE001171CE0046F
:10A68000B6EFE00F16D0E002B16FE003B70FE003C2
:10A69000B32FE003B34FE009B6EFE00016DFE004AC
:10A6A000970FE720CF4DE004B70FE0101708E00444
:10A6B000B72FE0E016FFB32F1707B6CF1684E00CD4
:10A6C000B74FE00CB6EFE005972FE703CF13E00597
:10A6D000B72FE8677163E86E6970E8377137EFFE8E
:10A6E000D1B5E003D91DE0613F82E010CF80E06189
:10A6F0003F92E80F577DE01016A0978EE000165AA3
:10A70000E709CF93B78E3C63978EE709CF92B78E58
:10A71000978EE70ACF93B78E978EE70ACF92B78EC0
:10A72000E7F81780B68FB12FE001B16FE00196EF27
:10A73000E701CE93E001B6EFE00196EFE708CEA582
:10A74000E001B6EFE00196EFE706CEA5E001B6EF37
:10A75000E002B10FE00296AFE728CE8CE002B6AF80
:10A76000E00296AFE706CEA2E002B6AFE00296AFF7
:10A77000E704CEA5E002B6AFE00296AFE702CEA2B4
:10A78000E002B6AFE00296AFE700CEA5E002B6AFBA
:10A79000968EE706CE92B68E968EE701CE93B68E53
:10A7A000968EE700CE93B68EE80F56FEE001964DEA
:10A7B000E705CE13E001B64DE001964DE70BCE1351
:10A7C000E001B64DE003B14EE00596CEE70DCE9325
:10A7D000E005B6CEE002974FE708CF34E002B74F6E
:10A7E000E002974FE70BCF57E002B74FE002976FB9
:10A7F000E700CF34E002B76FE002976FE706CF12B1
:10A80000E002B76FE002976FE705CF12E002B76F83
:10A81000E002976FE704CF12E002B76FDC91E0032C
:10A82000D96B3B00E72B153D14A01412E003D5A112
:10A83000E700153914A01412C0020BA1E06B00BE92
:10A8400008B4E001117A39E8121CC1FFE3FFC9FF27
:10A85000010C3C62DC3D3C62DC3B3C62DC393C622E
:10A86000DC373C64DC3500F20A6108B3E82D49E9C5
:10A87000E200C9DAE00001CAE80F57FF916FE6A4D1
:10A88000C972E00029431781E8E06FC91681E80F1B
:10A8900057FEE82D69693CE2972FE0501400E70469
:10A8A000CF1DB72F972FE70ECF1DB72FE003D99DF0
:10A8B0003CE2E0201400E003D998E0011448DFC135
:10A8C0003CE3E7EE1400E003D990E00114A5E7EEC5
:10A8D0001401E003D98AE0011495E7EE1402E003C5
:10A8E000D98414A7E7EE1403E003D97F1432DFA95B
:10A8F000E80F57FE972FE704CF12B72F972FE70ED9
:10A90000CF12B72FE8E0694909E10EBFC076E060D9
:10A910003E88E0603F097685E0603E8A7704768372
:10A92000E0603F0CE0603E8B770276813B00E80FF1
:10A9300057FF1680E008970FE700CF1DE008B70F1C
:10A94000170196AFE708CE9EB6AF97EFE200C7C0FB
:10A950002787E86757E3E708CF9EE86777E317A004
:10A96000E0613F913E8356855704E0603E985683F0
:10A97000E0603F19E0603E9A57025681C00AE060ED
:10A980003F1CE0603E9B0FAD380008BFC05AE0603E
:10A990003888E06039097093E060388A71127091EC
:10A9A000E060390CE060388B7110708F3B00E80F6D
:10A9B00057FF974FE6ADCF7E272A970FE6ADCF7EA4
:10A9C0002726972F1681E702CF1DB72FE81657F2DB
:10A9D000E200CF8EE00305FC17BCE81F6FC21780B2
:10A9E000E81677F2E8824F582712E8724F21E2000A
:10A9F000CF01E0040180E8824F58E200CF01E0037C
:10AA000001FAE8824FD8C781E8826FD8E80F57FF74
:10AA1000974FE6A9CF7E270A970FE6A9CF7E270694
:10AA2000972F1681E706CF1DB72F974FE6AACF7E47
:10AA30002712970FE6AACF7E270E972F1681E705DC
:10AA4000CF1DB72FE8E04FC827861200E8E06A481C
:10AA5000E003D7C7E80F57FF974FE6ABCF7E270A33
:10AA6000970FE6ABCF7E2706972F1681E704CF1D01
:10AA7000B72F974FE6ACCF7E270A970FE6ACCF7E75
:10AA80002706972F1681E703CF1DB72F974FE6A311
:10AA9000CF7EE002271E970FE6A3CF7EE0022719A4
:10AAA000972F1681E70CCF1DB72FE0871176978F70
:10AAB000E8375737E6A4CFFFE70ACF1FE8377737E5
:10AAC000E83757B7E8675763E6A5CFFFE704CF1F1E
:10AAD000E8677763E8874FF93FFD01ABE8874E777A
:10AAE000E8876E78E8884F873F9DE8886F87E88819
:10AAF0004F863F9DE8886F86E8884F06E8874FF7C6
:10AB0000E400C7963F92E0088F8F3FFE02921780C5
:10AB1000E8886F86E8874FF73F9DE8876FF7E887FB
:10AB20004FF7E8874F763F7F05841203E8876A79FD
:10AB3000E8884987E8874FF8E8874EF9E200CE8138
:10AB4000E00101C5E8874F78E8874E763E7EE00158
:10AB500005B2E400C78BE8874F783F93E400C7163F
:10AB6000C79737A13F123F92E002976E928FE001A4
:10AB700022A2E6A8CF8EE200CF86E82D6EE3E001A8
:10AB8000029AE00F36BFE200C7DFE0012794E2013E
:10AB9000C77FE200CF04E0010105E8884B07E82DFC
:10ABA0004FE3E00027FFE86C564EE80F57FD7601B3
:10ABB000E001972FE86C53CDE707CF1DE001B72FD9
:10ABC000E740178097AFE68BCFBFE002C78037C85A
:10ABD000E8726FADE8824C56D8052C03E8544B71EF
:10ABE000E81F4C723EE63F68E401C692E400C712DB
:10ABF000E0D9165C3F1DE00F3E1D3F1CE86C56443B
:10AC00003CEF15803621E001C490E82E4B7CE740F4
:10AC1000169CC63038E9E009B58FE0012B74E201DB
:10AC2000CC7F0109950DE002B52EE00A3E1D950A84
:10AC3000E005B55EB58FE001B59FE180951F9209F3
:10AC40003D740582B5099201E001950F3D740582BE
:10AC5000B501C682E340CEAEC70201E0E8CF4FCDDA
:10AC600056016F8BE1243E57E8CF4FCC3C60C218B1
:10AC70006F8A32C1E02017801480C404E681CA14B0
:10AC8000778C7208728BE003D5E5E80F577D17804B
:10AC9000E00196AEE707CE9FE001B6AEE82D6FE388
:10ACA0003913E86757E3E6ABCFFFE00127BF178210
:10ACB000AFC2E8874FF7E8874F763F7F02871602DB
:10ACC000E8876E791780E8826FD9E003D629E80F0C
:10ACD00057FF974FE6A4CF7E270A970FE6A4CF7EB3
:10ACE0002706972F1681E70BCF1DB72F974FE6A5A5
:10ACF000CF7E270A970FE6A5CF7E2706972F1681CE
:10AD0000E70ACF1DB72F974FE6A6CF7E271A970FDA
:10AD1000E6A6CF7E2716972F1681E709CF1DB72FFE
:10AD2000E8874F793F7D018DE8445691E200CE825D
:10AD300001881200E8826A59E8876F7AE8876EF91D
:10AD4000974FE6A7CF7E2710970FE6A7CF7E270C59
:10AD5000972F1681E708CF1DB72FE8675763E708DD
:10AD6000CF1DE8677763974FE6A8CF7E270A970F36
:10AD7000E6A8CF7E2706972F1681E707CF1DB72FAE
:10AD800000000000000000000000000000000000C3
:10AD90000000000000000000000000000000E010C3
:10ADA0001780E0613F91388350935112E0603898EA
:10ADB0005091E0603919E060389A5110508FC026E8
:10ADC000E060391CE060389B0FA13800E81657F2AC
:10ADD000E200CF880585E00017DAE7FC0080E8167E
:10ADE00057F2E200CF86E7FB05FCE00017F8E7FB2F
:10ADF00000F6E8826FD8E003D5F4EFFDDCADE7FCA8
:10AE00000087950DE002922E3D24E0413D2AB50FCA
:10AE1000E00A3E1D950AE005925E3D24E0413D2A90
:10AE2000E001B51FE7FE008B1201AA42E7FE00C356
:10AE30000C380FBFC076E0603C08E0603F897405C5
:10AE4000E0603C0A77847403E0603F8CE0603C0B78
:10AE5000778274013B00E00017C0E0613F913C0342
:10AE600054055784E0603C185403E0603F995782D2
:10AE7000E0603C1A5401C00AE0603F9C0FAFE06004
:10AE80003C1B0C28380008B10C3FC076E0603888C5
:10AE9000E0603C097085E060388A74047083E0608B
:10AEA0003C0CE060388B740270813B00EFFDDD4CA0
:10AEB000EFFDD206E0201780E0613F913883508596
:10AEC0005404E06038985083E0603C195402E0601C
:10AED000389A5081C00AE0603C1C0FA8E060389BA3
:10AEE00008A1380008B50C3FC066E0603888E06013
:10AEF0003909708DE060388A710C708BE060390C14
:10AF0000E060388B710A70893B00E80F54FD170030
:10AF1000E00191A9E00197A9E7FE1580E707CF9E20
:10AF2000E001B7A9E7EE1780970FE6A8C9F3E001A3
:10AF3000CF00B70F972F3F5B2737970F1681E70397
:10AF4000CF1DB70F972FE20CC7002705970FE70219
:10AF5000CF1DB70FE7EE1780177FB76FE7FE16FF1D
:10AF6000970F3F5DB70FE80F57FDE001972FE707F9
:10AF7000CF13E001B72FE0021780E0613F913883E3
:10AF8000508D510CE0603898508BE0603919E060CA
:10AF9000389A510A5089C01A0FA8E060391CE06045
:10AFA000389B0AA13800958FE703CD9EB58F958F0A
:10AFB000E702CD9EB58F972FE200C708274CE0012E
:10AFC000916FE201C17FE00E3122E150C700921E75
:10AFD000E001976FE200CF00E0010348E86E4F7692
:10AFE000E6A9CF5E2F132905E86E4FF6E7FF00B400
:10AFF000E200C903E7FF02B0E00297A91701E707E3
:10B00000CF9EE002B7A9E7FF00A7E200CF04E7FF69
:10B0100001A3E200C95C0287E06E17F6391F8F8238
:10B02000E7FF009A3F62E1FFC716E200CF010290FE
:10B03000E00397CFE812572D3F9EE81277ADE0006E
:10B04000146AE81257ADE80F54E03C9F00953F6248
:10B05000E1FFC712E200CF010293E00397CFE812AD
:10B06000572BE80F54DF3F9EE81277ABE000146ED9
:10B07000E81257AB3C9FEFFDDBB4E7FE00ED3F620B
:10B08000E1FFC714E200CF010290E00397CFE8127E
:10B09000572AE80F54DE3F9EE81277AAE000146CAE
:10B0A000E81257AA3C9F00E83F62E000C777E20140
:10B0B000C77FE200CF010290E00397CFE8165770F8
:10B0C000E81654EF3F9EE81677F0E81657F03C9FDD
:10B0D000E001140900D13F62C731E201C77FE200FD
:10B0E000CF010291E00397CFE8165770E81654EFAE
:10B0F0003F9EE81677F0E81657F03C9FE001144FAA
:10B10000E7FF00BBE201C94AE7FE01263FE2E0009B
:10B11000C7FFE201C7FFE200CF81E7FE059DE20124
:10B12000C906018DE7F81780E00297CFE6A5CFDFCB
:10B13000E81F6FBBE81F4FBBE7FE008EE201C91698
:10B14000018CE7F81780E00297CF37CBE81F6FBA82
:10B15000E81F4FBAE7FE0080E201C97DE7FD01FC70
:10B16000E82D4FE9E7FD00F8E86E4FF6E6A9CFDFDE
:10B1700029042F91EFFDDB50E86E4FF68C04E6A911
:10B18000CFDFE0032F93E0022921EFFDD8441781A0
:10B19000E00200F0E200CF8401F0E00197A917017E
:10B1A000E703CF9EE001B7A93C62E7501780B40FD8
:10B1B000C784E040B41FE358CF8001FAE06E15F673
:10B1C0003D981708E02A3C7EE7501780B50F140120
:10B1D000E06E12F6B59F38E81600E054C080E00D2E
:10B1E0003C15E00B3E9C1708E02A3E7E30A2C401CD
:10B1F000B501E200CC5CB5913FEC01EEE06E16F8D3
:10B200003E9C150AE02C3E7AE7501700B64EE750F8
:10B210001608B69CE06E15F93EEF3E9B160AE02C30
:10B220003E7FB66EE750170CB69EE06F16D23E9F7B
:10B230001508E02C3FFAE7521770B60E150AB69EB5
:10B24000E7531728E80F56E0E75415A43E9FE02C7B
:10B250003FFAB60E1508B69EE753172CB60EB69EEB
:10B26000E7531738E80F56DF3E9FE02C3FFAB60E43
:10B27000B69EE753173CB60EB69EE7531730E80F5D
:10B2800056DE3E9FE02C3FFAB60EB69EE7531734CB
:10B29000B60EB69EE81656EF3E9FE02C3FFA3F6C86
:10B2A000B70BE7541628B69B150AB70CE0D915B4AE
:10B2B000B69CE756163CB70CB69CE7561640B70C42
:10B2C000E7531740B69CE06E16F03E9FE02C3FFA25
:10B2D000B60EB69EE06E16EE3E9FE02C3FFAE753A8
:10B2E0001744B60EB69EE02416A03E9FE02C3FFA0F
:10B2F000E7531770B60E1508B69EE7531774B60ECF
:10B30000160EB69EE7541704B60EE00216A0B69EBF
:10B31000E7541708B60EB69EE01F16BB3E9FE02C02
:10B320003FFAE7541718B60EB69EE01F16BA3E9FB6
:10B33000E02C3FFAE7541758B60EB69EE024169F4D
:10B340003E9FE02C3FFAE754173CB60EB69EE03025
:10B3500016883E9FE02C3FFAE7541748B60EB69E7B
:10B36000E754174CB60EB69EE03016923E9FE02C86
:10B370003FFAE7561728B60EB69EE02D16E93E9F17
:10B38000E02C3FFAE7571774B60EB69EE8824F5688
:10B39000E400C70AE00D3D9E3E9FE02C3FFAE757D0
:10B3A0001778B60EB69EE02D16EA3E9FE757177C3B
:10B3B000E02C3FFAB60EB69EE0019729E703CF1FB7
:10B3C000E001B729E7FD00DA3EE2E401CE80E200C9
:10B3D000CEEF029B3FE2E000C7DD3F6FE201C77F97
:10B3E000E200CF0C0286178137BEE230C7A92F9446
:10B3F0001781E200CEA5E8246F9E018EE82D6FE84C
:10B40000E81F6C38E7FD00C5E201C97D0185E82D24
:10B410006C69E7FD00BEE201C97CE7FD01BAE2000C
:10B42000CC66012B029EE200CC55E7FD01B2E81F7D
:10B430004FB9E200CF85E7FB018F3C601510E000BB
:10B44000148AC402E003DA4616003CE015811510A8
:10B45000C4823C6CEFFDD841E001D762E7FA00FC02
:10B46000E201CC080118E201CC2AE7FD0192178520
:10B47000E81F6FB9E7FA00F0E81F4FB9E200CF8587
:10B48000E7FA01EAE80F57FDE001177FE001B70F87
:10B49000E7FA00E2E81F4FB9E200CF85E7FA01DCE6
:10B4A000E001D73EE7FA00D8E200CF84E7FA01D402
:10B4B0002919EFFDD6B0E86E4FF637C72788E82D7B
:10B4C0004FE2E200CF810183E82D6962E81257ACB8
:10B4D000E7FA27C2E86F4F84CF82E86F6F84E7FAFC
:10B4E00000BBE200C90F01941780E200CC01E8160E
:10B4F00077F0E7FA01B1E86F6C05E02417DCE86F3C
:10B500006C06E81677EFE81654F0E7FB00E2E2007D
:10B51000C91501941700E200CC01E8167770E7FA2C
:10B52000019BE86F6C0BE02417DCE86F6C0CE816ED
:10B5300077EFE81654F0E7FB00E2E200C91201855C
:10B54000E86F6C08E7FA0088E200C911019A1780D9
:10B55000E200CC01E81277AD018FE86F6C07E86E6E
:10B560004FF6E707CF98E86E6FF6E02417DCE80F98
:10B5700077E0E7FA00E6E7FA2C64E86657C000F8DF
:10B58000E200C901E00001E6E82D4FE22F85E86600
:10B5900057C0E80F77E01100E812712DE201CC2EC0
:10B5A000E86E6C77E80F52600133E201CC2FE000C7
:10B5B0000147E201CC2D01BCE812712DE000146AB4
:10B5C000E81254AD3C94EFFDD90CE8167170E0011F
:10B5D0001409E81657F0E81654EF3C9FEFFDD90127
:10B5E000E812712BE000146EE81257ABE80F54DF3D
:10B5F0003C9FEFFDD8F6E812712AE000146CE812C7
:10B6000057AAE80F54DE3C9FEFFDD8EB0091E86CA1
:10B6100057C437A1E81277ADE81257AD37C9E86FC4
:10B620006F92E81257ADE6A7CF8FE86F6F93E812DD
:10B6300054AD3C94E000146AE00100DBE816717040
:10B64000E0011409E81657F0E81654EF3C9F00DDBE
:10B65000E200C9090191E200CC02E7F802FDE86EC0
:10B660006C7F2C05E86F6C24E7FE00B2E200CC0191
:10B67000E7FE01AE00F8E200C95CE00102F7E2007B
:10B68000C93001AFE200CC03E7F802E6E06E17F63E
:10B690003F92E200C925AC0FE001015EE00002D557
:10B6A000E200C91BE001013702BFE200C917E00157
:10B6B0000118E200C919E0010120E200C90801BC3B
:10B6C000E80F577DE00297AEE00296AEE6A8CFFF06
:10B6D000E400CF81E707CE9FE002B6AEE7FD00F8B9
:10B6E000E200C926E7F801380292E200C907E7F84C
:10B6F0000133028617FE3F92E200CF8100853FE2D0
:10B70000C7F4E200CF8202C3E7F800A6E200C93521
:10B71000E7F80122028317D500EF3FE2E1FFC7B04F
:10B72000E200CF8300F1E200C91DE00101070484BB
:10B73000E200C92003AEE200C95705B1E81257ACD8
:10B74000E004CF800093E200C93101370293E200A8
:10B75000C92804F2E200C92A05ABE200C93001ECB5
:10B76000E81257ACE70017003FCEE81277ACE7FDD0
:10B7700000AFE200C933012C04A6E200C934012C59
:10B78000E200C93901D9E81257ACE080CF8000EE61
:10B79000E81257ACE040CF80E81277ACE200C90A6B
:10B7A000E7FD0196E81257ACE008CF8000DFE81211
:10B7B00057ACE002CF8000F1E7FF172AE86F6F2750
:10B7C000E7FD008617A2E86F6FA8E7FD0081E81289
:10B7D00057ACCF8400CBE81257ACCF8800C7E86FD6
:10B7E0006C0DE0011401E86F4C8DE002C4A0EFFD88
:10B7F000D7F8E7FC00EDE86F4F8E37A83C1FE81242
:10B80000742BE000146EE81257ABE80F54DF3C9F36
:10B8100000EFE86F4F9037A83C1F3421E812742ADC
:10B82000E812572AE8127729E81257AAE80F54DEDF
:10B83000E000146C3C9F00DCE86F4F92E80F54E08E
:10B8400037A83C1F3421E812742DE81257AD3C9FF5
:10B85000E7FD00F2E8246C50E02414A0E8244FD067
:10B86000E000147C3C9F00C43FE2E1FFC794E2008B
:10B87000CF810293E81257ACE001CF80E81277AC99
:10B88000E7EE1780E00397CFE81257293F9EE812B2
:10B8900077A9E81257A900CB3FE2E1FFC792E20087
:10B8A000CF810291E81257ACCFC0E81277ACE7EE37
:10B8B0001780E00397CFE812572B3F9EE81277AB33
:10B8C000E7FF00A1E201C9060197E81F6C3BE7F81A
:10B8D0001780E81F4EBBE002974FE708CF3DE0021C
:10B8E000B74FE81F4EBBE002976FE700CF3DE00285
:10B8F000B76FE7FB00EDE201C916018FE81F6C3A54
:10B90000E7F81780E81F4EBAE002974FE70BCF5DCC
:10B91000E002B74FE7FB00DCE201C90F0187E1FF5E
:10B92000C400E8246C1FE7FB00D3E201C97DE7FBFC
:10B9300001CFE82D6C69E7FB00CB08B20C3FC07665
:10B94000E0603888E06039097085E060388A710409
:10B950007083E060390CE060388B710270813B00CD
:10B96000E80F57FFE00C976FE6ADCF7E2723E00C82
:10B97000972FE6ADCF7E271EE00C974F1681E7028A
:10B98000CF1DE00CB74FE03E1400E003D14339680F
:10B990001480E7F61460E003D15BE200C93C018447
:10B9A000E81F69420087E200C95A017BE200C978BA
:10B9B0000178E80F57FF974FE6AECF7E270C970F21
:10B9C000E6AECF7E2708972F1681E701CF1DB72F50
:10B9D000EFFEDF66E80F57FF974FE6AFCF7E2719E0
:10B9E000970FE6AFCF7E2715972F1681E700CF1D63
:10B9F000B72FE8675763E700CF1DE867776397EFD6
:10BA0000E6AFCFFF2783EFFEDF0A1780E82E6FE94E
:10BA1000E80F57FFE00C976FE6AECF7E270DE00CE6
:10BA2000972FE6AECF7E2708E00C974F1681E701EF
:10BA3000CF1DE00CB74FE00C976FE6AFCF7E270D20
:10BA4000E00C972FE6AFCF7E2708E00C974F1681CA
:10BA5000E700CF1DE00CB74F974F374F2717970FD1
:10BA6000374F2714E001976FE00196EFE6A9CF7EEC
:10BA7000E400CF01E706CE9EE001B6EF1681972FD6
:10BA8000E70FCF1DB72FEFFEDF0BE80F57FF974FE4
:10BA9000E6A1CF7E2712970FE6A1CF7E270E96AFA5
:10BAA0001701E70ECE9EB6AFE86757E3E701CF9EDA
:10BAB000E86777E3EFFEDEB3E80F57FF974FE6A2A4
:10BAC000CF7E2712970FE6A2CF7E270E96AF1701E3
:10BAD000E70DCE9EB6AFE86757E3E701CF9EE86774
:10BAE00077E3EFFEDE9C0000000000000000000095
:10BAF0001784E0613F91388350855104E0603898A5
:10BB00005083E0603919E060389A51025081C00AD0
:10BB10000FA8E060391CE060389B092138000EBF97
:10BB2000C076E0603E88E0603F097685E0603E8A4E
:10BB300077047683E0603F0CE0603E8B770276818D
:10BB40003B00E7EA1780970F1680E702CF1DB70F7B
:10BB50001681970FE700CF1DB70F970FE70CCF1D8A
:10BB6000B70FE83A57D73F9DE83A77D7E81657F22C
:10BB70003F9DE81677F2E83357E53F9DE83377E5D8
:10BB8000E812578EE3FFCFFF01043F9DE812778E46
:10BB9000E82E4F8E2790E82E4F8EC7FFE82E6F8E2F
:10BBA000E82E4F8E2F88E86757E31701E703CF9EF3
:10BBB000E86777E3E8714FF9E200CF81E00002C364
:10BBC000C781E8716FF9E81757B3C781E81777B3F2
:10BBD000E81657F32786E81657F3C7FFE81677F3FA
:10BBE000E81757B02786E81757B0C7FFE81777B0B0
:10BBF000E7EA1780E80F577CB72F1701968FE70009
:10BC0000CE9EB68F968FE707CE9EB68F968FE702B1
:10BC1000CE9EB68FE0081780E0613F913E83568547
:10BC20005704E0603E985683E0603F19E0603E9A1A
:10BC300057025681C00AE0603F1CE0603E9B0FAD9A
:10BC40003800E200CF8201C0E80F57FD1681E00204
:10BC5000972FE707CF1DE002B72F1783E7FF00B349
:10BC600008B10C3FC076E0603888E0603C09708520
:10BC7000E060388A74047083E0603C0CE060388BCC
:10BC8000740270813B00E7E5178097CFE6AFCFFFE6
:10BC90002798E83757BAE8375739C7813FFEE83762
:10BCA00077BA0388E7E61780970F1681E706CF1D5E
:10BCB000B70FE7E51780974F1681E700CF1DB74F05
:10BCC000E7E5178097CFE6AECFFF279AE8175786AC
:10BCD000C781E8177786E81F4FC2E200CFDAE0009D
:10BCE00001D0E8175786E200CFB60583EFFCDB5D95
:10BCF000E7E51780974F1681E701CF1DB74FE7E5BE
:10BD00001780974FE6ADCF7E270F970F1680E7027B
:10BD1000CF1DB70F1681974FE702CF1DB74F970F73
:10BD2000E702CF1DB70FE7E51780974FE6ACCF7E50
:10BD3000270F970F1680E703CF1DB70F1681974F78
:10BD4000E703CF1DB74F970FE703CF1DB70FE001F4
:10BD50001780E0613F91388350855404E060389843
:10BD60005083E0603C195402E060389A5081C00A68
:10BD7000E0603C1C0FA8E060389B08A13800E2009E
:10BD8000CFBCE81757860185E200CFD0E7FF00AFB0
:10BD9000E200CFA8E7FF00AB0E3FC076E0603E08B0
:10BDA000E0603E897605E0603E0A76847603E060D6
:10BDB0003E8CE0603E0B768276013B00E80F57FE3A
:10BDC000E001974FE6AFCF7E2713E80F577D972E00
:10BDD000E6AFCF7E270DE001974F1680E700CF1D1D
:10BDE000E001B74FE8175731CF01E8177731E0018D
:10BDF000974FE6A8CF7E2714E80F577D972EE6A829
:10BE0000CF7E270EE001974F1680E707CF1DE00198
:10BE1000B74FE8175731E001CF00E8177731E0015D
:10BE2000974FE6ADCF7E2713E80F577D972EE6ADEF
:10BE3000CF7E270DE001974F1680E702CF1DE0016E
:10BE4000B74FE8175731CF04E8177731E001974F24
:10BE5000E6A6CF7E271BE80F577D972EE6A6CF7E5E
:10BE60002715E7E61700968E1601E706CE9CB68EDC
:10BE70001680E001974FE709CF1DE001B74FE817A3
:10BE80005731E004CF00E8177731E001974FE6AB78
:10BE9000CF7E2713E80F577D972EE6ABCF7E270D79
:10BEA000E001974F1680E704CF1DE001B74FE81778
:10BEB0005731CF10E8177731E001974FE6A4CF7ED6
:10BEC0002718E80F577D96AEE6A4CEFD2692968EF3
:10BED0001601E701CE9CB68E1600E00396CEE7046D
:10BEE000CE9CE003B6CEE8175731CF40E817773144
:10BEF000E001974FE6AACF7E2718E80F577D96AE50
:10BF0000E6AACEFD2692968E1601E700CE9CB68E4E
:10BF10001600E00396CEE705CE9CE003B6CEE81708
:10BF20005731CF20E8177731E001974FE6A5CF7E54
:10BF30002714E80F577D972EE6A5CF7E270EE00148
:10BF4000974F1680E70ACF1DE001B74FE81757312A
:10BF5000E008CF00E8177731E001974FE210C720E3
:10BF6000E001B74F1781E0613F913E0356055684CB
:10BF7000E0603E185603E0603E99E0603E1A56824B
:10BF80005601C00AE0603E9CE0603E1B0FAC3800EA
:10BF900008B1C05CE02E176AE00D34A23FE93F1DF6
:10BFA000E400C78A949E170C6F04E0D917343F9EB3
:10BFB0008FAFE200CF840110E8CF4FCC34416F82C5
:10BFC000E8CF4FCD740474063C606F83C4021780C1
:10BFD0007783E002DA85C02408E108B3E80F57FF51
:10BFE000916FE6AFC972293FE002970F1181E70E0A
:10BFF000CF13E002B70F1602E002970FE0001464BF
:10C00000E70FCF13E002B70FE7F81700E00196EE55
:10C01000E706CEACE001B6EEE00196EEE708CEAC66
:10C02000E001B6EEE002970FE704CF12E002B70F8F
:10C03000EFFFD04FEFFDD604E80F57FF3CE3E001E0
:10C04000976F3C63E704CF13E001B76FE002D8625B
:10C05000EFFDD5D5E80F57FFE001976FE704CF124A
:10C06000E001B76F09E1E86757E3E6AFCFFF279735
:10C0700008B1EFFEDBD41780E08716F6E8884F0999
:10C080003FFE0483140008E1E00E3E9F8F4E2F0513
:10C09000C781E201C7FF00F3140100F61780E087B3
:10C0A00016F6E8884F093FFE048314003882E00E3C
:10C0B0003E9F8F4E2F05C781E201C7FF00F3140199
:10C0C0003882E8714FFAE00027D3E80F57FF97EF67
:10C0D000E6AFCFFFE00027CC1780E837563AE837C5
:10C0E00056B9E00115C815013CEFE8714F7A2F08E9
:10C0F000E00027C3E837763AE83776B938823EEB76
:10C100003FEA3E6900F3E82E6968DFAE2C2FE8674E
:10C1100057E3E6ACCFFF2FAA3CE3EFFDD28CE80F4C
:10C1200057FDE00297AFE6AACFFF27EEE81757B119
:10C13000E7FE177D3FDEE81777B1E00514851402AE
:10C14000E82E6968EFFDD277E81757B1E201C782A0
:10C15000278DE7EA1780972FE0D217F8E12F3FBE2F
:10C16000E81777B017C8E82E6FE409E108B3E7FFD6
:10C17000110111FF00D5388208B2E7FE1100DF740B
:10C180002402096197E2E201C7FF2FFADF9B00F862
:10C1900008B4DF6A2C02DFF1E80F57FE1680972FF4
:10C1A000E709CF1DB72FE80F57FF97EFE6A4CFFFA2
:10C1B0002790E7F81780E002970F1601E700CF1CE1
:10C1C000E002B70FE001976FE700CF1DE001B76F06
:10C1D0001100E83A57D7EFFEDF90E80F57FE143C06
:10C1E000972FE70CCF12B72FEFFEDF73E80F57FD45
:10C1F0001681E001972F140AE702CF1DE001B72F47
:10C20000E001972FE702CF12E001B72FE80F57FEAA
:10C21000972FE70CCF1DB72FEFFEDF5BE86757E3E3
:10C22000E6ACCFFFE00027D7E80F57FFE83A5157B9
:10C23000E008970F1680E70CCF4DE008B70F168186
:10C24000E006972FE7FE11FEE700CF1DE7FF120182
:10C25000E006B72FE80F57FFE008978FE6ACCFFF57
:10C260002FAEE80F57FDE00297AFE6AACFFF27A158
:10C27000E81757B1E00114813FD3E81777B1E82EF2
:10C280006A68E81757B02FA91401EFFDD1D4E81759
:10C2900057B1E201C782278DE7EA1780972FE0D2D6
:10C2A00017F8E12F3FBEE81777B017C8E82E6FE404
:10C2B000E83A57D73FA2E200CF8A05CDE82E4FE4F7
:10C2C0002F8EE80F57FE1681972FE709CF1DB72F46
:10C2D0000A61DEF8E7FF00A4140200D8E82E4FE45C
:10C2E000C7FFE82E6FE400EE08B23968E8874FF91F
:10C2F000E200CF810105210E0921E0560091E86797
:10C3000057E3E6AFCFFF2783EFFEDA89EFFFD2AF27
:10C3100000EE0961E86757E3E6A8CFFF27AE08B152
:10C32000E86757E31700E707CF9E1401E86777E354
:10C33000DFDCE80F57FF97EFE6AFCFFF27991781B4
:10C34000E8826FD6E8716FF8E86E4FF0E200CF81B7
:10C35000018AE8824F56E02E1790E400C7143F9EF2
:10C360001702B70FE8714C7808A1E7A70088E882A8
:10C370006FD6E8716FF800F7388208B3C05617809F
:10C38000E8876FF9177FE8876FF73C60E8876F7879
:10C39000C416E8886F86E8886F07E8886F88E887A2
:10C3A0006FFAE8876FFBE8876FFCE8876FFDE88727
:10C3B0006FFEE8876FFFEFFDD0C1E8874FF7E88792
:10C3C0004F763F7FE00105C4E8874FF7E08711F61D
:10C3D000E400C7963F93E002916FE8714FF8E201E5
:10C3E000C17F2F97E81657F32FFEEFFDD1B5E81F59
:10C3F0004FC3E81677F3E8724F05E8724FA83FBEC7
:10C40000E8165773C7BF37863FFE0383E81677F3F6
:10C41000E200C904E001029CE000179A3121391FB3
:10C4200097823F82E80F57FF916FE6AFC9722922CA
:10C430003CE21403E002D66EE0001464EFFEDE4935
:10C44000E80F57FF1681E002970FE0001464E70E33
:10C45000CF12E002B70FE002970FE70FCF12E00212
:10C46000B70FE002970FE704CF1DE002B70FEFFE12
:10C47000DE301514E02E14903C60C402E003D22A92
:10C480003C60C402E002DA6C1781E8876FF9E88249
:10C490006FD9E80F577FE8206F80976EE6AFCF7EA9
:10C4A000E0002F52E002DA9D540BEFFDD032C02A9B
:10C4B00009E11514E02E14A400E0E80F57FF916F76
:10C4C000E6AFC97229223CE21403E002D623E00061
:10C4D0001464EFFEDDFEE80F57FF1681E002970FB0
:10C4E000E0001464E70ECF12E002B70FE002970FEE
:10C4F000E70FCF12E002B70FE002970FE704CF1D5E
:10C50000E002B70FEFFEDDE51514E02E14B8E7FFEB
:10C5100000B5E8714FF8E02E1490E400C7943C6039
:10C520003C9F1514C418E003D1D5E8874FF73CE0D1
:10C53000E400C7961514399FE0088F83C498778C60
:10C54000E7FF009CE8826FD8E7FF00B01783E88719
:10C550006FF9E7FF00AB08B2150039683CE8E087E7
:10C560001418E002D52A15003CE2E082143AE002F9
:10C57000D524E84354CC1420E002D5EEE841549D84
:10C5800014200921E04C00CC08B4E80F57FFE00666
:10C590001700B72F3968974F39E93A6A2418E0062F
:10C5A000CF00B74F1403DFD8E8824F56E0D917B455
:10C5B000E400C70A3CE23F9E8C4F3DE43D63E0024D
:10C5C000D48F14803C620A21E0540095E7F916FFED
:10C5D0003F5D00E808B5E1FFC01C3960C1043C6262
:10C5E000E00015601480C402E003D142E0051706A4
:10C5F000E002B702E76417C6E845576F7782E6871F
:10C60000CF7EE002B712E0011720E002B722E0720D
:10C610001739E70A1782E002B732E02A1715778444
:10C62000E0001562E86757FEE002B742E02A170013
:10C63000E002B7523CE2E8D94F4A7785E08617819D
:10C640007789E400C74BE0411781778AE00617B08D
:10C65000778BE0101785E003B732E7011700778C7E
:10C660001784E004B742E0871414E004B752E001F5
:10C670001700778D39E2778FC18EE005B7D2178525
:10C68000E005B722E0081700E005B7F2E005B74281
:10C69000E003D1201403DF6017806F834F83E20033
:10C6A000CF83E00005F2E76417C67782E70A1780B8
:10C6B00077833960E86757FFC1047784E00117800A
:10C6C0007786E004178011801705E00816807787C9
:10C6D000151E17843CE2E08214383A627185C20C60
:10C6E0007708718B768C718E770F71907789778A46
:10C6F000778DE003D0EF69824F82E200CF83E002C2
:10C7000005BE1531E0871494141EE002D557E841A8
:10C71000549C141EE002D584E841549D1420E0028C
:10C72000D57FE841549E1421E002D57AE841549F18
:10C730001422E002D575E84154A01426E002D57019
:10C74000E84154A11427E002D56BE84154A2142813
:10C75000E002D566E84154A31429E002D561E8411E
:10C7600054A4142BE002D55CE84154A5142CE0023B
:10C77000D5571505E08214CCE000144AE000C064EF
:10C780000AA1E04A00FFE000155414803C63E00376
:10C79000D06F4E834F034E031784E400C70AE400B2
:10C7A000C60AE400C68AB782E0D917B43F1F3E1F0D
:10C7B0003E9FE0018E0C8F0E8EBD3F1C36AB3F1DA1
:10C7C000B7124F034E83E00C3722E400C68AE02EF6
:10C7D000176A3F1C8F0E3E9F8E9D372C3F1DB72240
:10C7E000E0861721B732E70E1765B7424F03E40022
:10C7F000C70A3F1FE0018F1E3724C709B7524F03F6
:10C800004E83E400C70A4D833F1F8F2E4E03C7019E
:10C81000B762E400C6851701E400C585E001B702F0
:10C82000E400C605E01F175E3E9E3D9E8EAD8D8BDB
:10C830003E1E8E1C35AC36AE3E9B362A3E9CE00139
:10C84000B6924E834E03E400C685E400C6053E9EC4
:10C850003F1C8EBD8F4E36AC372A3F1D4E83E00104
:10C86000B722E400C686E01F17463E9E968DE00183
:10C87000B6B24E83E400C6863E9E969DE001B6C2E7
:10C880004E83E400C6863F1D972E4E83E001B752CB
:10C890001702E001B762E001B7724F034E034D8308
:10C8A0004D83E200CD820113E400C68AE400C70A8A
:10C8B0003E9F3F1F8E8D8F1E3F1D3EECE400C68ABB
:10C8C0003E9FE0018E8D3F1DE002B702E044170558
:10C8D000E002B7121706E002B722E0201712E002CA
:10C8E000B7321712E002B742E089123CE002B752B9
:10C8F0001708E002B7621701E002B772E018171AD2
:10C90000E003B702153C4F034E83E400C70AE4007E
:10C91000C68A3F1F3E9F4E038E9D8F0E3CE23F1DF9
:10C920003EECE400C68A3F9DE0018F8F3F9E37A119
:10C93000E080C780E003B7924F834C03E7BE1780C7
:10C940003C3AE003B7B23C14E01417AEE003B7C2C0
:10C95000E003B7D2E002DFBE4C034C83E401C44DD8
:10C96000E400C4BC151E3C94E001C400E002D426DF
:10C970004F83C7816F83E7FD0093150C14803C64DF
:10C98000E002DF76E08617A1B782E70E17E5B792DF
:10C99000170A4F82E08B12AC3F3FE0D917B43F9E9D
:10C9A000E0018F9F4F0237A4C789E400C706B7A2F2
:10C9B000E01F17C63F1F970E150CB7323CE24F021F
:10C9C000E400C7063F1F971EB7424F024C02E40027
:10C9D000C7063C3A3F9E97AF3C15B7D2E002DF7ADC
:10C9E00049824C82E401C1CD1503E400C48C3C6A49
:10C9F000E001C1803C953C13E002D4444C823C638E
:10CA0000E400C48C1503C4863C95C40BE002D43A00
:10CA10004F82C7816F82E7FC00F108B31400DD9CF0
:10CA2000E0CF1148E0011180E00295623C63E0D064
:10CA30001488E002D3C3E00294E2E0029572C4A03D
:10CA400034A13C633C92E002D41D140309A1E7FB2E
:10CA5000008408B4E1FFC0383960C102E000154825
:10CA600014803C62E002DF041403DD76E86C56C5F6
:10CA7000E86C564936A13E9C15813E7D01AFE86CBD
:10CA800056C6E86C564A36A13E9C15813E7D01B2E1
:10CA90003CE0C482E0029719E00497B9E7F716FF7B
:10CAA0003F5D3FDDE001119E39691212E002B719C6
:10CAB000E004B7B93C633D643CE2E002D37F3CE074
:10CAC0003C633D64C4A6E002D3DDE001C1CDE207D2
:10CAD000C9D201F1E000C0480A61E180971CE00F73
:10CAE000374437A13F92950FE00E35BE3F4AB70F4E
:10CAF00000C5E180971C3D60E00F3744C792C50236
:10CB000037A13F9A950FE00E35BE3F4AB70FE7FFBA
:10CB100000BF08B4E1FBC02A3F69E400C70AE0D9BE
:10CB200017B43F9E89CFE200CC82E401C1CDE00181
:10CB3000C1B2E000015239683E60C602E002152031
:10CB40003C6C1480E002DE94E86C57CBE86C56C96C
:10CB50003F92E86C55453E68C6FE3F6FE00B3F2FA5
:10CB60003D7B02BF3A60C2023C603CE4E002C4226A
:10CB7000EFFCDFE61403DCF03CE0E001151BE00213
:10CB8000C4A23C63E002D31AE002152014803C6486
:10CB9000E002DE6EE86C544CE86C574A3918E86CD9
:10CBA0005646C77E3FE2E00D3FA23E7D02A53CE037
:10CBB0003C60C482E002C422EFFCDFC21403DCCC80
:10CBC0003CE0E001151BE002C4A23C63E002D35A42
:10CBD000E004C0560A613968E004C140E7FF00AED6
:10CBE000E080959DE202CD9F02848C8E3D9CAC8BB3
:10CBF000C701E7FF00B5E080969EE202CE9F028467
:10CC00008D8F3E94AD8DC78100CF08B7C078E0D935
:10CC1000133439E8E0D917DC3F66E01F16AAE7F8BD
:10CC200012808E46E08913BCE00B36213D9D920BAD
:10CC30003DECE400C5BCE400C60A3B9B91173E1ED8
:10CC4000E001A986E00B3955890C14033913394BDF
:10CC50007701C30A768277837604DC7E3C643CE20B
:10CC6000C401E002D2795604B1173C64E003911785
:10CC7000C419E00B3955890C8E1C391C391331212C
:10CC8000394B3CE2E002D268578357013B7F568222
:10CC9000E003B11701C7C0080BE108B63AE9E400A8
:10CCA000C296E0541172E00439153B688C6439E98E
:10CCB000DFAD8CF4E80F57FFE8D96CC097EFE6AF13
:10CCC000CFFF2797E200CB0101853C66EFFED656E9
:10CCD0008CF41402E002D06FE00C17DA3F933915A0
:10CCE000E0018CB28C0FEFFED788E81F69F20B6170
:10CCF000140100F108B2E201CC8001A6E8544FF81B
:10CD0000E8554F0E3FFE049E3FEE1101E8554F24BB
:10CD10003F7F1782E06F3AA2396FE8544FF23FF23B
:10CD2000010EE200CF82028B3CE2DFB81780E854AC
:10CD30006FF11781E8546972E8546FF0E86F690089
:10CD40000961110000E4E201CC8139690192E854E3
:10CD50004FF8E8554F0E3FFE028A3FEE1101E855AD
:10CD60004F243F7F1782E06F3CA200D7110000F8EC
:10CD7000E200CC8205D3110000D108B2E8544FF58F
:10CD800039682789E8824C56E8544CF2DF871780CF
:10CD9000E8546FF1E054175CE05416F01780E1801E
:10CDA000AF9E3EFE01FD177FE8546F771700E854F1
:10CDB0006FF3E8546FF4E8546FF6E8546FF5E82A1F
:10CDC0007740E82A7741E8546FFEE82A774BE82A53
:10CDD000774CE8556F94E82A7756E82A7757E85554
:10CDE0006FAA21061787E8D96F9FE8D96FA009615C
:10CDF00008B61109E871697C1688E8716EFDE000DB
:10CE00001746E0001569E00B14ABE0721402E872FB
:10CE10006F01E002DD5FE00017D5E8726FB0E7FF59
:10CE20001125E80F57FFE872696097EFE6A4CFFF7E
:10CE30002FA91781E8E06FC91681E80F57FEE0308F
:10CE40001188972FE7E91130E704CF1DB72F972FEF
:10CE5000E70ECF1DB72F3C62E002D6ABC101E3E97C
:10CE6000C93AE180AC1301F8E80F57FE170096AFFE
:10CE7000E704CE9EB6AF96AFE70ECE9EB6AFE8E023
:10CE80006F491180E86E69F61692E86E6EF817A089
:10CE9000E86E6FF91701E86F69A5E7FF12AAE86F5E
:10CEA0006F1C1122E86F6AA71709E86F6928168AB4
:10CEB000E86F6F461203E86F6FC7E0041158E86F20
:10CEC0006F48E0091540E86F6FC9E00114ACE86EE7
:10CED0006EFBE0CF1448E86E69FCE08B137CE86FD2
:10CEE0006A06E86F6985E8714F78E86F6F02E8823B
:10CEF0004FD6E86F6FA6E01F17DEE86F6983E86F13
:10CF00006984E8824F56E400C7053F1F8F0EE86F23
:10CF10006F16E8824F56E400C7053F1F8F1EE86F6B
:10CF20006F17E8824F56E400C7053F1F8F4EE86F2A
:10CF30006F1AE8824F56E400C7053F9E8FBFE86F27
:10CF40006F99E01F17C6E8824F56E400C7063F1FDF
:10CF50008F1EE86F6F1EE8824F56E400C7063F1F22
:10CF60008F3EE86F6F1FE8824F56E400C7063F9E72
:10CF70008FDFE86F6FA017BCE83771681100E830E9
:10CF80006F92E86F69A4E002DCA5E8726946E004EC
:10CF900017C0E0D01708E8726AB9E0B812FCE86C74
:10CFA00077C4E0091500E00217A0E86C77493CE27D
:10CFB000E0D417483C65E86C77C5E86C77C6E86C48
:10CFC000774AE86C77CCE86C77CEE86C7148E86C0F
:10CFD000714BE86C714DE86672BFE8667340E00221
:10CFE000DC47E00915003CE23C66E002DC41151E2E
:10CFF000E00A14ECE0D91434E8CF6944E002DC6ABA
:10D00000150AE00A14F6E0D91452E002DC633C622F
:10D01000E8D96A56EFFCDA3E1401EFFCDA3B140261
:10D02000EFFCDA381403EFFCDA35E00217ACE86CF9
:10D0300077D3E0001748E84577EFE0021798E84516
:10D0400077F0E7FD17E8E84577F1E0031790E86C23
:10D0500077541702E84577F5E7FC17F0E86C775549
:10D06000E0021705E84577F6E0041538E80B4FD7DE
:10D07000E86C77563CE2E86C5757E88B6FF01794F2
:10D08000E70ACF12E88B6FF1E00017E4E86C7757FE
:10D09000E082145CE0141720E84577F9E01117D41A
:10D0A000E845776EE84577F7E88B69F4E88B69F532
:10D0B000E002DBDEE0031524E00114FFE0831458F6
:10D0C000E002DBD6E001150CE00114FFE07514442A
:10D0D000E002DBCEE001150CE00114FFE077145C08
:10D0E000E002DBC6E001150CE00114FFE07614500D
:10D0F000E002DBBEE07817E8E07916243F64E0FF49
:10D1000016FFAF0FC786E040AF5FE040B6AFE0402C
:10D11000B69F3E7F01F7150A1480E06B1446E002CB
:10D12000DBA7150A1480E06B1450E002DBA1150A9E
:10D130001480E06B146EE002DB9B150A1480E06B38
:10D140001478E002DB95150A1480E06B145AE002B3
:10D15000DB8F150A1480E06B1464E002DB89150A8A
:10D160001480E06C1402E002DB83E001150CE001A6
:10D1700014FFE06C140EE002DB7B15141480E079E0
:10D180001424E002DB751180E83771ADE0D9123468
:10D19000E83771AAE83771ABE86E69D8EFFED5556C
:10D1A0001401DDECE05417F2E8544D72E00C14DA8F
:10D1B0003DEF3E6310813C63E8824ED6E1808F19DB
:10D1C000E400C68A396C3E94E0018E8DAF6B3EFE62
:10D1D000C601E06239AA3EFE8F393EE1AF7BE20133
:10D1E000C67FE8824F56E06D39A3E8824F56E200D1
:10D1F000CE03B44B3D62B45B39EDE8824F56C59621
:10D2000001DC2683E8546972E8544F72E200CF02D1
:10D2100005841700E8546F721680E8544E72E07966
:10D2200015B8E0093622E0001428E0301514E0C1FA
:10D2300010FC3F6DE201C77F3E7EE00001D5E001BA
:10D24000B5AFE001B2BFE001B0CFE001B2DFC6810F
:10D25000E200CE83C79601EEE8544FF21100E85584
:10D260006FBAE0DA120011B63D631480E0083A129A
:10D27000E002DAFEE0DA14363C123D631480E0028C
:10D28000DAF7E001C112E206C96C01EF1524E001F2
:10D2900014FFE0541438E002DAEB1524E00114FF27
:10D2A000E0541414E002DAE41788E8546FC01780E1
:10D2B000E8546F9C1709E8546F9DE00517CFE837D5
:10D2C0007794E00C17BFE8377793E8CF4FCCE8545A
:10D2D0006F41C7FFE8556FBEE8CF4FCDC7FFE85598
:10D2E0006FBD0B61E00E3C9D3F188F0EE001B5AFA6
:10D2F000E412C700E0033F1AE009C7003F1AE0014B
:10D30000B1BFE001B74FE001B1DFE7FF00A208B114
:10D31000C07EEFFEDAAC3C60C402EFFCD90FE867D8
:10D3200057E3E6AECFFF2788E86757E31700E7012A
:10D33000CF9EE86777E3E86757E3E6AFCFFF27992B
:10D340001401EFFFD7D3E86757E31700E700CF9E3C
:10D35000E86777E3EFFED479EFFED2CB1401DD0E60
:10D360001787E8D96F9FE8D96FA01782E82E6FFC66
:10D370005401EFFCD8CEE8824F56E8D94FA037DEF3
:10D38000E6AFCFFF2F89E8824F56E8D94F9F37DEAF
:10D39000E6AFCFFF2783EFFFD7BFC00208E108B792
:10D3A000E8824956EFFFD661247EE8884A08E08784
:10D3B00017F6E00E3F94E00789AE8ECE26BB8ECEE8
:10D3C000C6FFE86F6EA18F4EE200CF01E00001F8CA
:10D3D0003F94E8CF6F441700AF4FE001892F3C62C4
:10D3E000E86B6945EFFED3FF3CE2E000246C3C6350
:10D3F000E002D9113F64C703E00F3721E0571778E7
:10D400003F1F3FE4E401C792E0D916DC3F9DE009ED
:10D41000978FB78E3F62E400C70AE0D917B43F9EEA
:10D42000E0018F8FE8556FBBE8884F88C781E88897
:10D430006F88E8CF4FC4E200CF810107E8304F8703
:10D44000E200CF83E00001F2E866543E3CE2EFFFE9
:10D45000D5A1E8304F87E200CF83E00001C3E86F39
:10D460004A073C62EFFED3BFE200CA010118E86E32
:10D470004FFFE200CF81242C05AFE200C98102B347
:10D48000E82F4FFFE00017243F1FC781E201C7FFCD
:10D49000E200CF838A0E029AE82F6FFF3C62EFFE14
:10D4A000D3A2E0052418E200C981019FE82B57FFB1
:10D4B000E82C5700E12F3FEEE00500911700E7FF51
:10D4C0000089E8544C71E7FF0095178000E6058459
:10D4D000E024398800E4E86E4A7FE024398400DFE4
:10D4E000120100DD120000DB3FE3C783E00E37A12D
:10D4F000E05717F83F9E978FE82B577D3FFE058337
:10D50000E82B77FD2212E002D8A13C62E8CF69C582
:10D51000EFFED3693CE2E00024763C63EFFED2D913
:10D52000E86F69A2E86B6944E8884F88E8884F098A
:10D530003F7FE00102DBDEECE8544FF5E8824B561A
:10D54000E054127227A0E8544AF3C281E201C2FFFC
:10D55000E200CA8205821280E8544FF23FF5019042
:10D56000E8544FF43C66C781E8546FF4EFFED33BB8
:10D570002C07E8544FF1E0283F88E8546C713CE5F3
:10D580003C66DB8CE8544AF53C66EFFED32C2A88D7
:10D590002C07E8544FF1E0283F88E8546C713C6652
:10D5A000EFFED3213BE8E0002C4FE8544FF2E80FA8
:10D5B000577FE400C79692EEE8544B713F94E00128
:10D5C0008D3F94CFE6AFCAF5E0022B2C22A5E8D917
:10D5D0004FBFE8D94B3E3C653B1FE8D94FC63B1FC8
:10D5E0003C96E001DC03E8544FF2E400C7963A1F92
:10D5F00094C4E0018D343C963C6500A31700E00321
:10D6000000F9E8544C71EFFED264E8544FF1E86F32
:10D610006FA2E7FF0089E8D94FB5E8D94AB43A9F2D
:10D62000E8D94FBC3A9F3C95E001DBE0E8544FF26B
:10D630003C66E400C7963A1F94C4E0018D343C95E3
:10D64000E001DBEEE8304F87E200CF810183EFFF9E
:10D65000D696E8824FD6E0002FC91401EFFFD646D8
:10D66000E80F57FF926FE6AFCA742A3FE002970FA8
:10D670001281E70ECF15E002B70F1602E002970FF6
:10D68000E0001464E70FCF15E002B70FE7F81700CA
:10D69000E00196EEE706CEACE001B6EEE00196EED4
:10D6A000E708CEACE001B6EEE002970FE704CF1436
:10D6B000E002B70FEFFED50DEFFCDAC2E80F57FF1F
:10D6C0003CE5E001976F3C65E704CF15E001B76FDB
:10D6D000E001DD20EFFCDA93E80F57FFE001976FE0
:10D6E000E704CF14E001B76FE8304F80C781E20153
:10D6F000C7FFE201CFC8E00102B0E8306F80E871F7
:10D700004FF82F87E8304F80E200CF84E00005F02B
:10D71000E8D94F9EE00027ECE8724FA1E200CF81EC
:10D72000E0000166E8724FA3E200CF83E0000160F1
:10D73000E8794A36E0002A5C3C62EFFED254E128E8
:10D740003C043C73E00001D4E00417D8E818778269
:10D75000E8544FF5E82B52FD2FBDE8304F81E830FB
:10D760004F02C781C701E201C7FFE201C77FE200A4
:10D77000CF93E8306F02E00002F3E8306F81E207F8
:10D78000CA84E8304E81E05417DC3F9DE00005EC90
:10D790001682AE8FE0541670E05416DC1780E180DC
:10D7A0008D9D3E7D3F9B01FCE200CF87E00005E5BB
:10D7B0001780E8306F821514E8544FF61480CF813B
:10D7C000E8546FF6E054145C1781E8546FF5E002FA
:10D7D000D84FE8544F75E0541372E200CF013FE692
:10D7E000E0000157E200CF02E0010107C183E00F32
:10D7F00031A1E05711F8399F9783E20FCFD0E001B4
:10D8000005E3E8794FA5278CE8304F86E200CF8208
:10D8100002871700E8CF6F44C781E8306F860BE1BD
:10D82000228E3C65E001DAE2E8544FF2E400C7964C
:10D830003A1FE0018D3494C4E7FD00E0E001DAD640
:10D84000E8544FF23C67E400C7963A1FE0018D347C
:10D8500094C4E7FD00F717C8E7FE00D1E8306A017D
:10D86000E7FF008FE204CAD805841681E7FF009322
:10D870001680E7FF0090E200CF1FE7FF05B917A071
:10D88000E8306F821780E8546FF6E7FF00A417FFB7
:10D89000E8544A721700E8546FF73C621780E85466
:10D8A0006A73E8546F74E82A77C0E82A77C1E854AD
:10D8B0006FFEE82A77CBE82A77CCE8556F14E82A80
:10D8C00077D6E82A77D7E8556F2AEFFED18C2C0F50
:10D8D0003FE4E400C796E8546C713B1FE00C17DA94
:10D8E0003A1FE0018CB68C04EFFED1871782E85412
:10D8F0006FF5E7FE00FDE8544F733EEEE400C69678
:10D90000E00B3B1D967B3E15E2FFCE7EE00002D38E
:10D910003E9FB67BE001960D3E750383E001B28D1C
:10D92000E200CF01E00002CBC701E8546F73E85476
:10D930004F74E200CF01E7FE05DBE82A56C0E3FFA3
:10D94000CEFF013FE82A5741E82A564B3EFC0585A9
:10D95000E82A574C3EEC1201E82A56563EFC058454
:10D96000E82A57571202E8544EF23EF40120E40030
:10D97000C6963F9DE001978F3FFE05991401EFFF8A
:10D98000D4B5E8544FF2E200CF82028C3CE43C6212
:10D99000D98517801701E8546FF1E8546A72E8548A
:10D9A0006F70EFFFD4EC1780E8546FF61780E7FF35
:10D9B00000A0E0FF167FE7FF00AD1700E7FF00B70C
:10D9C000170000C3E206CF9FE7FE02AB1780E7FE19
:10D9D00000A6E7FB298BE82B57FFE82B77FDE82B08
:10D9E00057FDE204CFD8E86C57D7E7FC058917014B
:10D9F000E705CF9EE86C77D7E7FB008608B7C074D1
:10DA00007403DC86E8D94F9FE00327E3E7F8118031
:10DA1000E8824956EFFCD5323A68E0032C27E8D972
:10DA20004F9F37D2E6AFCFFFE00327D3E200C90212
:10DA30000108E8D94F20178137B23FCEE8D96FA04F
:10DA40001401EFFFD453E8D94F1F16803752E85521
:10DA50004DBAE83A76D7E6AFCF7EE05417F216011A
:10DA60003DF4E003018DE002AEAFE002AEBFC201C3
:10DA7000E201C27FE200CA03C79601F33B6217804E
:10DA8000E400C30AE8556F84E0D916B4E8556F9AEC
:10DA90001601E8556FB0178077843BED7785778660
:10DAA000E00F3E968ACFE80F57FFE005972FE70675
:10DAB000CF1CE005B72FE0401720E005B74FE00589
:10DAC000976FE70ECF25E005B76FE005972FE700CA
:10DAD000CF1CE005B72FE0031774C77FE3FFCF7FAC
:10DAE000E00201D63D603CE0C508C48A3C65E00127
:10DAF000D9B14D0854853C65E001D992E80F57FF34
:10DB0000976FE86756E3E6A5CF7EE705CE9EE86708
:10DB100076E3E00E3B968EAEE005962F3F6DE6ACC9
:10DB2000CE7CE40BC75CE400C6B8E00326413F2D81
:10DB3000E005B74F1681E005972F1206E70CCF3DA1
:10DB4000E005B72FE005972FE708CF34E005B72FA2
:10DB5000E005972FE701CF1DE005B72F1780E837C5
:10DB600077BAE01317C4E83777B9EFFFD408140188
:10DB7000EFFFD3BCE80F577F97EEE6AFCFFFE00093
:10DB80002FC1E002968E1481E70ECE99E002B68E88
:10DB90001602E002968EE0001464E70FCE99E002D0
:10DBA000B68EE00196E3E706CEACE001B6E3E00115
:10DBB00096E3E708CEACE001B6E3E002968EE70418
:10DBC000CE9FE002B68E77817482EFFED282EFFCA8
:10DBD000D837E80F577F5482E00196EE3C69E7049E
:10DBE000CE99E001B6EEE001DA95EFFCD808E80F37
:10DBF000577F5781E00196EEE704CE9FE001B6EE35
:10DC0000EFFCD43C2C06C27FE201C27FE7FF2A284A
:10DC1000E80F57FF1201E005972F1680E706CF1493
:10DC2000E005B72FE005972FE701CF1DE005B72FDF
:10DC3000EFFCD4243FE8E0012C0F3C627781EFFC3D
:10DC4000D81EE200C9025781E0010106E83777BA21
:10DC5000E01317C4E83777B9EFFFD3913C64EFFFC7
:10DC6000D345E80F577F97EEE6AFCFFF2FBEE00218
:10DC7000968E1602E70ECE94E002B68EE000146493
:10DC8000E002968EE70FCE94E002B68EE00196E3B6
:10DC9000E706CEACE001B6E3E00196E3E708CEACE0
:10DCA000E001B6E3E002968EE704CE9FE002B68E76
:10DCB0007781EFFED20EEFFCD7C3E80F577F3CE42D
:10DCC000E00196EE3C64E704CE94E001B6EEE0019C
:10DCD000DA21EFFCD794E80F577F5781E00196EEE9
:10DCE000E704CE9FE001B6EE3B178F26E00D312210
:10DCF000E02E17EA3F9DE00B165CE08C3F5C8B8FBB
:10DD00003C6C3CED3D677702E002D5CF5702E00066
:10DD100017F0E08E3F5F3B693D673C6E3CEFE002F1
:10DD2000D5C4E00D34C1E0791638E86C5244E00BFC
:10DD30003B2DE09D157C3E963F6C143FE00F3F2C41
:10DD40003A7FE00102B83CE2E0791438EFFFD6E315
:10DD5000EFFCD3943C62EFFDDF4624214D0954864D
:10DD60003C65E001D85D009B1780E83777BAE01387
:10DD700017C4E83777B9DACCE7FC00CCE7FC2779A1
:10DD8000E002AE2FE002AE3FE7FC00F3E00596AF05
:10DD9000E6A9CEFDE7FD26A3E7FD2F26EFFCD36E17
:10DDA0003A682C631781E00237B2E8D94F9FE3024B
:10DDB0003FD2E8D9691FEFFCD4CFE8824FD6E2000A
:10DDC000CF820103E8306A001700E8177733E8D9FB
:10DDD0004FA0E00227E1E82E4FFCE200CF82018451
:10DDE0001780E82E6FFCE8824956EFFCD3473B686A
:10DDF000E0002C54E8D94F203752E6AFCF7EE00246
:10DE0000274B1401EFFFD272E8D94E1FE8D94DA07D
:10DE1000365235D2E05411F2E8554D3AE6AFCE7C99
:10DE2000E6AFCDFB3EE33F663CE63D7EE00001E62B
:10DE3000E002ACBDC701E201C77FE200CF03C69696
:10DE400001F5E05413F23A661281E0028EB726978C
:10DE50003C65EFFFD24B3CE43C62EFFFD72017005C
:10DE6000E200C902E8546F71E00001D3E001945769
:10DE7000E00194C73D623B65E001DF2DEFFCD2FE7F
:10DE80003EE8E000244A2309E8544CF23C62EFFFEC
:10DE9000D7061780E8546FF11780E83777BAE01398
:10DEA00017C4E83777B9DA34E7FF009F3F1DE7FC76
:10DEB00000C1E180979A3FFB0391E00F3DAFE12F56
:10DEC0003FB9888EC781E201C7FF3FF10284E00FAE
:10DED00038AFAF8EC701E7FE00B33FFD05FC3FAD95
:10DEE000E12F3FB9888EC781E201C7FFE0063C2FD2
:10DEF00038F602713F9100EE26041781E002AFBDB3
:10DF0000E7FF259A1781E002AFBDE7FF0095E0012A
:10DF10009437E7FF00AFC201E201C27FE200CA030B
:10DF2000C396E7FF0194230AE8544CF23C627682E0
:10DF3000EFFFD6B55682E8546EF13C62E8554CBA14
:10DF40001200EFFFD6AC3CE21400E8546A71E00224
:10DF5000D362E866543F3D62E0C114FCE001DEBBE1
:10DF6000E7FF241CE8544CF217813C62E82E6FFC5A
:10DF7000EFFFD695E8546A71EFFCD280E7FF2C0ED4
:10DF80005703E0002751EFFFD1FAE80F57FF97EF53
:10DF9000E6AFCFFF2F841401EFFFD1A8E80F57FFA2
:10DFA000926FE6AFCA742A3FE002970F1281E70E24
:10DFB000CF15E002B70F1602E002970FE0001464DD
:10DFC000E70FCF15E002B70FE7F81700E00196EE74
:10DFD000E706CEACE001B6EEE00196EEE708CEAC87
:10DFE000E001B6EEE002970FE704CF14E002B70FAE
:10DFF000EFFED06FEFFCD624E80F57FF3CE5E001C1
:10E00000976F3C65E704CF15E001B76FE001D88258
:10E01000EFFCD5F5E80F57FFE001976FE704CF1449
:10E02000E001B76FE05512B412011300E0028FB3A4
:10E030002796E200C90201B1E00194D33C693DE4B6
:10E04000E0B8157CEFFDDD24E00194C33DE4E0C1C0
:10E05000157C3C69EFFDDD1CE002AB33C19639F560
:10E0600001E61400EFFFD68B1781E00237B2E8D942
:10E070004FA0E3023FD2E8824FD6E8D96920E20000
:10E08000CF8201041780E8306F801780E81777B3DC
:10E09000EFFCD362C00C0BE1E00194B300D008B7F1
:10E0A000E80F57FF97EFE6AFCFFFE0002FCCE87205
:10E0B0004F85E0071268E0243A3FE201C27FE87230
:10E0C0004921E200C901E002018C39E81400DC9723
:10E0D0001780E82F6FF63C6217851100E82E69FA69
:10E0E000E0011348E8306F80E7F81280EFFFD0FEC0
:10E0F000E816717339740120E86757E3E6AFCFFF84
:10E100002F9BE86757E3E6AECFFF2F96E82D4FE849
:10E11000E200CF810111E8724FA3E200CF81018CB0
:10E12000E80F57FF91EFE6AFC9F32986E8724BA1DC
:10E13000E200CB81010A1504148114000BA1E7E46D
:10E1400000A5123CE7FF00BDEFFCD544EFFCD30473
:10E15000E83771BAE8377339E0012944147FE001E8
:10E16000D70915043CE23C67EFFFD210E86757E39C
:10E170001700E708CF9EE86777E3EFFFD100EFFED7
:10E18000DFFD1401EFFFD0B2E80F57FF91EFE6AFCC
:10E19000C9F329BDE002970F1381E70ECF17E00204
:10E1A000B70F1682E002970FE0001464E70FCF1755
:10E1B000E002B70FE0019765E706CF2DE001B765F4
:10E1C000E0019765E708CF2DE001B765E002970F02
:10E1D000E704CF13E002B70FEFFDDF7BEFFCD53094
:10E1E000E80F57FF3CE7E001976F3C67E704CF1764
:10E1F000E001B76FE001D78EEFFCD501E80F57FFC4
:10E20000E001976FE704CF13E001B76FEFFCD4E2B2
:10E21000E0002173E86757E3E6A7CFFFE00027EDB2
:10E22000150414811400EFFFD1B1EFFCD26EEFFFA3
:10E23000D073EFFFD0A4E80F57FF97EFE6AFCFFF03
:10E240002F841401EFFFD052E80F57FF916FE6AF14
:10E25000C972293FE002970F1181E70ECF13E00248
:10E26000B70F1602E002970FE0001464E70FCF1318
:10E27000E002B70FE7F81700E00196EEE706CEAC34
:10E28000E001B6EEE00196EEE708CEACE001B6EEB6
:10E29000E002970FE704CF12E002B70FEFFDDF199E
:10E2A000EFFCD4CEE80F57FF3CE3E001976F3C63EF
:10E2B000E704CF13E001B76FE001D72CEFFCD49F48
:10E2C000E80F57FFE001976FE704CF12E001B76F47
:10E2D0001700E86757E3E708CF9EE86777E30BE1AD
:10E2E000E8D94C4AE400C44BE001D64415043CE7AD
:10E2F0003C67E7FE00BBE80F57FF97EFE6AFCFFFA5
:10E300002F88EFFEDF47C101E201C17FE7FD00F486
:10E31000EFFEDEAB2C79EFFEDF3100F608B2C07EF7
:10E32000E80F57FD1502E000176B11003CEAB76FCC
:10E330003E623C901581E00214047101EFFCD0CDE7
:10E3400015023CEA3E6215813C90E0021408EFFCA5
:10E35000D0C4E80F57FDE001177FE001B70FC002FE
:10E36000096108B7E1FEC0323960E001C14EEFFE3D
:10E37000D010EFFFD53FEFFFD12FEFFFD350EFFFCE
:10E38000D36AE80248801181E83068871787E8720D
:10E3900069A31280E8724A23E8D96F9F1680E8D9F2
:10E3A0006FA0E7FF1790E8306A071402E8736FF870
:10E3B0003B62E8746FD2E1FFC31AE80F57FDE86EC5
:10E3C0006AF6E002972FE707CF1DE002B72FEFFEB6
:10E3D000D239E80F57FD1681E002972FE707CF1DCE
:10E3E000E002B72FEFFBD7891789E82E6F8AE04844
:10E3F000B372E8724FA3E200CF81E00A011CE20091
:10E40000CF8301F81280E8726AA11780E86757632A
:10E41000E707CF1FE8677763E81277ABE81277ADBD
:10E42000E81277AAE81277A9E86E4FFCE8D96F9E48
:10E43000E86F4FD2E0252FEC1781E8D96F9EEFFDF2
:10E44000DC04E8824C56EFFDDBCEE0252C65E86E5F
:10E450006C7FEFFDDA4EEFFCD3C71400EFFFD48FD3
:10E46000E86654BFE8665440E0091500E002D23285
:10E4700015121480E0571478E002D1FAE8824F5662
:10E48000E8D94FA037DEE6AFCFFF2F83EFFEDF776F
:10E490001403E86F6C0CE8304F87E200CF83E0276D
:10E4A000018AEFFED1E4E86E4FFAE200CF85E02565
:10E4B00001B81481E86E6CFA1502E86E6D7AE86FA7
:10E4C0004F85E00327B116801401E81676F0EFFEC1
:10E4D000DF0DE8824F56E02E1790E400C71411813B
:10E4E0003F9EB18FE0021320E8714C78EFFCD2C759
:10E4F000E80F57FF1080E002970F1403E708CF21C1
:10E50000E002B70FE84357CCE681CF9FE84377CCD2
:10E51000E84357CCE080CF80E84377CCE841579D73
:10E52000E681CF9FE841779DE841579DE080CF800D
:10E53000E841779DEFFFD0113DE3150F14801420C3
:10E54000E001D70B158A1500E00114D83C63E00107
:10E55000D6CA158A150014A21402E001D6C414808C
:10E560001407E001D5F9158A1500E00214A8141962
:10E57000E001D6B9E0CF14891403E001D651E0469A
:10E5800014C51404E001D64C158415003CE31405B1
:10E59000E001D6C6148A1406E001D5DE14881417EB
:10E5A000E001D5DA158C15001487E000144CE00169
:10E5B000D6D41584150C3CE31402E001D6943DE357
:10E5C000150E3CE31420E001D6C814803C693DE3FD
:10E5D0001502E001D6881582150414801427E00185
:10E5E000D6821583150C14871425E001D67C15837B
:10E5F0003CEB15081425E001D6761582150E3CE398
:10E600001409E001D6701582150C3CE31409E001F1
:10E61000D66A1582150A3CE31409E001D664158216
:10E62000150C3CE3140AE001D65E150A3C6A15821B
:10E630003CE3E001D6581582150714801427E00149
:10E64000D652E80F57FFE003920FE8824AD63222F3
:10E65000E04BB2C2E0CF12C8E04BB2923C62E000A5
:10E6600015481480E1FEC476E002D102E7E6170007
:10E67000958E1781E04B9512E706CD9F39EFE004A8
:10E68000C540B58EE00B37A6E04B97123C623F1BAE
:10E69000948EE1FEC476E00E34C437213F18940E08
:10E6A0003D9A958BE00931B93CC8B48EE00E35C473
:10E6B000C7123CE2E1FEC4F637213F19948EC781B0
:10E6C000E00B31BB3DC9E200CF8AB58E01DC1403FB
:10E6D000EFFEDF43E04B9742E01F17AA37213F9E32
:10E6E000938F3CE2C39E3C671512E1FEC4F6E00145
:10E6F000D565E04894F23C671512E001D5C3EFFE02
:10E70000DE3E1400EFFEDDF2E80F577D38E4E00155
:10E7100097AEE02413DCE707CF93E001B7AEE00843
:10E720003321E04B9792E140C0803FA53DEFE004EC
:10E73000C5C03D6FE140C530948AE00A3F97B48A76
:10E74000E00A389F948AE00A3C1FE000C7C03D17EA
:10E750003DFFB48A01EFE00197AE1180E707CF9348
:10E76000E001B7AEE0D01608E04B9592E100C3009F
:10E77000C5823E7BE04BB592E7FE01F2E84357CC01
:10E78000E70015803FCBE84377CCE77F167FE8436F
:10E7900056CC150F3EDCE84376CC1420E841571DDB
:10E7A0003F4BE841771D1581E841579D3CEB3FDC2D
:10E7B000E841779DE001D5D1EFFEDF0EEFFFD12FCD
:10E7C000EFFFD149E86F6980E8714C78E86F4C80C1
:10E7D000EFFFD292E80F57FF1681E002970FE7088C
:10E7E000CF2DE002B70FEFFCD666E8714C78EFFC56
:10E7F000D146EFFEDDC43C63EFFEDD78EFFEDDBF0A
:10E800003C63EFFEDD73E83757B7E81673EFE6A514
:10E81000CFFFE02227A6E00016D5E86F6E861780AE
:10E82000E86F6F85E86F4F8BE00027ED10801401D3
:10E83000E81670F0EFFEDD5AE8824F56E0D917B4C3
:10E84000E400C70A13023F9E8A4FE01F17AAE00E9A
:10E8500032213F9E918FC1893C63E001D4683AE840
:10E860003C63E001D464E86F6B0039E8E8714C78F0
:10E87000E86F4C80EFFFD240EFFEDD811400EFFE29
:10E88000DD35E0091500E09D14FCE0AF147CE002EA
:10E89000D021E8824CD6E0AF147CEFFEDB7B150183
:10E8A0003CEA3C64E001D3B6EFFEDD691400EFFE04
:10E8B000DD1DE8824CD6E09D147CEFFEDB6B1581FC
:10E8C000E0AF157CE09D14FCE024145CEFFDD8E083
:10E8D000E6A4CD65E6A2CCE33C64E001D39B140042
:10E8E000E86F6C00E8714C78E86F4C80EFFFD20461
:10E8F000EFFCD17AE7FF14AAE86F6C8C1500E86F83
:10E900006D0BE81257AC2F85E812578AE00227CC2E
:10E910001401EFFEDCEBE81257ACE200CF800321DC
:10E92000E81257AC1401E681CF9FE81277ACE86F8C
:10E930004DA6E04BB5C2EFFEDCD9E04B9642E200BB
:10E94000CE02E0210194E8826E56E8716E78E8719B
:10E950004C78EFFCD094EFFDD7CC1401EFFFD20F31
:10E96000E8824ED6E81257ACE04BB6C2E202C7804E
:10E97000279FE81257ACE7FD177F3FDE3F6DE400AD
:10E98000C70AE81277ACE0D917B43F9E3F6DE400A8
:10E99000C706E86F4C9E8C4FE86F4D1FE01F17C6EF
:10E9A000E86F4DA03F9EE00F0C9BE001D269E8129A
:10E9B00057ACE200C7842793E81257AC177B3FDEC1
:10E9C000E81277ACE81257ACE04B9442E020CF80DD
:10E9D000E81277ACE86F4CA9EFFDD7D0E81257AC3E
:10E9E000E200C7882795E81257AC17773FDEE81298
:10E9F00077ACE0D911B4E86F4A2AE0D912DC8C4335
:10EA0000AA333CE4E001D2BEC18A39F501F9E8122B
:10EA100057ACE200C7C02795E81257ACE7FF173F95
:10EA20003FDEE8544F72E81277ACE400C716E054BA
:10EA300017F23F9EE04B94C2E001942FEFFFD06BA2
:10EA4000E81257ACE201C780278AE81257ACE7FE0C
:10EA5000177F3FDEE81277ACEFFEDFE1E81257AC3C
:10EA6000E204C7802788E81257ACE7FB177F3FDE38
:10EA7000E81277ACE81257ACE208C780278EE8129C
:10EA800057ACE7F7177F3FDEE81277ACE86F4C80B2
:10EA9000E04B9442EFFFD130E81257ACE220C78040
:10EAA000278EE8D94C4AE81257ACE7DF177FE4001D
:10EAB000C44B3FDEE81277ACE001D25CE81257AC01
:10EAC000E240C780E00027D8E81257ACE04B96C27E
:10EAD000E7BF177F3FDEE400C685E81277ACE01F92
:10EAE00017DE3F9DE86F4F168E8F3EFE0104E86FE4
:10EAF0004F16AF0FE01F17DEE04B96C2E86F4F17BF
:10EB0000E400C6853F9D8E9F3EFE0104E86F4F17CF
:10EB1000AF1FE01F17DEE04B96C2E86F4F18E4000E
:10EB2000C6853F9D8EAF3EFE0104E86F4F18AF2FA4
:10EB3000E01F17DEE04B96C2E86F4F19E400C68570
:10EB40003F9D8EBF3EFE0104E86F4F19AF3FE01FAF
:10EB500017DEE04B96C2E86F4F1AE400C6853F9D72
:10EB60008ECF3EFE0104E86F4F1AAF4FE04B944248
:10EB7000EFFDD6A6E81257ACE280C780278CE812DA
:10EB800057ACE77F177F3FDEE81277ACE86F4C2F7A
:10EB9000EFFFD03DE86F4F84E201C7FDE86F6F845F
:10EBA000EFFEDBEDE824499FE0433F83E200CF80A6
:10EBB0000317E6AFC9F31700E824699FE04BB7429B
:10EBC0003CE3E04B9442E001D282E04B97C2C78124
:10EBD000E201C7FFE200CF84E04BB7C201F21401AB
:10EBE000EFFFD70EE8544F72E8824FD6E400C71605
:10EBF000E200CF82E05417F23F9EE00197AF01831D
:10EC0000E004C7C0E80F77DFE8544FF0E200CF819F
:10EC10000190E8824FD6E0D914B6E400C78A150700
:10EC20003C9FE06F1429E001DE551080E85468F045
:10EC30001780E83777BAE01317C4E83777B9E86E7A
:10EC40004FF637C7E00127DFEFFFD363E8874FF9BF
:10EC5000E200CF810108E86F4F87E200CF81010316
:10EC6000EFFEDB8DE8874FF9E200CF810103EFFE75
:10EC7000DB8614011180EFFEDB39E04BB1C2EFFF00
:10EC8000D390E04B9242E8884F89C201E201C27FF3
:10EC90003A7FE04BB24204F4E86F4C22E86B4CC47C
:10ECA000E001DCB9E8D94F9EE200CF810107E86FAF
:10ECB0004F87E200CF81E00001F9EFFDD6A9E872AD
:10ECC0004FA3E200CF83E00001D117A0E88B6FDDF6
:10ECD000E00017DAE84577EFE84577F0E7FF17A699
:10ECE000E84577F1E001DCC01782E04BB042C0405C
:10ECF0003F90E000154014803C6FE001DDB9E082F8
:10ED000016DCE8864CFC3FE83DED160015013CFCA6
:10ED1000E01D01B8E8864D7D160015813D7CE01DA3
:10ED200001C13EEFC6FFC7BF1700E0808E1DE200A5
:10ED3000CE010184C701E201C77F3FFD01F7E20078
:10ED4000CF01E01D05C1E04B904217A0E88B6FDDBD
:10ED5000E00217ACE84577EFE0021798E84577F056
:10ED6000E7FD17E8E84577F1E001DD18EFFDD7D8BA
:10ED7000EFFCD5D5E86E4FFC2F98E86F4FD22F955A
:10ED8000E8824C56EFFDD72FE86654C0E01D242DD5
:10ED9000E866553F3C69EFFDD6DAE8D94F9EE86F4B
:10EDA0004C222783EFFDD6F2E86F4F07E812578C0D
:10EDB000E200CF01E01D01EDE86E4EF6E707CE9EC2
:10EDC000E86E6EF63EEFC681E200CE85E86F6F0911
:10EDD000E812768CE01D028D01841787E8D96FA0B8
:10EDE000E8874FF9E200CF81010DE86F4F87E2001D
:10EDF000CF810108E86E4FF61700E707CF9EE86E57
:10EE00006FF6E8714B78E86F6B02E82E4C7BE86E8A
:10EE10006C7DE86F4FD2E01D2FCA1781E8724CA3BA
:10EE2000E8D96F9E1780E83C77D2E8306C87E7F628
:10EE300000B4E8244F9AE00027D4E8724FEAE200D9
:10EE4000CF81E00001CEE8D96F9EEFFEDA98158001
:10EE5000E001150CE00114FFE06F1460E8246D9AE6
:10EE6000E001DD06150A1480E0241406E001DD004F
:10EE70001600E80F57FDE8716E791681E002972FB2
:10EE80001530E707CF1DE002B72F1480E86E6E5CE7
:10EE9000E0201442E86E6E68E001DCEA1530148070
:10EEA000E0201410E001DCE4E8304F87E200CF817D
:10EEB000E01B019BEFFBD204EFFBDE8CE8724FCC32
:10EEC0002F8CE0141400E001D6A5E201CC1C013E19
:10EED000E8724FACE00027C51780E00000ED140099
:10EEE000E8726C211181E88269D6E8D9699EEFFD4C
:10EEF000D6ACEFFDD4FEE01B17AC14801512E05722
:10EF00001478E83777B9E83774BAE001DCB1140156
:10EF1000EFFEDF35E00215221480E059147AE0019B
:10EF2000DCA71787E8D96F9F1500E8D96FA0E00D1F
:10EF300017A6E87077A7E01617A6E820698BE87097
:10EF400077A6E8177533E7FF0084E01C1400E001A2
:10EF5000D661E201CC00E7FF01BDE7FF00BFE82476
:10EF60004F92E200CFE30284C781E8246F92E82445
:10EF70004F92E200CFE401841780E8246F92E824E6
:10EF80004F92E200CF830199E80F57FD1680E0020F
:10EF9000972F1402E703CF1DE002B72FEFFDDC52DD
:10EFA000E80F57FD1681E002972FE703CF1DE0021F
:10EFB000B72F1784E8246F92EFFBDBCEE8244F9E37
:10EFC00027951780E8246F9EE8714FFCE8714F7D0C
:10EFD00037A53725E8457770E8724F01E84577EFA8
:10EFE0003725E8457777E8107786E81057862F852C
:10EFF000E00216ACE8107686E8794FA4E0042FEA28
:10F00000E0031733E845776F1401EFFFD4F9178059
:10F01000E83777BAE00117C8E83777B9EFFFD1C111
:10F02000E8724FA12F87E8724FAC27821781E879E9
:10F030006FB6EFFBDDB7E7FE2C39EFFDD4E9E872E0
:10F040004FA0E200CF810189E80F577DE00296AE24
:10F05000E707CE9FE002B6AEE88B4F752F37E87218
:10F060004FCCE00427BDE8206F72E8724F87279DE0
:10F07000E00317F4E84577EFE00317E0E84577F0A1
:10F08000E7FC17A0E84577F1E84557F5E400C78AA3
:10F090003783E84577F5E0413FCFE84577F6178FAE
:10F0A000E8716FFCE8716FFDE8724FBF278DE8458E
:10F0B00057EFE001C796E84577EFE84557F0E001E4
:10F0C000C796E84577F0E001DB69E8794FB627910C
:10F0D000EFFBD26C3CE8E0201410EFFBD0D117809E
:10F0E000E0283C6FE00117FFE0283C5FE810740760
:10F0F000E8794FB6E8204F403F7F0103E8206FC01A
:10F1000027AD1781E8796FB5EFFBD250E86E4DE778
:10F110003CE8E200CD8EE04BB5C20289E86E4FDCE0
:10F12000E200CF801780E06F39A83CEFE020144266
:10F13000EFFBD0A61780E04B9642E0283C6FE00141
:10F1400017FFE0283C5FE200CE0EE83774310286FC
:10F15000E86E4FDC2F83E83777B1E81F4FF627843E
:10F16000C7FFE81F6FF6E8794FB62784E81F4FF610
:10F170002783EFFDD5D51780E8566FC2E86B4FC4E3
:10F18000E200CF81E00502A0E82B57FDE20FCFD0CF
:10F19000E00405DE17A8E8566FC1E8564FC1278482
:10F1A000C7FFE8566FC1E8564FC02784C7FFE8562F
:10F1B0006FC0E8564FBF2784C7FFE8566FBFE856B9
:10F1C0004FBE2784C7FFE8566FBEE8564F41E87927
:10F1D0004FA5E004275717001684E81F6F75E04B12
:10F1E000B6C22787150A1481E06B1446E001DB40A4
:10F1F000E8724F87E200CF81018FE812578EE21745
:10F20000CFB7028AE04B92C21782E12F3AEFE201B8
:10F21000C7FFE04BB7C2150AE04B94C2E06B145035
:10F22000E001DB26EFFBDCBE3B68E7FC2C3FEFFC9C
:10F23000D376E8CF4E4FE8CF4ECE3AEC3BEDE886A2
:10F240004A7CC2FEC3FE39E6E082175CE04BB64260
:10F25000E04BB692E04BB302E04B9402E201C47F74
:10F260003C74E00404B8E8CF4AC4E200CA8101B9A2
:10F27000E200CA0AE00402D03FE5138612003EE431
:10F28000E8864F7CE201C6FF3EFEE04BB68203A556
:10F29000E200CF81E00401C4E04CB732E04CB7A2F9
:10F2A000EFFBD7A5E200CC01E04C9732E00402B8B6
:10F2B000E04B95823CE73C673D6BE001D8FCE04CBD
:10F2C00097A2E04B9602C201C601E201C67FE200AE
:10F2D000CA0AE04BB60201D4E04B9702E8866F7C85
:10F2E000E0061720E88649FCE00317F4E200C98233
:10F2F0001200E06F3CAEE04BB792E84357C1E04CE0
:10F30000B242E04BB7C23AE4E201C2FF39F5E00590
:10F310000284E04C96C2E04B9742E8724FCCE887FB
:10F320006991E8796EA4E810773A2F89E80F57FFC2
:10F3300097EFE6AFCFFF2F83E8796FA4EFFCD7D329
:10F34000EFFCDD38E8594FFAE07510C4E059167A41
:10F35000E04BB0C238EFE00B3E1F1700E8794C24B9
:10F36000E80F5554E400C08AAF2B1680C5823EF8E2
:10F37000C50EE00601ACC781E201C7FFE200CF87FE
:10F38000E006013FE8596FFAE059177CE05A16038E
:10F390001780E1808D9E3E7EE12F3FEBE201C7FFAB
:10F3A00001F9E8375294E8375313E8596FFB3CE50D
:10F3B0003C661780C4DDC46AE07516443F6F3F7D2C
:10F3C000E00601A2E8796FAFEFFBD276E07511C4D9
:10F3D000E02112461600E00014CB8D43E200CD0977
:10F3E000E04BB51202B63FEAE400C786E07515C4EB
:10F3F0003F9BE003C7A48D0FE04B9792E0030E8E76
:10F40000E400C792E0062D15E00B3A1FE0211452EC
:10F410003C1FE00B0E9EB508E02115543F9A1520C5
:10F42000B50FB73BB6ABE04B97929703E400C7929A
:10F4300096933F94E04BB79297AFE04B9092E00FDA
:10F440003F2FB7C197B1B721E00F3EAFB6B1B7D1EB
:10F45000C18EE07614503C7301C1E8794E24E879FE
:10F460004A25E04BB612E0072E2E2203E8796E2BD8
:10F4700015141480E0201476E001D9FA15141480D4
:10F48000E021140AE001D9F43C62E001150CE0012E
:10F4900014FFE1FEC476E001D9EB1480E04B951235
:10F4A0003DE2E1FEC5F63C69EFFBD60E3DE2E04BE6
:10F4B0009492E1FEC5F6150AEFFBD606E07513C47B
:10F4C000130E3AE83F62E1FEC7761780E00700AA14
:10F4D000E8105786E84577EFE7FB0098E0031590C2
:10F4E000E0021518E00214AC1420EFFBD7631710EC
:10F4F000E7FD17E8E88B6F5DE0011734E84577F129
:10F500001781E845776FE0011716E8204981E82068
:10F510006FF2E8457770E8206F81E001D8A5E886B2
:10F520004A7CE8206981E200CA04E04BB24202BB97
:10F530001401EFFBD752E0012201E8714FF8E0001F
:10F5400027FDE04B92C2E200CA8705B0E84357C1ED
:10F55000E203CFF30230E00115963D6BE00114B4F5
:10F560001410EFFBD727E8204FF2E0002FECE00368
:10F570001590E0021518E00214AC1420EFFBD71A26
:10F58000E88B4FF8E7FA2FF3E8204FF2E7FA2FEF76
:10F59000E8794FA5E7FA2FEBE00317B3E84577EFDB
:10F5A000E7FA00E5E000146400C9E04B9342E20092
:10F5B000CB04058EE84357C1E204CFD7020AE0012D
:10F5C0001596E0011534E00114C8142000CB019019
:10F5D000E84357C1E206CF9F0210E200CC01058D3F
:10F5E000E0011596E0011548E00114E600EFE04B5C
:10F5F00094C2E200CC830190E84357C1E207CF8375
:10F600000210E200CC01058DE0011596E0011566BF
:10F61000E002148400DBE04B9542E200CD02018D54
:10F62000E84357C1E208CFCB0208E0011596E0029B
:10F630001504E00214A200CA1780E8206FF2E7FF69
:10F6400000941781E8246F9EE7FF009CE209CFB089
:10F65000058617BCE8566FC0E7FB00A1E203CFF4B4
:10F66000058617BCE8566FBFE7FB0099E203CF9011
:10F67000E7FB0595E00017E4E8566FBEE7FB008F57
:10F68000E8564EC0E7FB2EA9E8564F3F2708170360
:10F69000E81F6EF5E04BB742E7FB00A5E85649BE10
:10F6A000E04BB1C221881201E81F6F75E04BB242F6
:10F6B000E7FB00992F841781E81F6FF5150A148066
:10F6C000E7FB00941780E82B779FE82B77A0E7FBF8
:10F6D00000ABE04CB732EFFBD54BE04C9732241433
:10F6E000E04B978237A13F9E8E8F8F9FE200CF81A4
:10F6F000058B3FF50309E200CE8105863EF7030442
:10F70000C181E201C1FFE04B9782C781E04BB78224
:10F71000E7FB00A413803FE7E7FB00B2E00F3221D4
:10F72000E08216DCE200CF053F9D8C0F8C9F058E9A
:10F73000EFFBD695E000246EE200C9810111E200E2
:10F74000C982E00002E41783008CE200CF03058C3D
:10F75000EFFBD685E000245EE200C98101F5178544
:10F760003F6FE00000C5E200CC01E00005CBE04BBC
:10F770009712C77EE02E3F18C702E200CC81E0005E
:10F7800005C4E04B97C2C7FEE02F3F99C782E04B0C
:10F7900095021580E04CB732E04CB7A2E001D348A7
:10F7A000E201CC7FE04C9732E04C97A20103178234
:10F7B0003F6FE8874E92269BE200CE81E8864E7C22
:10F7C0000116E200CE0201933EE4E400C68EE08220
:10F7D000165C3E9CE0108EAD1084E200CE951404C1
:10F7E000E0613CAFE0683CAE3FE13F68E04B9582B2
:10F7F0003CEF3C6E3D6BE001D4CD3FE6E7FA00E321
:10F800001702E7FF00BC178200C31782E7FF00AAB8
:10F810003FE53F6500EC3C65EFFDD0CEE00F3221C7
:10F82000E08210DCE8CF4ECE3F918F0F8D1F3FED71
:10F83000C7FF3F7F0188E200C9810185E002132CE8
:10F84000E845736FE200CD11058DE8204FF22F8A55
:10F85000E8794E25E84557EFE0002E63C7BCE84540
:10F8600077EFE84557EF3C7F023FE8794FA53FF33C
:10F87000E00001D4E81057BAE04B95C237813DFF54
:10F88000E000054CE0433E8DE8CF4B4DE6A9CF8A22
:10F890003C6AE8CF464FE86650C0E04BB6823EEE89
:10F8A0003FAAC47FE04CB752C6FFE04AB332C7015B
:10F8B0001300E0433C08C501E04AB652E0433E8DE8
:10F8C000E04AB0C23BE6E049B782E04CB762E04CA8
:10F8D00097E23EFF0528E200CB000206019EE04BC6
:10F8E00095923BFB059A3C65EFFBD4422416150E1E
:10F8F000E04C97423FEA3FB43F3AE08314D8E075CA
:10F9000014443C9F3C1EE001D7E5E04C9642C60102
:10F91000E201C67FE04CB642C201E7F900F6C794A7
:10F92000E7FF009FE200CE800325E04C9652C6011F
:10F93000E0433E0CE04B94823CFD0206E04C9652C4
:10F94000C601E0433E0CE04A9732E04994823E3ED5
:10F950003DE83DFAE201C4FF050FE04C9752C68135
:10F96000C77FE201C77FE0433E8DE04CB752E7FF1F
:10F9700000B03E6D00E0E200CD8003263FE9C78184
:10F98000E0433F8FE04A90D238FB02053FE9C78150
:10F99000E0433F8F3F9CE04A974237A13F9E978FBD
:10F9A000E049B792378FE049B7A23FE2E1FEC7ECEA
:10F9B000979FE04997223B9FE0263B7EC581E0432D
:10F9C0003D8BC4FF00C73FEB00DE8C8BE04092EA2A
:10F9D000E00E3899E0033722399CE04BB192C7031F
:10F9E000E04B9212E04091FA37223F1CC481C6815D
:10F9F000B1D4E201C6FFAC8BB28EE7F900BA178032
:10FA0000E7F900C2E00C0D0BE200CD23058B3D7938
:10FA10000389E200CD9605863DF80384C781E201A3
:10FA2000C7FFC701E201C77FC60EE7F900CAE200BF
:10FA3000CD02E7F901FA3F94E0018DCF952FC58102
:10FA4000E001ADCFE0073EAA95BFE04138A7E0074F
:10FA50003F2BE0413C27E0073898E0018C7FE20132
:10FA6000CC000122941F978FE0083F28E00F3EAFA3
:10FA7000E04138A8E0413FAF3F91E0011096E02F10
:10FA80003F912F86E0283C192C033BF1050DE04BFC
:10FA900097921400E400C7923F94E001AC5FE7FF47
:10FAA0001400E001AC7FE04B9792E400C7923F94D2
:10FAB000E0018C7FE201CC00E00001D8E04CB732DD
:10FAC000E04CB7A2E04CB692E04CB602E04BB4F288
:10FAD000E04BB5E2E04BB552EFFBD389E200CC013D
:10FAE00010881404E0683AA13BF8E04C97A2E04C7F
:10FAF0009732E04C9692E04C9602E04B94F2E04B49
:10FB000095E2E04B9552E0018C6F0311E201CC7F4E
:10FB10000104C401E001AC6FE04B9792E400C7928E
:10FB20003F94E0018C5F240CC47F00883441E200E4
:10FB3000CB99E001AC6F05711428E001AC5FE04B9C
:10FB40009792E400C7923F94E0018C6FE200CC0AE8
:10FB5000058C1400E00010C0E00F0E9EE001AC5FC9
:10FB6000E001AC6FE001A8FFE06B17C6E04B969296
:10FB70003F9DE0058F8FE7F827D83FEDE400C7925F
:10FB8000E00E3A1F974EE400C703E200CF000302E5
:10FB9000C7033F9497DF3702E400C7833D1EE200AE
:10FBA000CF800302C78337823D9FE02A3D6CE02B64
:10FBB0003DECE12A3D55E12B3DD6E0030D1BE7F876
:10FBC00000B42A0E3FE4E075164416FF3F6FE002D2
:10FBD000C71CC78E3F1CE201CF8CAE8E01F8E075CA
:10FBE00017C41700008EE04096FFC70136A4E0401E
:10FBF000B6FFE201C77FE04096EF36A4E040B6EFE3
:10FC0000C78EE04B96923EFE01EFE7F800BFC70EAD
:10FC10008E47E0418EAE3E7D0114C781E201C7FFF1
:10FC20003FF501F63C65E400C40E3F62E1FEC77695
:10FC30003D663CE73C1EC281E001D64CE201C2FFBA
:10FC4000C38E39F7E7F801C03CE2E001150CE1FE94
:10FC5000C4F6E077145CE001D63DE0022A13E0012F
:10FC6000150CE07514C4E077145CE001D63315146C
:10FC70003CE4E0211432E001D5FB15143CE4E02122
:10FC8000141EE001D5F5E07517C4E011974F374415
:10FC9000B70FE011975F3744B71F3F6FE002C71CF3
:10FCA0008F0EAF4F3F6FE002C71D8F0EAF5F3F6FEC
:10FCB000E002C71E8F0EC78EE041AF0F3BFF01E68B
:10FCC000E8794FA4E8794F25E0032F90E8796FADEC
:10FCD00027061701E8796F29E8796FACE001150C68
:10FCE000E07514C4E0761450E001D5F4E83755947B
:10FCF000163F3EEBC6C1E04BB692E00B3E2B150023
:10FD0000E07516C4978DE200CFBEE00202F8E00F66
:10FD10003E2F3CEFE403C4C23F6AE00F34C82D0419
:10FD2000E200CFBE0583170017BE14BEE0063CAF4D
:10FD30001400E1253C7EE04AB2F2E04AB3623A6246
:10FD4000E1FEC2529214E00517CF3FA4E008B7EDE0
:10FD5000979DE200CFBEE00202F7E00F3E2F3CEF9E
:10FD6000E403C4E0E200CD003F6AE00F34C80205BE
:10FD70002D06E200CFBE0583170017BE14BEE004B7
:10FD80003CAF1400E1233C7EE04BB1B2E04BB22229
:10FD9000C68EE04B97A2E008B78D3BFDE7FF01B4AC
:10FDA000E87949B6E200C981E04BB19201B2EFFABD
:10FDB000DB221780E8794E24E8246F91261C1680F8
:10FDC0003FED3F6DE04B9242E0018D84E200CD8932
:10FDD0000285C781E201C7FF1681E04B92C2C701CD
:10FDE000E201C77FC28E3E7EE04BB2C201EC2683A9
:10FDF000E8246F91E8244F912784178AE8246F90B4
:10FE0000E8244F902784C7FFE8246F90EFFADC774F
:10FE1000E8794CA42C86150AE0241406E001D528C4
:10FE2000E8714FF8E200CF81E0050129EFFBDB86A6
:10FE3000E8874F91E82B577DE8876F92E8794FA4C8
:10FE4000E82E4B7BE8796FA51780E82B777EE82DAD
:10FE50004F68E8796FA8E8726B27E0052F13E87206
:10FE60004FA1E200CF81E0070177E00504A5E200A1
:10FE7000CF83E008015C1581E8726DA1E00500AB5D
:10FE8000E8794F2BE7FE2F01E07515C4E021150A34
:10FE90003E6EE02014F6E0211432E021109E3FEE89
:10FEA000E002C79C3F9B8F8FE200CF8902973EEF15
:10FEB000E400C6863E9BE003C6A48E8DE200CE81A0
:10FEC000018D37A1E00D3D1FB60DE00D3C9FB60D35
:10FED000E00D3C1F3F91B60DB60FC70EE201CF0CEF
:10FEE00001DFE04B9212E07512C4E400C20EE84557
:10FEF00057F73A94E87949A4E04AB2B2E07512C4DF
:10FF0000E04AB7D23B65E04AB1C2E04A96323E755C
:10FF1000E7FD013B16008EC5E049B602E002179CE2
:10FF2000E0499702E400C70E3F9E3F968F8F3FFD4A
:10FF3000E00C014DE0499702C701E200CF0AE04919
:10FF4000B70201EDE7FD00A1E0021480E00C00F42F
:10FF5000E021150A3D9AB48BE00C00FBE04A95C203
:10FF6000E200CD81E00D0186E200CCEDE00D0282E1
:10FF7000372110A0E12E3F61E00C00FCE200CD40F3
:10FF800001841720E00D00A3E201CD000194E001FF
:10FF90008FDF2F96E5FFC476E400C703E1FFC41CA2
:10FFA0003742E201C47EE00017D03C7EE00D04CB76
:10FFB000E12E3F6F1490E12E3F69E00D008DE000CF
:10FFC00017E4E001147F00F2E04B9592E00F3EAFA2
:10FFD0003D96E00D009BE04B9492E00F3E2F3C9647
:10FFE000E011B7D9E00D00AC1781E8796FADE7FCFF
:10FFF0002F77E8796FA8E7FC00F3E04B91923FF38D
:020000022000DC
:10000000059B3F9B3CEFE403C4C23F6AE00F34C84A
:100010002D04E200CFBE0583170017BEE005129144
:10002000E0093F951200E0283F74E04AB472E04ACC
:10003000B4E2E7FD00861400E04AB472E04AB7E299
:10004000E7FC00FFE20CCF8105A2E20CCFC002A6C4
:10005000E1F3C7FF3CEFE403C4C2E200CD003F6A16
:10006000E00F34C802052D06E200CFBE058317005D
:1000700017BEE00C1201E0063F941180E0253F73AB
:10008000E04BB2B2E04BB322E7FD00841480E04BBA
:10009000B4B2E04BB7A2E7FC00FD1700E04BB7326B
:1000A000E04BB722E7FC00F63B63E400C30EE075CB
:1000B00012443C66E001C40CE07012EC3C143A9629
:1000C0003CE8E04BB442150E3C65E04CB732E00131
:1000D000D401E00F3A16E0128F8FE04C9732E6AC75
:1000E000CBCF3BFE03A63F67E400C706E022167AAB
:1000F0003F14E003C7243A67E400C20E8E8EE06F1F
:100100001760E0063A1E3A1C2E9EE04B94C2150E74
:100110003C66E001D3DFE04B94C2150E3C64E00185
:10012000D3D9E0241706E00F3F178F0FC701AF0F99
:10013000C181E201C1FFE88B4F5C39FEE7FF04B6E5
:10014000E7FC00F6E200CE810193150EE00114FFFA
:100150003C66E001D38D150EE00114FF3C64E00124
:10016000D387E0241706E00F3F17170000E1E200F5
:10017000CE8201DFE02416863E978E0D2E0E17816B
:10018000150E3CE53C66AF8DE001D3A4150E3CE5B1
:100190003C64E001D39F00CDE200CE030283C601A0
:1001A000AE0D3E633D67E400C60EE400C50EE0758B
:1001B00016C4E06F15E03E9C3D9AE00B0D0BE00885
:1001C000966DE04BB5C23E7AE00896FD01833EFB9A
:1001D0000121E04B9742E00B3EAEE3FFCDFC04244F
:1001E000E200CD840221E00B3E2AE3FFCDFC041C9B
:1001F000E200CD8402193FE3E400C78EE07515C428
:100200003D1C3F1D3F9B35413741E008B56FE0087D
:10021000B77F150E3CE63C64E001D35C150E3CE56F
:100220003C66E7FF00B8E00510EEE049B572E08AF1
:100230003D51E0021477E400C38EE08A3E18E04AA4
:10024000B612E022167A3E17940CE000167DE08884
:100250003C5C17803C7AE04AB7A2E04AB78202864B
:10026000E00101823CFBE00005FF3DE23FE2E1FEF0
:10027000C5DCE1FEC7E0979F959BE04A9522E04AE6
:100280009702E0093D9FE0283D7EE0031674E003FD
:1002900015743E38E08E3CDA3F1C3E63E400C60E27
:1002A000E07515C43E1B1500E00715E83C6E3CEFF9
:1002B000E04CB692E04CB602E001D2B8E04C9602B7
:1002C000E04C9692E008B4ECE005176EE04B9642E5
:1002D000E00217F7E08A3E5EE049B6D2E08A3E9F30
:1002E000E02216FAE00F3E97E049B632E000147DB6
:1002F000961F1080E08C3E58E049B0E23E7AE0491B
:10030000B0C2028401B63EFB05B43CE23EE2E1FE2F
:10031000C4E4E1FEC6E8969D9499E0499642E0491E
:100320009462E00B3C9DE02A3C7CE00317F4E00380
:1003300016743FBAE08C3DDC3E1F3FE3E400C78EFD
:10034000E07517443F1F1500E00715E83C6C3CEDD5
:10035000E04BB742E001D26AE04B97C2E008B4FF3D
:10036000E7FE00D9E00F3DA9E12E3D78E7FF0097B9
:10037000E00D3DADE12C3D7C00E11180E7FD00DDAD
:10038000E81F48B8E82D6FE817FFE87268A1E81F7A
:100390006FB8E8724FA12F85EFFBD1B7E7FA00E104
:1003A000E8724FA1E200CF81E7FA01DBEFFBD1C198
:1003B000E7FA00D7E8794FA42F8AE86E4FD4E2001D
:1003C000CF810105E8724FACE00227AD1180E8173C
:1003D00071B3E80F57FF97EFE6AFCFFFE0042FBFF1
:1003E000E8724FA1E200CF810103EFFDDED3E80FF9
:1003F000577F97EEE6AFCFFFE0042FB9E8724E05C6
:10040000E00711E8E02D39BCE8724F85C6FFE02314
:1004100039BFE201C6FFE201C1FFE04BB6C2E8729C
:100420004A21E200CA01019AE82E4FFA2F9797EE6F
:100430003C64E6AFCFFFE00427A0EFFDDF57E88282
:100440004F56E02E1790E400C7143F9EB20FE8719C
:100450004C78EFFBD314EFFDDF92E82E4FFA2F8B91
:10046000E80F57FF97EFE6AFCFFF2F85E04B9442A1
:10047000EFFEDE17E8724FA1E200CF810105E82D03
:100480004FE8E00027F6E82E4FFAE04B92423FF4A7
:10049000E00001DEE86757E31281E707CF95E867E0
:1004A00077E3EFFDDF39EFFDDF6AE80F57FF97EFE6
:1004B000E6AFCFFF2F843C65EFFDDF18E80F57FF55
:1004C000936FE6AFCC76E04BB442E0002C41E00203
:1004D000970F1201E70ECF14E002B70F1602E002E9
:1004E000970FE70FCF14E002B70FE7F81700E0010E
:1004F00096EEE706CEACE001B6EEE00196EEE70838
:10050000CEACE001B6EEE002970FE704CF18E002B0
:10051000B70FE0001464EFFCDDDCEFFBD391E80FD4
:1005200057FF3CE4E001976F3C64E704CF14E0011F
:10053000B76FD5EFEFFBD363E80F57FFE04B954262
:10054000E001976FE704CF1AE001B76FE82E4FFA8A
:10055000E82F6FF6C781E201C7FF3FF3E82E6FFA7D
:100560000384E82D4FE827841780E82E6FFA178060
:10057000E051AFB2E051AFA2E8714FF8E200CF8195
:10058000E00001CBE8724FEB2F8DE88B4DDCE07083
:10059000166C3EEFE078156814FD3DFDE00201FAAF
:1005A00027BBE8754B2CE07317F8E200CB00E07432
:1005B0001252E064392F153EE00114FF3C64E00163
:1005C000D1573C64151C1480C43E1280E001D15008
:1005D0003F653BE539E5E88B4FDC3FF3E00202EF96
:1005E000E7FF1790AF84AB9422971680E0263B0D6F
:1005F0003C64E8756B2CEFFAD68AE80F57FD108043
:10060000E002972F1180E707CF11E002B72FEFFA32
:10061000D674E87169F9E8724A23E8306A07E7E8B6
:1006200000C5E8724F82E6AFCFFFE7FD27D4E81799
:1006300057B3E00716E8E8724F03E12F3FBD3FFED6
:10064000E7FD04C9E8794FB6E7FD2FC5EFFBD07190
:10065000E7FD00C1E8794FA42F92E84357C1E202B9
:10066000CFAC028DE8724F82278AE86E4FD4E20049
:10067000CF810105E8724FACE7FD27ADEFFBD04518
:10068000EFFDDE4AEFFDDE7BE80F57FF97EFE6AFA9
:10069000CFFF2F841401EFFDDE29E80F57FF926F83
:1006A000E6AFCAF4E04BB2C2E7FD2A95E002970F2D
:1006B0001181E70ECF13E002B70F1602E002970F89
:1006C000E0001464E70FCF13E002B70FE7F817005C
:1006D000E00196EEE706CEACE001B6EEE00196EE64
:1006E000E708CEACE001B6EEE002970FE704CF15C5
:1006F000E002B70FEFFCDCEDEFFBD2A2E80F57FFF3
:100700003CE3E001976F3C63E704CF13E001B76F70
:10071000D500EFFBD274E80F57FFE001976FE704B5
:10072000CF15E001B76FE7FC00D61780E8375335E7
:10073000E83777BA1401E00117C8E83777B9E04B1A
:10074000B342EFFDDDD3E80F577DE00297AEE6AA96
:10075000CFFF27FCE80F57FE1180972F1481E70485
:10076000CF13B72F3C69972FE7E61200E70ECF13A0
:10077000B72F1281E8E069C9D4CCE80F57FF3C637A
:10078000E002970FE70ECF13E002B70FE002970FDA
:10079000E70FCF13E002B70FE7F81700E00196EE7E
:1007A000E706CEA3E001B6EEE00196EEE708CEA3A1
:1007B000E001B6EEE002970FE704CF13E002B70FB7
:1007C000EFFCDCBFE80F57FE1401972FE708CF13AB
:1007D000B72F972FE709CF13B72FEFFDD033E000E6
:1007E000145AB4641481E83771B53C63E81771B1E9
:1007F000EFFADED8E00114A5E04B9542B4E4E00145
:1008000014169784E706CF95B784E80F57FEE837AC
:100810007535972FE708CF15B72F972FE709CF1515
:10082000B72FEFFCDC563C65EFFCDC8BE01B17AC14
:10083000E8726AA3E83777B91787E8D96F9FE8D9D4
:100840006FA0E83771BAE8306A87EFFADF5EEFFD34
:10085000DD63EFFDDD94E7FB00BEEFFDDC06E7FBAB
:100860002C48EFFDDC8BE7FB00C417BB11BCE04B51
:10087000B7C2E7FB00D6EFFDDD391782E8826FD6FD
:10088000E8716FF8E8714C78EFFBD0F9E7FB00E70F
:100890008F4CE200CF09028CE400C7063F1A8F0E8E
:1008A0003F59E200CF010104C781E201C7FFC681C1
:1008B000E201C6FFC60EE7FC00F23EE3E400C68E8E
:1008C000E07017EC3F9D8FCFE200CF89E00002F08F
:1008D0003E6FE400C606E07816E83E9C8E8DE04B45
:1008E000B6C2E86F4EDE3EFFE00001E7E8724FEB74
:1008F000E00027E316001581E83757EEE83756ED9C
:10090000E8726E6BE04BB5C23CE23C623D63E1FED7
:10091000C4F6E1FEC475E04CB732E04CB7A2E04C3F
:10092000B692EFFAD43F3DE3E400C58EE070166C5A
:100930003E1B8E4CE04C9692E00B362CE684CECDDE
:10094000E04C97A23E9BE04B95C2E201CE7FE04C8B
:100950009732E684CFCFE00325F9E0030179E20086
:10096000CD810104C381E201C3FFE04B95C2C28186
:1009700035AE3D9FE201C2FFE04BB5C23FEEE40061
:10098000C786E04B96423F943648AE2FC701E04BF6
:100990009642AEDFE201C77FAE3FE00C36C8E051C1
:1009A0008EB2AE4FAEEFE0518EA2AEFFC181E2013A
:1009B000C1FFE7FC0092E04B97C2E201C7FDE200F5
:1009C000CF810175E86F4FDF2FF23FE3E400C78E60
:1009D000E07016EC3E9F978D969DE7FF00971602FC
:1009E000E04BB64200C01401EFFDDC80E8724FA07E
:1009F000E200CF81E7D901FFE80F577DE00296AE14
:100A0000E707CE9FE002B6AEE7D900F5E86E4FFCEF
:100A1000E7DA00951302E86E6B7FE7DA009CE200EC
:100A2000CF84E7DA01CE17801581E83777BA140151
:100A3000E01B17ACE86E6DFAE83777B9EFFED19F8F
:100A400017871401E8D96F9FE8D96FA0EFFED7D8B8
:100A5000EFFBD0CA1602E86E6E7AE7DA00B2E7FF63
:100A6000172AE86F6F06E7DD00DCE86757E3170138
:100A7000E707CF9EE86777E3EFFDDC4EE7DE00EDAA
:100A80008C0B8F1BE200CC083F1F0589E004AD0EE4
:100A9000C601E201C67FC582E7E200BBAD0E00F9E8
:100AA000E0078CCDE0078F5DE200CC883F1F058911
:100AB000E004AD8EC601E201C67FC682E7E200B067
:100AC000AD8E00F9E8864C7CE04B90422404148003
:100AD000EFFADBBDE8864C7DE7E224391481EFFABA
:100AE000DBB6E7E200B4E0B8157CE7E200D5E2004F
:100AF000CE86E86657C001933F6FC77EE02415DCC1
:100B0000E008C7FEE080961EE0413E2C3F7FE1807A
:100B1000B61B01F91780E812778B00983E6FC67EEE
:100B2000E02415DAE008C7FEE080971CE080951B02
:100B3000E0413F2E3F7A0582B70B3E7F01F6E82B5E
:100B400057FDE812570B3FFE02E7E86F4F083722C8
:100B5000C7053EFEE7E204C6E86C57C4E024175C14
:100B600037A1E812568B3F9EB68F1780E81277ADFB
:100B70001281E80F7760E7FF172AE86F6F07E86FC9
:100B80006F09E812778CE82D6AE2E7E200ABE7E252
:100B900027A91780E812778C1701E86757E3E70267
:100BA000CF9EE86777E3E7E2009DE86E4FFCE7E25F
:100BB00000B717811401E8246F9AEFFDDB97E87204
:100BC0004D23E8306D07E7D8009696053F1692153D
:100BD000E01196CE39ECE04BB61239ADE011965EDD
:100BE000E04BB2023A2CE04A9452E04139A3E04192
:100BF0003A24E00E39943F78E7F303A8E04A95D20F
:100C0000E0083748E00937281500E04CB732E04CDF
:100C1000B7A2E04CB692E04CB602E000DE071090BE
:100C2000E04C9732E04C97A2E04C9692E04C960252
:100C3000E1293CE1E00B37A1E02015763D1B950A48
:100C40003F7AE7F30387E021140A3D98948BE04A4A
:100C50009542E00B37A1E02010F63D91E200CD0572
:100C6000E0021400B70BE12E3CD8E7F205F9374259
:100C7000E8724D87E200CD81E7F3019EE04CB73288
:100C8000E04CB7A2E04CB692E04CB602EFFADAAF15
:100C9000E200CC01E04C9732E04C97A2E04C9692F7
:100CA000E04C9602E7F305883D6FE400C512E021B1
:100CB00017C63F9AE0018D7F1584E200CD203DA844
:100CC000E6AACD8BE7F201DC17103F1BE00215000E
:100CD000E12E3F5AE08A39DEE00F318FE04B9192EE
:100CE000E0AA3F8E39FDE0499182E00F35C8E4006B
:100CF000C18E35283FCA15FCE04BB1923FDBE7F2CD
:100D000005E53DE33D963F9DE011B7CBE08A3A5EB5
:100D1000E00F320FE0AA3F8EE04B9202E00E352842
:100D2000E00F35C83A7C3FCE177C3FDEE7F205D5B1
:100D3000E04B94123F9C3C16E011B7D8C28EE7F10D
:100D400000E63F68E7F200B8E7FC01CBE180C7802E
:100D5000E04BB7C2E7FC0094E02014041480E0E00C
:100D600015503D28E000DD84E000140024023C0121
:100D700014001480EFFEDAF73A8000003A8008B4DD
:100D8000E00E3421E400C43CE089113C3918E01F36
:100D900017AA3F9E91A2920F34AC1403E684C9C3F4
:100DA00039C9C202EFFDDBD93CE33C64D1D4B1A226
:100DB0000A6108B4E00E3421E400C43CE089113C2F
:100DC0003918E01F17AA3F9E91E2920FE7FE1780A5
:100DD000C48139DF140339C9C206EFFDDBBE3CE331
:100DE0003C64D1B9B1E20A6108B4E01F17AAE00E71
:100DF00034213F9E920F352A39E81403E0023D1951
:100E0000C210EFFDDBAA3CE23C64D1A5E400C1BC0A
:100E1000E08917BC399FE002B1030A6108B4E01F02
:100E200017AAE00E34213F9E920F352A39E81403A9
:100E3000E0023D19C21AEFFDDB903CE23C64D18B2D
:100E4000E400C1BCE08917BC399FE003B1230A610B
:100E5000E400C43CE08917BC3C1FE0029788E00E28
:100E600037CAAF0AE686CFEFB789E00397A8E00E4E
:100E700037CAAF1AE686CFEFB799388208B7E01FB6
:100E800017AAE00E34213F9E920F396814033B6A83
:100E90003AEB3BE9EFFDDB613C643CE7C40BD20E6F
:100EA0003FE2E400C7BCE08911BC399F3FE2E400A7
:100EB000C78CE08B112C391FE001B3B33C643CE6D6
:100EC000C40CB3B2D1FB3C64E001B3433CE5C40DB8
:100ED000B342D1F4E001B2D3B2D20BE108B6E01FC5
:100EE00017AAE00E34213F9E3B6939683CEB143B66
:100EF00039EB3A6A928FD12F1403E84371E7E4008B
:100F0000C13CEFFDDB2AE08917BC391F91A2E7EF56
:100F100017FF3FD3E003332B39CF3C65C4023CE3DA
:100F2000D11AB1A2E7FE157F91823C653D53E003E3
:100F3000322739CA3CE3D10FB1820B6108B4E00E0D
:100F40003421E400C43CE089113C3918E01F17AAA1
:100F50003F9E9182920FE77F17FF39DF34AE140373
:100F600039C9EFFDDAFA3CE33C64D0F5B1820A619D
:100F700008B239683CE81439D0EEE843716509617C
:100F800008B4E00E3421E400C43CE089113C391877
:100F9000E01F17AA3F9E9192920FE78F17FF39DF4C
:100FA00034AB140339C9C201EFFDDAD73CE33C642A
:100FB000D0D2B1920A619708E7FE1783E200CC8392
:100FC00035253FDE3D4F0184CD0CB5083882E20067
:100FD000CC8401FCCD1000FA08B4E00E3421E4000A
:100FE000C43CE089113C3918E01F17AA3F9EE0017C
:100FF0009192920F34AE1403E682C9A339C9C20993
:10100000EFFDDAAB3CE33C64D0A6E001B1920A61AB
:1010100008B4E00E3421E400C43CE08911BC3998E6
:10102000E01F17AA3F9EE0019113E68ECCA9920F14
:10103000E68ECD4AE78717FF3D49395F1403394AE9
:10104000C209EFFDDA8A3CE23C64D085E001B113CD
:101050000A6108B4E00E3421E400C43CE089113C8C
:101060003918E01F17AA3F9EE00191A2920FE79F57
:1010700017FF39DFE68ECCA9140339C9C20AEFFD88
:10108000DA6C3CE33C64D067E001B1A20A6108B4C9
:10109000E00E3421E400C43CE089113C3918E01F23
:1010A00017AA3F9EE00191A2920FE7E717FF39DFF1
:1010B000E68ECCC9140339C9C20AEFFDDA4E3CE30F
:1010C0003C64D049E001B1A20A6108B5E01F17AA4B
:1010D000E00E34213F9E39E8928F3FE3E400C7BC25
:1010E000E089123C3A1F9154E7FF17BF395F34A6DD
:1010F00014033949C285EFFDDA303CE23C65D0DEAD
:10110000E400C18CE08B17AC399FB154B1230AE1E4
:1011100008B215823968150A1409D0E41582150C35
:101120003CE214090921E00100DEE80F57FD1681B9
:10113000E005970F3422E708CF2DE005B70F16839F
:10114000E005970FE1C0C400E708CF2D9408E00543
:10115000B70F3882E80F57FD1681E005970F34224C
:10116000E708CF2DE005B70FE1C0C400B4881683AF
:10117000E005970FE708CF2DE005B70F3882E80F9D
:1011800057FD1681E005970F3422353DE708CF2D36
:10119000E1C0C4003D19E005B70F3CFA0189E00544
:1011A000970F1683E708CF2DE005B70F3882E1804F
:1011B0009728E180B71900F2E80F57FD1681E00586
:1011C000970F3422353DE708CF2DE1C0C4003D190B
:1011D000E005B70F3CFA0189E005970F1683E70891
:1011E000CF2DE005B70F3882E1809719E180B7284D
:1011F00000F2E80F57FD1682E005970F343DE7082F
:10120000CF2DE005B70F1683E005970FE1C0C400AE
:10121000E708CF2D9408E005B70F3882E80F57FD97
:101220001682E005970F343DE708CF2DE005B70F94
:10123000E1C0C400B4881683E005970FE708CF2DFE
:10124000E005B70F3882E80F57FD1682E005970FCB
:10125000343D3521E708CF2DE1C0C4003D19E0053C
:10126000B70F3CFA0189E005970F1683E708CF2DE9
:10127000E005B70F3882E1809728E180B71900F2C6
:10128000E80F57FD1682E005970F343D3521E7083A
:10129000CF2DE1C0C4003D19E005B70F3CFA01892C
:1012A000E005970F1683E708CF2DE005B70F3882CA
:1012B000E1809719E180B72800F2E80F57FD168307
:1012C000E005970F3422E708CF2DE005B70FE1C006
:1012D000C400B488E005970FE708CF2DE005B70FED
:1012E000388208B4C07E39EB748139683A6ADF1EEF
:1012F000E200C98F5481028E178137B3C7FF37B41C
:10130000E3083C5F17FFE00B37B3E3093CDB34B481
:101310003CC83C62C0020A21E7FE009E08B4C07EC1
:1013200039EB748139683A6ADF65E200C98F54810C
:10133000028E178137B3C7FF37B4E3083C5F17FF4E
:10134000E00B37B3E3093CDB34B43CC83C62C00279
:101350000A21E7FE00E508B5396839E93A6A3AEB4F
:10136000DFC13DE53D643CE33C620AA100D8E80FE3
:10137000577E168197AEE6A9CC18E70DCF9DB7AE84
:10138000E6A9CC99E80F57DAE009B6EFE008B6AF66
:10139000E001968FE728CE88E001B68FE001968FB6
:1013A000E720CE89E001B68F1680E009B52F97AE11
:1013B000E70DCF9DB7AE3882E80F577E168197AE06
:1013C000E68ACC28E70DCF9DB7AEE6AACCA9E80FF8
:1013D00057DA3C98E00AB68FE00FB68F1680E00D22
:1013E000B4CFE00DB4EFE00EB48FE009B54F97AE87
:1013F000E70DCF9DB7AE3882E8824F57E80F57DA36
:10140000271E1700E003B74FE003B46F1701E00495
:10141000B70FE003968FE6AFCEFD26961700E88261
:101420006F571681E003972FE003972FE700CF1D3A
:10143000E003B72F1700E004B70F3882E003B44F82
:10144000E003B76F00E4E00896CF26E4E009B70FA9
:1014500000E108B2E80F57FE1681972F3968E70DB3
:10146000CF1DB72F9738E80F57DAB72F9748B74FE8
:101470009758B76F8F088E9837283F1DE001B72F18
:101480009728E002B72F8EA8970FE700CF5DB70F20
:1014900094682407E200CC020593E200CC04011A10
:1014A000DFACE80F57DA1680E00497CFE001B7828F
:1014B000E80F57FE972FE70DCF1DB72F0961970F44
:1014C00016DF3F5DB70F8F32968F37253F4DB70F31
:1014D00000E88EB2970FE70BCF1D00FA08B1E80FB6
:1014E00057FE1681972FE70DCF1DB72FE80F57DA5C
:1014F0009738B72F9758B76F8F088E9837283F1DAA
:10150000E001B72F9728E002B72F8EA8970F14108D
:10151000E700CF5DB70FE001B4CFDF6FE80F57FEF4
:101520001680972FE70DCF1DB72F08E108B3E80FFE
:1015300057FE1681972F1180E70DCF1DB72F396900
:10154000E80F57DA9728B72F9748B74F9738B76FF4
:101550008F188E8837283F1DE001B72F8F28E002B3
:10156000B70F9758E002B1AFE001B74F9768E001BD
:10157000B76F9778E002B74FE0019708E002B76FC6
:101580008EB8970FE0021400E707CF1DB70FDF35C5
:10159000E80F57DAE005970F3746AF02E005970FDF
:1015A000E6AACF2EAF12E005972FB712E005974FAE
:1015B000B722E006972FB732E006974FB742E00513
:1015C000976FE006978FB752B7E2E80F57FE972F55
:1015D000E70DCF13B72F09E108B2E80F57FE1681C8
:1015E000912F972FE6A2C972E70DCF1DB72FE80FF5
:1015F00057DA9718B72F9728B74F9738B76F8F08D4
:101600008E9837283F1DE001B72F1700E002B72F53
:10161000E0001440970FE70ECF19B70FDEEEE80F8A
:1016200057FE972FE70DCF12B72F096108B48F88A7
:10163000396889989438E0011572E00114FF34216B
:10164000E12339EFE000D914E80F57FE1481972FFA
:10165000168BE70DCF19B72F3C62E80F57DAE4027B
:10166000C181E001920FE001970FE728CF0DE00163
:10167000B70FE001970FE720CF0DE001B70FDFAD07
:10168000E80F57DA9732E001B20FE0081400B72FE5
:10169000E001B1AFDEB2E80F565A17809732E20090
:1016A000CF833EEF3F1FE201C6FF37210295E007DF
:1016B000968CE00B37A236DBC781E6ACCECDE200DC
:1016C000CF8BB68E01ECE80F57FE1680972FE70DF3
:1016D000CF1DB72F0A61E200CE870284E00796ACE7
:1016E00000E9E00796CC00E608B2E80F57FE168145
:1016F000972FE70DCF1DB72F9738E80F57DAB72F81
:101700009748B74F9758B76F8F088E9837283F1D67
:10171000E001B72F9728E002B72F8F382F1F968F41
:1017200034A8E707CE9E3D49B68FE001B54F1100C2
:10173000970F1408E708CF12B70FE002970FE001E8
:10174000CF03E002B70FE001B16FDE57E80F57FE9D
:10175000972FE70DCF12B72F0961E200CF0101E803
:10176000968FE707CE9EB68FE001B4CFE0018EF8EA
:10177000970FE706CF1DB70F00DB08B1E80F57FE44
:101780001681972FE70DCF1DB72FE80F57DA97383F
:10179000B72F9748B74F9758B76F8F088E9837284D
:1017A0003F1DE001B72F9728E002B72F970FE707FB
:1017B000CF19B70F970FE0018EF8E706CF1DB70FCF
:1017C000E0018EE8970FE709CF1DB70F8EB8970F8E
:1017D000E0201400E705CF1DB70FDE0FE80F57FE1E
:1017E0001680972FE70DCF1DB72F08E108B1E80F3E
:1017F00057FE1681972FE70DCF1DB72FE80F57DA49
:101800009738B72F9758B76F8F088E9837283F1D96
:10181000E001B72F9728E002B72F970FE0018EF86D
:10182000E706CF1DB70FE0018EE8970FE709CF1D40
:10183000B70F8EB8970FE705CF1DB70F9468DDDDA2
:10184000E80F57FE1680972FE70DCF1DB72F08E141
:10185000E80F577E1581962E97AE1500E70DCF9BAA
:10186000B7AEE6A2CE7CE80F57DAE00C96AFE70100
:10187000CE99E00CB6AFE00C96AFE703CE9AE00C41
:10188000B6AF96E8E00CB6CF96F8E00CB6EFE00104
:101890009688E00DB68FE0019698E00DB6AF8EE821
:1018A0008D7836A83E9AE00EB6AFE0018E88E00152
:1018B0008D1836A83E9AE00EB6CFE0018EA8E00162
:1018C0008D3836A8E00194283E9AE00EB6EFE0028B
:1018D000B42FE00C96AFE700CE9BE00CB6AFE00C67
:1018E000B58FE003968FE6AECEFD2690E00396AF6F
:1018F0001581E701CE9BE003B6AF1680E00CB68FF2
:1019000097AEE70DCF9CB7AE3882E00F96AF26EAD0
:10191000E00F96EFCE81E00FB6EF00E4E80F57FF3F
:10192000974FE6A3CF7EE0613E82E7EF167F3EDC75
:10193000E0613E92968FE6A3CEFD268696AF160115
:10194000E70CCE9CB6AF96CFE70CCE9EB6CFE0614B
:101950003F82E010CF80E0613F923882E80F57FF6E
:101960001700E002B72FE004B74F8EA8E002972FD0
:10197000E700CF5DE002B72F8EB8E002972FE705B2
:10198000CF1DE002B72F8EC8E002972FE706CF2DBC
:10199000E002B72F9688E004976FE700CF3DE004A0
:1019A000B76F9708E200CF01011A9708E200CF0154
:1019B00005968ED8E002972FE708CF5DE002B72F9B
:1019C0008EE8E002972FE70DCF1DE002B72F8EF8CB
:1019D000E002972FE70ECF2DE002B72F3882E80FF5
:1019E00057FF1681E002974FE701CF1DE002B74F86
:1019F000388208B2E8824F56E0D917B4E400C70A2B
:101A000039693F9E3CE88C4FDA9AE80F57FFE008AF
:101A1000970FE700CF12E008B70F096108B3E8821B
:101A200049D9E8824FD927AC1780E8826FD81100D6
:101A3000E80F57FE143C972FE70CCF12B72FEFFC9F
:101A4000D348E80F57FD1681E001972F140AE702EB
:101A5000CF1DE001B72FE001972FE702CF12E00181
:101A6000B72FE80F57FE972FE70CCF1DB72FEFFCCE
:101A7000D330E8826959E8206900E88769793C63D6
:101A800009E1E80F57FF1700E00196EF1601E70F95
:101A9000CE9EE001B6EFE00196EFE709CE9EE001B1
:101AA000B6EFE00196EFE701CE9CE001B6EFE0046F
:101AB00096EFE704CEEEE004B6EF3882E80F57FF6A
:101AC0001701E00196EFE70FCE9EE001B6EFE001CF
:101AD00096EFE709CE9EE001B6EFE00196EFE70151
:101AE000CE9EE001B6EFE00496EFE704CEEEE00410
:101AF000B6EF3882E80F57FE170196AFE704CE9E87
:101B0000B6AF96AFE70ECE9EB6AFE80F56DB966D3A
:101B1000E702CE1EB66D1700E8E06F4A170096AFD9
:101B2000E704CE9EB6AF96AFE70ECE9EB6AFE8E026
:101B30006F493882C07E1780E80F575B7781168126
:101B400097EEE708CF9DB7EE97EEE6AECFFF2F8B6F
:101B5000578116813E9FE24ECF90768105F6178120
:101B6000E8E06FCAC0023882C07E17807781E80F34
:101B700057DB976FE6AACF7E2F08976FE6ABCF7E35
:101B8000270F1701E8E06F4A1681976FE707CF1D0F
:101B9000B76F976FE708CF1DB76FC0023882570144
:101BA00016813E9EE24ECF10768105E400EB08B52B
:101BB0001183396812001280E8E06A4ADFBCE80F3E
:101BC00057DBB14FB2AFDFD1E8E04FCA2789C1FF81
:101BD000E201C1FF29F23C62E201C47F0AE1E80FA1
:101BE00057DB912F00F908B5110339E83A691280E3
:101BF000E8E06ACADFA0E80F57DBB1CFB20FDFB56C
:101C0000E8E04FCA2785C17FE201C17F29720AE15E
:101C100008B11781E8E06FC91681E80F57FE972FCA
:101C2000E704CF1DB72F972FE70ECF1DB72FDFC0CB
:101C3000E80F57FE170096AFE704CE9EB6AF96AFFB
:101C4000E70ECE9EB6AFE8E06F4908E108B1178114
:101C5000E8E06FC91681E80F57FE972FE704CF1D04
:101C6000B72F972FE70ECF1DB72FDFBEE80F57FE18
:101C7000170096AFE704CE9EB6AF96AFE70ECE9EA6
:101C8000B6AFE8E06F4908E108B2C05C39683C6073
:101C900015241480C402D5EB291BE8CF4FCDE86C86
:101CA00055556F833C60E8CF4FCCE86C54D56F82BC
:101CB000E09417FC37C17784E201C57FE86657BF1F
:101CC000E201C4FF37C1C40277857786DD0EC024E8
:101CD000096108B7C0743BEAE400C38AE0D917B4CD
:101CE000E00E3F973A693CE0C48C11003AEA3B6849
:101CF0003D608C4EE1C0B119C50877817104710552
:101D0000D8A8E86C57443C657703EFFBDF6C39E8F3
:101D1000EFFDD335E82E4F7CE200CF010103E82E22
:101D2000697CE009150014803C66D5A1E009150026
:101D300021B614803C64D59BE0A617FC7782E80F9F
:101D400057FF97EFE8675763E6A5CFFFE706CF1F7A
:101D5000E8677763EFFDD189247EEFFDD1403FE650
:101D6000C7FE1100E09D16FC5703397E019F21A894
:101D70001401EFFDD2BB57823F643121C77E391F6A
:101D80003FF2E00001C63CE53C66EFFDD1033C6458
:101D90003CE5EFFDD0FF1401C00C0BE13CE33C64DB
:101DA000D566E09D177C770200CBE00E31213F1D08
:101DB000960EE080971FC1013F1CB70F00D6178118
:101DC000E8546FF1E0D917B43F978C4F4D083CE3CE
:101DD0007781D80B57814D098C4F3CE3D820EFFD1C
:101DE000D2CEEFFDD142247EEFFDD0F91780E8542A
:101DF0006FF1E0D917B43B9F4D088C475485EFFF36
:101E0000D7F54D098C475486D80AE7FF00B6E18024
:101E1000961FE080969E3E9CB68EE7FF00B3E86674
:101E200054BFE094157C3C69E77D009108B7E886D3
:101E30004AFC3B68E001147FE08210DC3E681680BB
:101E40001181120211033AFD01820BE13EFA0128D1
:101E50008F818F11E00F3B2FE0413FAFE201C7FFC1
:101E6000E00E3CAEE0413F2EE12739AFE201C77FF3
:101E70002384E12739AE2B9BE1273A2F2384E127E6
:101E80003A2E2B932589E12F392F2786397E3FE281
:101E9000E06F3CAC3E6FE1283E58E201C47FC68152
:101EA000E201C6FFC08200D0160200F6140100CE87
:101EB0003D7802913F69C77F3F2A3C7EE00F3C2A74
:101EC000E201C7FF020EE0083529E002C4003448F1
:101ED000AF8B3882C4013C1AE201C47F178000F93D
:101EE000E0083D283C19E201C47F00F308B6E8CFC2
:101EF0004FCD3B69E0A63F88E08B17FC33213F962E
:101F0000E88B4F5D918F39AEE200C980E000056239
:101F1000E841512D3AE897F23A693FF30206E001B1
:101F20008FA2C781E001AFA216818F02E00E3C2E86
:101F3000E0413F2EE201C77FE12E3F1D2F0B8F9224
:101F4000E00F3CAFE0413FAFE201C7FFE12F3F9D13
:101F500027948FC28D22E200CF8205BC8FD2E2008F
:101F6000CF8205B81581DF633FE8C7FEE201C7FFF6
:101F7000E200CF8102B131813DE2C592979BE00141
:101F800097123F93E00C318FE02E3F7CE001B712B7
:101F9000B79BE8204F8B2789E87057A73F96928F11
:101FA000E87057A63B1F92063EE2C696979DE00159
:101FB0009732E08E3985E001B732B79D3EE2C69A8E
:101FC000E0019752979DE08E3984E001B752B79DAA
:101FD0000B61158000C9E200CC011780E06F39A3C6
:101FE00039EF00CB08B7C07EE841512D3F62C712E0
:101FF000E0019792969E3FCD2F85E001B792178121
:10200000B79EE8204A8B2A9B3D62C516961AE001CE
:1020100097323DE2C59A969BE00197D2E009364A95
:1020200037263F49E001B7323626E00E36CA37A6DA
:10203000B61A3FCE36A6E001B7D2B69BE00191A218
:10204000E0019312E0019432E00194C23DE33D6669
:10205000D3B33A69E0019452E00194E23DE33D6676
:10206000D3AB8FB2E08211DCE400C78EE00E399F63
:10207000E00022F71680E0243A6DE0293CEDE0070D
:10208000B26E3F93E007B4FEE0018F22E200CF2062
:10209000E00002EDE010AF2F13018C22EFFBDC8C8F
:1020A000E84152ADE0263C668D95E00025E3E8CF9F
:1020B0004FCF3F6FC77F3DFEE000015CE200CD8166
:1020C000E000015BC7FEE02B3D8F35A28F0527089E
:1020D000E8CF4FCE3EEFC6FF3F7DE00001D1C58681
:1020E000E201C5FFE88B4FF1E0019215E001912577
:1020F000E00B3FABE00A358F3C643CE2D35D8FB52B
:10210000E00A330F138E3BBF3D78E00D39973FEA6D
:102110003F66028401853B7905833FE83F693C6F58
:10212000E00017FFE08E3F5FE400C47F3DE63C1E09
:102130003CEF7681D37A5681E00F3997E010AC9D61
:102140008F25E008B23F3721399E8F03E008B14F59
:10215000E010AF3F8F13E010AF4FC0020BE1C22081
:10216000C4A0E007B26EE7FF008E1720E7FF0094DF
:102170001586E7FF00AD1584E7FF00AAE200CF0156
:102180000105C7FE3F7FE7FF01AFC584E7FF00AA57
:1021900008B6C0623B683C6A39E93AEA3A6BEFFB41
:1021A000DC0B1783E0283C3FE84557F974083C7F77
:1021B00003027788E00E32A1E08217DC3F9E39608F
:1021C0008C0F8F9FC102E8CF4CCCAF923DE01780BF
:1021D000C5883D66E001AFA21780778A778B778C40
:1021E000778D778E778FA9D26C02AAA2AA32AB42E2
:1021F000DE60AC723DE0E8CF4CCD8C123D63C58A09
:10220000DE588FF289E2E841712D3F93AFF2E00191
:102210008F823C1FE001AC128FF23FF30284DEE3B9
:10222000C01E0B61E0018A02E0018F923FF402853B
:10223000C181E201C1FF00F13CE43C63C201DE5711
:10224000E201C27F00F208B7C0703A601100E003FB
:1022500017FFC2103BE83F69E1C0B7B43B62778526
:10226000710671073FE0C78E3F9239E6E0053A12EA
:10227000778400821181E00F3A938C0F57843C17CA
:102280003F938C8FE201C47FE0433E083C9EE20115
:10229000C4FFE02D3E0AE0433F892684E02D3F8BBA
:1022A0002EABE84156AD80ED38FC022680FD38FCAF
:1022B0000523E001808D38FF021FE001809D38FF7B
:1022C000051BE8CF48CDE0AF388C966D3E1F888C5B
:1022D000289337A1E08B10FC3F91E001968D978FFA
:1022E0003FFD020A1782AF8C770375027581DDFF0F
:1022F000558155025703E7FF21BFC102E200C9041F
:10230000E7FF01B2C0100BE108B73BE839E83969D3
:10231000C3FFE8CF4FCD3F62E0AE3F83E84157AD0A
:1023200097EF3F9E8F0FE0012F453AE33A62168107
:10233000E201C2FFE201C27FAE8F3CE43C65DDD723
:10234000E841562D8FEC39FF051DE8CF4FCD3F6298
:10235000E0AE3B8F97EC3F9E8E8F2E94E08B15FC6A
:1023600037213F1B958EE001970C3C65C47F3DFEF5
:10237000E201C47FE0433B08E000057B3CE23C66B1
:10238000DFC4E841562DE0018F8C397F051EE8CF70
:102390004F4D3FE2C7FFE0AF3F0396EC3E9F8F0DEE
:1023A0002F14E08B15FC37A13F9B958FE001978C94
:1023B0003CE4C4FF3DFFE201C4FFE0433B09E00011
:1023C00005633CE63C63DFA1E841562D3FE38F7C8B
:1023D000C7813FFE031EE8CF4F4D3EE2E0AD3F0F09
:1023E00097EC3F6D3F9D8E8F2E94E08B15FC37212F
:1023F0003F1B958EE001970C3C65C4013DFEE20158
:10240000C47FE0433B08E000054A3CE23C66DF7DD8
:10241000E84156AD3FE2E0018F1DC7813FFEE0007D
:102420000349E8CF4F4DE0AF3F03976D3F1F8E0E3E
:10243000E0002E40E08B167C37A13F9C960FE00118
:10244000978D3CE4C4813E7FE201C4FFE0433A093A
:10245000020C17823C65AF8EDD4A3DE23D633CE4F1
:102460003C630BA1E7FD00F13964E7FE00D41702DD
:102470003CE4AF0FDD3C3DE23D633CE23C66DEE424
:10248000E7FF008117823C65AF8DDD313DE23D63A2
:102490003CE63C63DED9E7FF009917023CE4AF0F4E
:1024A000DD263DE23D633CE23C66DECEE7FF00B266
:1024B0000BE108B7E1FBC0143AE83C6A3A693B6AB1
:1024C000396BE8CF49CDEFFBDA771783E0283C3F43
:1024D000E84557F9740F3C7F0302778FE00E3321F4
:1024E000E08217DC3F9E8C0F8F9F691311006F9164
:1024F00017806F9A3FE0C790E001B12F3FE0C7908F
:10250000E8CF4CCCE001B14F3DE03FE0C7903D65E6
:10251000C596E001B16F6B126A943AE26A156C10CD
:10252000711171137115DCC5E8CF4CCD6C173DE00E
:102530004C113D64C598DCBD4E914B907683E0AD67
:102540003B83E08B167C36A13E9C948D1686C4811D
:102550004B18E02D3CBD4F964F1776863EE6E0AD1A
:102560003F833F1F3C163DE0C5AEE201C47FE00A59
:1025700036A1E201C77F7382E00731A1758E3E9BD1
:102580003A6274013E1A6F173DE26C19711073873D
:102590003F7F02BD258615003C643CE5D146749022
:1025A0003FE0C7905683E84177ADE0433C8D5782CA
:1025B000E0433C0FDEAADD17E004C06C0BE1E00253
:1025C00030A1E0083E911380391CAB8891025386FC
:1025D000E0283917240EE0273C92238B71053C60DC
:1025E000310FC408710494183A98E0243A72C581F6
:1025F000C501E201C57FC08154013C7A02E1550763
:10260000C781E201C7FF3E933E1A00C33D661080BA
:1026100000F42C0AE09D17FCE86677BEE0B817FCD2
:10262000E86677BF388208B13C69EFFBDADC240A40
:10263000E0A617FCE86677BEE0C117FCE86677BF46
:1026400008E1E09D17FC00F7E8D94F9EE86654408A
:10265000E86654BE2F83E77300BFE866553F1581D7
:10266000E774009608B3E1FFC022E80B4F0C178017
:10267000E00C3743E08316D43DEFC781E201C7FF8A
:102680003E7FE180AD9D03FA3FE0C7A437C1E0CDB6
:1026900011D2778CE00F31C1778B3CE0E8CF4FCC83
:1026A000E86656C06F913C60E8CF4FCD11006F9047
:1026B00036C1E84557F0C77F778DC482E84557F1AA
:1026C000C410778EE84557F5E843713E778FE845AB
:1026D00057F6E843713F7790E8204F81E843714017
:1026E0006F93E8437141E84371436F12768AEFFFBD
:1026F000D71F57824D82E84377BF140157834E039B
:10270000E84377C05786E8866DFCE84377C1578772
:10271000E8866E7DE8876F8437C8E8876F855784C1
:10272000E84377C35785E8876F8837C8E8876F899C
:10273000E08217DC3D6F3CEF3DF2C502018A3EE0CE
:10274000C6A217003E7EC782019CE000C05E09E180
:10275000E6A5CE823E99E00F888DE6ADCF52E00E21
:10276000343E3F41E00FAF0DC101E1809713E2011C
:10277000C17FE00D3748E040AEAAE040AF1A00DD6F
:10278000E080959DC701E00A35C8E201C77FE007F8
:10279000AD2FE007ADBF00D708B11780E8876F9174
:1027A000DF62E8CF4FC4E200CF810185E8864FFCAD
:1027B000E8876F9008E108B3E200CC003F683FE98A
:1027C0003E6A3EEB032D1500E04139C93E7AE12215
:1027D0003D783F623FE303191101E0413ECD158092
:1027E000E12C3DFC3C6E3CEF3D6C3DEDD01E3F6866
:1027F0003FE92908E0413ECF1580E12C3DFE3F6CCA
:102800003FED3C6E3CEF09E13D6C3C623CE3D00D9A
:102810003F683FE900F03D6C3C6E09A10086E20094
:10282000CD00037A110000DA0081160016803E1CEC
:1028300017210092E02D3EFDE02C3E7C17803E7A71
:10284000048B01833EFB04883EABE12C3E7AE060C2
:102850003F82E400CF90C77FE0603F92E0293CF9DF
:10286000E0283C78E200CF0001E638823D183FE8DE
:102870003FFA01823882E180AC9F00FB3F6AE200B0
:10288000C710E00F34C1E0413E8AE200CF0037DDDF
:1028900034BA343A3C4F3FE9E06F39283C6F178037
:1028A000E06939AF38823F6AE200C710E00F342197
:1028B000E0413E8AE200CF0037BD345A34DA3CCFE3
:1028C0003FE8E06F39293CEF1780E06839AF388284
:1028D000E00C3CC8E6AFCE7C3DEA3FE93EE8261876
:1028E0003FE8C7FF3D193CFA01BB3882E040964FF4
:1028F000E040973FE040B64DC578E040B73DE0404E
:10290000962FE040971FE040B62DE040B71DE20053
:10291000CD07C688C78802EBE00E35C3E00D37232C
:10292000E5FFC778E00F3C1D3C9D3F1B3E6FC67E18
:102930003EE9E00A3C9EE00B3D2DE200CD81020B1A
:10294000E00A3741E00D3521E5FFC57E3F9D3C9D06
:102950003D1E00C8E180959DE080B59C00EDE180C2
:102960008F19E080AF1F00C0F600FE00FF010F03CB
:1029700068083CB845FC5A1F0100000000009000A8
:102980000001000090000001000030000000000085
:102990000000030000000001000000000100000032
:1029A000000000000000FF640601140F001BF1008E
:1029B000F000FD000101FFFF1A921AB41AC01ACCF0
:1029C0001AD2555047524144452066CC9933464C63
:1029D0004147742474B274BA751275120100000173
:1029E000FF00010200FF01020001FF02000102FFDF
:1029F0000102040810204080708F00FFDA2503FCDC
:102A000003FC01FE3BC401FE01FE02FD0AF501FECE
:102A1000000000000000C8375030303100000000D6
:102A200000000000000000000000000000000000A6
:102A300000000000000000004330303100000000C2
:102A40000000000000000000000100010001010181
:102A50000101010101010101010101010101010166
:102A600001000101090920201220122000000101AB
:102A70000000000000000000000000000000000155
:102A80000120000000000000000000000000000025
:102A900001200120000000000120012000000000B2
:102AA00000000000001A001B001C001D001E001F7B
:102AB00000000001000200030004000500060007FA
:102AC00000080009000A000B000C000D000E000FAA
:102AD000001000110012001300140015001600175A
:102AE00000180019003A003B003C003D003E003F4A
:102AF00000200021002200230024002500260027BA
:102B000000280029002A002B002C002D002E002F69
:102B10000030003100320033003400350036003719
:102B200000380039005A005B005C005D005E005F09
:102B30000040004100420043004400450046004779
:102B400000480049004A004B004C004D004E004F29
:102B500000500051005200530054005500560057D9
:102B600000580059007A007B007C007D007E007FC9
:102B70000060006100620063006400650066006739
:102B800000680069006A006B006C006D006E006FE9
:102B90000070007100720073007400750076007799
:102BA00000780079009A009B009C009D009E009F89
:102BB00000800081008200830084008500860087F9
:102BC00000880089008A008B008C008D008E008FA9
:102BD0000090009100920093009400950096009759
:102BE0000098009900BA00BB00BC00BD00BE00BF49
:102BF00000A000A100A200A300A400A500A600A7B9
:102C000000A800A900AA00AB00AC00AD00AE00AF68
:102C100000B000B100B200B300B400B500B600B718
:102C200000B800B900DA00DB00DC00DD00DE00DF08
:102C300000C000C100C200C300C400C500C600C778
:102C400000C800C900CA00CB00CC00CD00CE00CF28
:102C500000D000D100D200D300D400D500D600D7D8
:102C600000D800D900FA00FB00FC00FD00FE00FFC8
:102C700000E000E100E200E300E400E500E600E738
:102C800000E800E900EA00EB00EC00ED00EE00EFE8
:102C900000F000F100F200F300F400F500F600F798
:102CA00000F800F9011A011B011C011D011E011F82
:102CB00001000101010201030104010501060107F0
:102CC00001080109010A010B010C010D010E010FA0
:102CD0000110011101120113011401150116011750
:102CE00001180119011A011B011C011D011E011F00
:102CF00001000101010201030104010501060107B0
:102D000001080109010A010B010C010D010E010F5F
:102D1000011001110112011301140115011601170F
:102D20000118011900FA00FB00FC00FD00FE00FF85
:102D300000E000E100E200E300E400E500E600E777
:102D400000E800E900EA00EB00EC00ED00EE00EF27
:102D500000F000F100F200F300F400F500F600F7D7
:102D600000F800F900DA00DB00DC00DD00DE00DF47
:102D700000C000C100C200C300C400C500C600C737
:102D800000C800C900CA00CB00CC00CD00CE00CFE7
:102D900000D000D100D200D300D400D500D600D797
:102DA00000D800D900BA00BB00BC00BD00BE00BF07
:102DB00000A000A100A200A300A400A500A600A7F7
:102DC00000A800A900AA00AB00AC00AD00AE00AFA7
:102DD00000B000B100B200B300B400B500B600B757
:102DE00000B800B9009A009B009C009D009E009FC7
:102DF00000800081008200830084008500860087B7
:102E000000880089008A008B008C008D008E008F66
:102E10000090009100920093009400950096009716
:102E200000980099007A007B007C007D007E007F86
:102E30000060006100620063006400650066006776
:102E400000680069006A006B006C006D006E006F26
:102E500000700071007200730074007500760077D6
:102E600000780079005A005B005C005D005E005F46
:102E70000040004100420043004400450046004736
:102E800000480049004A004B004C004D004E004FE6
:102E90000050005100520053005400550056005796
:102EA00000580059003A003B003C003D003E003F06
:102EB00000200021002200230024002500260027F6
:102EC00000280029002A002B002C002D002E002FA6
:102ED0000030003100320033003400350036003756
:102EE00000380039001A001B001C001D001E001FC6
:102EF00000000001000200030004000500060007B6
:102F000000080009000A000B000C000D000E000F65
:102F10000010001100120013001400150016001715
:102F200000180019AA220807000000092E00AA2292
:102F30000907010000092E00AA220607020000036B
:102F40002E02000A1E201400640DAC00C8012C01E2
:102F500018011809C407D007D001900190012C086E
:102F6000D401B30103061F5A000000000000000056
:102F700000000000000000000000005AC70100012E
:102F80008001002001DA0000004000010100010181
:102F900000DF000000000000000000001E00000034
:102FA0000000000000000000000000000000000021
:102FB0000000000000000000000000000000000110
:102FC000C801A855A0AB6818A60000000002400484
:102FD0000002D001683F3F01C201C200FF010006AC
:102FE0004003203F3F01E001C201000100012C002D
:102FF00048000201050102020404068000C813888B
:10300000080506012C025803201F4022025800C860
:1030100000142E68000209070B000258012C04B0AE
:1030200002580F0F00500280005005F00032019A44
:10303000019A032000C80028001E0080016800DCFF
:10304000003C03E803200168003C03E8002002B0D4
:1030500000000640006400A000A00640012C001CF7
:1030600000170017001700170017001700170017A8
:103070000017001700170017001700170017001798
:103080000017001700170017001700170017001788
:10309000001700170017001700170017001900424B
:1030A000003C003C003C003C003C003C003C003C40
:1030B000003C003C003C003C003C003C003C003C30
:1030C000003C003C003C003C003C003C003C003C20
:1030D000003C003C003C003C003C003A003C006AE4
:1030E00000640064006400640064006400640064C0
:1030F00000640064006400640064006400640064B0
:10310000006400640064006400640064006400649F
:103110000064006400640064006300640064009064
:10312000008C008C008C008C008C008C008C008C3F
:10313000008C008C008C008C008C008C008C008C2F
:10314000008C008C008C008C008C008C008C008C1F
:10315000008C008C008C008C008C008C008C00B8E3
:1031600000B400B400B400B400B400B400B400B4BF
:1031700000B400B400B400B400B400B400B400B4AF
:1031800000B400B400B400B400B400B400B400B49F
:1031900000B400B400B400B400B400B400B400DC67
:1031A00000DC00DC00DC00DC00DC00DC00DC00DC3F
:1031B00000DC00DC00DC00DC00DC00DC00DC00DC2F
:1031C00000DC00DC00DC00DC00DC00DC00DC00DC1F
:1031D00000DC00DC00DC00DC00DC00DC00DC0106E4
:1031E00001040104010401040104010401040104B7
:1031F00001040104010401040104010401040104A7
:103200000104010401040104010401040104010496
:103210000104010401040104010401040104012C5E
:10322000012C012C012C012C012C012C012C012C36
:10323000012C012C012C012C012C012C012C012C26
:10324000012C012C012C012C012C012C012C012C16
:10325000012C012C012C012C012C012C012C0154DE
:1032600001540154015401540154015401540154B6
:1032700001540154015401540154015401540154A6
:103280000154015401540154015401540154015496
:103290000154015401540154015401540154017C5E
:1032A000017C017C017C017C017C017C017C017C36
:1032B000017C017C017C017C017C017C017C017C26
:1032C000017C017C017C017C017C017C017C017C16
:1032D000017C017C017C017C017C017C017C0197EB
:1032E00001A401A401A401A401A401A401A401A4B6
:1032F00001A401A401A401A401A401A401A401A4A6
:1033000001A401A401A401A401A401A401A401A495
:1033100001A401A401A401A401A401A401A401C465
:1033200001CC01CC01CC01CC01CC01CC01CC01CC35
:1033300001CC01CC01CC01CC01CC01CC01CC01CC25
:1033400001CC01CC01CC01CC01CC01CC01CC01CC15
:1033500001CC01CC01CC01CC01CC01CC01CC01EAE7
:1033600001F401F401F401F401F401F401F401F4B5
:1033700001F401F401F401F401F401F401F401F4A5
:1033800001F401F401F401F401F401F401F401F495
:1033900001F401F401F401F401F401F401F4021068
:1033A000021C021C021C021C021C021C021C021C2D
:1033B000021C021C021C021C021C021C021C021C1D
:1033C000021C021C021C021C021C021C021C021C0D
:1033D000021C021C021C021C021C021C021C0236E3
:1033E00002440244024402440244024402440244AD
:1033F000024402440244024402440244024402449D
:10340000024402440244024402440244024402448C
:103410000244024402440244024402440244025C64
:10342000026C026C026C026C026C026C026C026C2C
:10343000026C026C026C026C026C026C026C026C1C
:10344000026C026C026C026C026C026C026C026C0C
:10345000026C026C026C026C026D026C026C0282E5
:1034600002940294029402940294029402940294AC
:10347000029402940294029402940294029402949C
:10348000029402940294029402940294029402948C
:10349000029402940294029402940296029402A866
:1034A00002B902B902B902B902B902B902B902B944
:1034B00002B902B902B902B902B902B902B902B934
:1034C00002B902B902B902B902B902B902B902B924
:1034D00002B902B902B902B902B902B902BA001CB2
:1034E000004C007D00AF00E101130145017701A907
:1034F00001DB020D023F027102A302D5030703396B
:10350000036B039D03CF040104330465049704C9CE
:1035100004FB052D055F059105C105F30622001882
:10352000004C007D00AF00E101130145017701A9C6
:1035300001DB020D023F027102A302D5030703392A
:10354000036B039D03CF040104330465049704C98E
:1035500004FB052D055F059105C105F3062800183C
:10356000004C007D00AF00E101130145017701A986
:1035700001DB020D023F027102A302D503070339EA
:10358000036B039D03CF040104330465049704C94E
:1035900004FB052D055F059105C105F306280018FC
:1035A000004B007D00AF00E101130145017701A947
:1035B00001DB020D023F027102A302D503070339AA
:1035C000036B039D03CF040104330465049704C90E
:1035D00004FB052D055F059105C105F306280018BC
:1035E000004C007D00AF00E101130145017701A906
:1035F00001DB020D023F027102A302D5030703396A
:10360000036B039D03CF040104330465049704C9CD
:1036100004FB052D055F059105C105F3062800187B
:10362000004C007D00AF00E101130145017701A9C5
:1036300001DB020D023F027102A302D50307033929
:10364000036B039D03CF040104330465049704C98D
:1036500004FB052D055F059105C105F3062800183B
:10366000004B007D00AF00E101130145017701A986
:1036700001DB020D023F027102A302D503070339E9
:10368000036B039D03CF040104330465049704C94D
:1036900004FB052D055F059105C105F30628001AF9
:1036A000004B007D00AF00E101130145017701A946
:1036B00001DB020D023F027102A302D503070339A9
:1036C000036B039D03CF040104330465049704C90D
:1036D00004FB052D055F059105C105F30628001CB7
:1036E000004E007D00AF00E101130145017701A903
:1036F00001DB020D023F027102A302D50307033969
:10370000036B039D03CF040104330465049704C9CC
:1037100004FB052D055F059105C105F30628001C76
:10372000004E007D00AF00E101130145017701A9C2
:1037300001DB020D023F027102A302D50307033928
:10374000036B039D03CF040104330465049704C98C
:1037500004FB052D055F059105C105F30628001A38
:10376000004B007D00AF00E101130145017701A985
:1037700001DB020D023F027102A302D503070339E8
:10378000036B039D03CF040104330465049704C94C
:1037900004FB052D055F059105C105F306280018FA
:1037A000004B007D00AF00E101130145017701A945
:1037B00001DB020D023F027102A302D503070339A8
:1037C000036B039D03CF040104330465049704C90C
:1037D00004FB052D055F059105C105F306280018BA
:1037E000004C007D00AF00E101130145017701A904
:1037F00001DB020D023F027102A302D50307033968
:10380000036B039D03CF040104330465049704C9CB
:1038100004FB052D055F059105C105F30628001879
:10382000004C007D00AF00E101130145017701A9C3
:1038300001DB020D023F027102A302D50307033927
:10384000036B039D03CF040104330465049704C98B
:1038500004FB052D055F059105C105F30628001839
:10386000004B007D00AF00E101130145017701A984
:1038700001DB020D023F027102A302D503070339E7
:10388000036B039D03CF040104330465049704C94B
:1038900004FB052D055F059105C105F306280018F9
:1038A000004C007D00AF00E101130145017701A943
:1038B00001DB020D023F027102A302D503070339A7
:1038C000036B039D03CF040104330465049704C90B
:1038D00004FB052D055F059105C105F306280018B9
:1038E000004C007D00AF00E101130145017701A903
:1038F00001DB020D023F027102A302D50307033967
:10390000036B039D03CF040104330465049704C9CA
:1039100004FB052D055F059105C105F3062800226E
:103920000049007D00AF00E101130145017701A9C5
:1039300001DB020D023F027102A302D50307033926
:10394000036B039D03CF040104330465049704C98A
:1039500004FB052D055F058D05C105F306223AC45C
:103960003AC40080014D021A02E70000FFFFFFFF8A
:10397000FFFFFFFFFFFFFFFFFFFFFFFFFFFFFFFF57
:10398000FFFFFFFFFFFFFFFFFFFFFFFFFFFFFFFF47
:10399000FFFFFFFFFFFFFFFFFFFFFFFFFFFFFFFF37
:1039A000FFFFFFFFFFFFFFFFFFFFFFFFFFFFFFFF27
:1039B000FFFFFFFFFFFFFFFFFFFFFFFFFFFFFFFF17
:1039C000FFFFFFFFFFFFFFFFFFFFFFFFFFFFFFFF07
:1039D000FFFFFFFFFFFFFFFFFFFFFFFFFFFFFFFFF7
:1039E000FFFFFFFFFFFFFFFFFFFFFFFFFFFFFFFFE7
:1039F000FFFFFFFFFFFFFFFFFFFFFFFFFFFFFFFFD7
:103A0000FFFFFFFFFFFFFFFFFFFFFFFFFFFFFFFFC6
:103A1000FFFFFFFFFFFFFFFFFFFFFFFFFFFFFFFFB6
:103A2000FFFFFFFFFFFFFFFFFFFFFFFFFFFFFFFFA6
:103A3000FFFFFFFFFFFFFFFFFFFFFFFFFFFFFFFF96
:103A4000FFFFFFFFFFFFFFFFFFFFFFFFFFFFFFFF86
:103A5000FFFFFFFFFFFFFFFFFFFFFFFFFFFFFFFF76
:103A6000FFFFFFFFFFFFFFFFFFFFFFFFFFFFFFFF66
:103A7000FFFFFFFFFFFFFFFFFFFFFFFFFFFFFFFF56
:103A8000FFFFFFFFFFFFFFFFFFFFFFFFFFFFFFFF46
:103A9000FFFFFFFFFFFFFFFFFFFFFFFFFFFFFFFF36
:103AA000FFFFFFFFFFFFFFFFFFFFFFFFFFFFFFFF26
:103AB000FFFFFFFFFFFFFFFFFFFFFFFFFFFFFFFF16
:103AC000FFFFFFFFFFFFFFFFFFFFFFFFFFFFFFFF06
:103AD000FFFFFFFFFFFFFFFFFFFFFFFFFFFFFFFFF6
:103AE000FFFFFFFFFFFFFFFFFFFFFFFFFFFFFFFFE6
:103AF000FFFFFFFFFFFFFFFFFFFFFFFFFFFFFFFFD6
:103B0000FFFFFFFFFFFFFFFFFFFFFFFFFFFFFFFFC5
:103B1000FFFFFFFFFFFFFFFFFFFFFFFFFFFFFFFFB5
:103B2000FFFFFFFFFFFFFFFFFFFFFFFFFFFFFFFFA5
:103B3000FFFFFFFFFFFFFFFFFFFFFFFFFFFFFFFF95
:103B4000FFFFFFFFFFFFFFFFFFFFFFFFFFFFFFFF85
:103B5000FFFFFFFFFFFFFFFFFFFFFFFFFFFFFFFF75
:103B6000FFFFFFFFFFFFFFFFFFFFFFFFFFFFFFFF65
:103B7000FFFFFFFFFFFFFFFFFFFFFFFFFFFFFFFF55
:103B8000FFFFFFFFFFFFFFFFFFFFFFFFFFFFFFFF45
:103B9000FFFFFFFFFFFFFFFFFFFFFFFFFFFFFFFF35
:103BA000FFFFFFFFFFFFFFFFFFFFFFFFFFFFFFFF25
:103BB000FFFFFFFFFFFFFFFFFFFFFFFFFFFFFFFF15
:103BC000FFFFFFFFFFFFFFFFFFFFFFFFFFFFFFFF05
:103BD000FFFFFFFFFFFFFFFFFFFFFFFFFFFFFFFFF5
:103BE000FFFFFFFFFFFFFFFFFFFFFFFFFFFFFFFFE5
:103BF000FFFFFFFFFFFFFFFFFFFFFFFFFFFFFFFFD5
:103C0000FFFFFFFFFFFFFFFFFFFFFFFFFFFFFFFFC4
:103C1000FFFFFFFFFFFFFFFFFFFFFFFFFFFFFFFFB4
:103C2000FFFFFFFFFFFFFFFFFFFFFFFFFFFFFFFFA4
:103C3000FFFFFFFFFFFFFFFFFFFFFFFFFFFFFFFF94
:103C4000FFFFFFFFFFFFFFFFFFFFFFFFFFFFFFFF84
:103C5000FFFFFFFFFFFFFFFFFFFFFFFFFFFFFFFF74
:103C6000FFFFFFFFFFFFFFFFFFFFFFFFFFFFFFFF64
:103C7000FFFFFFFFFFFFFFFFFFFFFFFFFFFFFFFF54
:103C8000FFFFFFFFFFFFFFFFFFFFFFFFFFFFFFFF44
:103C9000FFFFFFFFFFFFFFFFFFFFFFFFFFFFFFFF34
:103CA000FFFFFFFFFFFFFFFFFFFFFFFFFFFFFFFF24
:103CB000FFFFFFFFFFFFFFFFFFFFFFFFFFFFFFFF14
:103CC000FFFFFFFFFFFFFFFFFFFFFFFFFFFFFFFF04
:103CD000FFFFFFFFFFFFFFFFFFFFFFFFFFFFFFFFF4
:103CE000FFFFFFFFFFFFFFFFFFFFFFFFFFFFFFFFE4
:103CF000FFFFFFFFFFFFFFFFFFFFFFFFFFFFFFFFD4
:103D0000FFFFFFFFFFFFFFFFFFFFFFFFFFFFFFFFC3
:103D1000FFFFFFFFFFFFFFFFFFFFFFFFFFFFFFFFB3
:103D2000FFFFFFFFFFFFFFFFFFFFFFFFFFFFFFFFA3
:103D3000FFFFFFFFFFFFFFFFFFFFFFFFFFFFFFFF93
:103D4000FFFFFFFFFFFFFFFFFFFFFFFFFFFFFFFF83
:103D5000FFFFFFFFFFFFFFFFFFFFFFFFFFFFFFFF73
:103D6000FFFFFFFFFFFFFFFFFFFFFFFFFFFFFFFF63
:103D7000FFFFFFFFFFFFFFFFFFFFFFFFFFFFFFFF53
:103D8000FFFFFFFFFFFFFFFFFFFFFFFFFFFFFFFF43
:103D9000FFFFFFFFFFFFFFFFFFFFFFFFFFFFFFFF33
:103DA000FFFFFFFFFFFFFFFFFFFFFFFFFFFFFFFF23
:103DB000FFFFFFFFFFFFFFFFFFFFFFFFFFFFFFFF13
:103DC000FFFFFFFFFFFFFFFFFFFFFFFFFFFFFFFF03
:103DD000FFFFFFFFFFFFFFFFFFFFFFFFFFFFFFFFF3
:103DE000FFFFFFFFFFFFFFFFFFFFFFFFFFFFFFFFE3
:103DF000FFFFFFFFFFFFFFFFFFFFFFFFFFFFFFFFD3
:103E0000FFFFFFFFFFFFFFFFFFFFFFFFFFFFFFFFC2
:103E1000FFFFFFFFFFFFFFFFFFFFFFFFFFFFFFFFB2
:103E2000FFFFFFFFFFFFFFFFFFFFFFFFFFFFFFFFA2
:103E3000FFFFFFFFFFFFFFFFFFFFFFFFFFFFFFFF92
:103E4000FFFFFFFFFFFFFFFFFFFFFFFFFFFFFFFF82
:103E5000FFFFFFFFFFFFFFFFFFFFFFFFFFFFFFFF72
:103E6000FFFFFFFFFFFFFFFFFFFFFFFFFFFFFFFF62
:103E7000FFFFFFFFFFFFFFFFFFFFFFFFFFFFFFFF52
:103E8000FFFFFFFFFFFFFFFFFFFFFFFFFFFFFFFF42
:103E9000FFFFFFFFFFFFFFFFFFFFFFFFFFFFFFFF32
:103EA000FFFFFFFFFFFFFFFFFFFFFFFFFFFFFFFF22
:103EB000FFFFFFFFFFFFFFFFFFFFFFFFFFFFFFFF12
:103EC000FFFFFFFFFFFFFFFFFFFFFFFFFFFFFFFF02
:103ED000FFFFFFFFFFFFFFFFFFFFFFFFFFFFFFFFF2
:103EE000FFFFFFFFFFFFFFFFFFFFFFFFFFFFFFFFE2
:103EF000FFFFFFFFFFFFFFFFFFFFFFFFFFFFFFFFD2
:103F0000FFFFFFFFFFFFFFFFFFFFFFFFFFFFFFFFC1
:103F1000FFFFFFFFFFFFFFFFFFFFFFFFFFFFFFFFB1
:103F2000FFFFFFFFFFFFFFFFFFFFFFFFFFFFFFFFA1
:103F3000FFFFFFFFFFFFFFFFFFFFFFFFFFFFFFFF91
:103F4000FFFFFFFFFFFFFFFFFFFFFFFFFFFFFFFF81
:103F5000FFFFFFFFFFFFFFFFFFFFFFFFFFFFFFFF71
:103F6000FFFFFFFFFFFFFFFFFFFFFFFFFFFFFFFF61
:103F7000FFFFFFFFFFFFFFFFFFFFFFFFFFFFFFFF51
:103F8000FFFFFFFFFFFFFFFFFFFFFFFFFFFFFFFF41
:103F9000FFFFFFFFFFFFFFFFFFFFFFFFFFFFFFFF31
:103FA000FFFFFFFFFFFFFFFFFFFFFFFFFFFFFFFF21
:103FB000FFFFFFFFFFFFFFFFFFFFFFFFFFFFFFFF11
:103FC000FFFFFFFFFFFFFFFFFFFFFFFFFFFFFFFF01
:103FD000FFFFFFFFFFFFFFFFFFFFFFFFFFFFFFFFF1
:103FE000FFFFFFFFFFFFFFFFFFFFFFFFFFFFFFFFE1
:103FF000FFFFFFFFFFFFFFFFFFFFFFFFFFFFFFFFD1
:10400000FFFFFFFFFFFFFFFFFFFFFFFFFFFFFFFFC0
:10401000FFFFFFFFFFFFFFFFFFFFFFFFFFFFFFFFB0
:10402000FFFFFFFFFFFFFFFFFFFFFFFFFFFFFFFFA0
:10403000FFFFFFFFFFFFFFFFFFFFFFFFFFFFFFFF90
:10404000FFFFFFFFFFFFFFFFFFFFFFFFFFFFFFFF80
:10405000FFFFFFFFFFFFFFFFFFFFFFFFFFFFFFFF70
:10406000FFFFFFFFFFFFFFFFFFFFFFFFFFFFFFFF60
:10407000FFFFFFFFFFFFFFFFFFFFFFFFFFFFFFFF50
:10408000FFFFFFFFFFFFFFFFFFFFFFFFFFFFFFFF40
:10409000FFFFFFFFFFFFFFFFFFFFFFFFFFFFFFFF30
:1040A000FFFFFFFFFFFFFFFFFFFFFFFFFFFFFFFF20
:1040B000FFFFFFFFFFFFFFFFFFFFFFFFFFFFFFFF10
:1040C000FFFFFFFFFFFFFFFFFFFFFFFFFFFFFFFF00
:1040D000FFFFFFFFFFFFFFFFFFFFFFFFFFFFFFFFF0
:1040E000FFFFFFFFFFFFFFFFFFFFFFFFFFFFFFFFE0
:1040F000FFFFFFFFFFFFFFFFFFFFFFFFFFFFFFFFD0
:10410000FFFFFFFFFFFFFFFFFFFFFFFFFFFFFFFFBF
:10411000FFFFFFFFFFFFFFFFFFFFFFFFFFFFFFFFAF
:10412000FFFFFFFFFFFFFFFFFFFFFFFFFFFFFFFF9F
:10413000FFFFFFFFFFFFFFFFFFFFFFFFFFFFFFFF8F
:10414000FFFFFFFFFFFFFFFFFFFFFFFFFFFFFFFF7F
:10415000FFFFFFFFFFFFFFFFFFFFFFFFFFFFFFFF6F
:10416000FFFFFFFFFFFFFFFFFFFFFFFFFFFFFFFF5F
:10417000FFFFFFFFFFFFFFFFFFFFFFFFFFFFFFFF4F
:10418000FFFFFFFFFFFFFFFFFFFFFFFFFFFFFFFF3F
:10419000FFFFFFFFFFFFFFFFFFFFFFFFFFFFFFFF2F
:1041A000FFFFFFFFFFFFFFFFFFFFFFFFFFFFFFFF1F
:1041B000FFFFFFFFFFFFFFFFFFFFFFFFFFFFFFFF0F
:1041C000FFFFFFFFFFFFFFFFFFFFFFFFFFFFFFFFFF
:1041D000FFFFFFFFFFFFFFFFFFFFFFFFFFFFFFFFEF
:1041E000FFFFFFFFFFFFFFFFFFFFFFFFFFFFFFFFDF
:1041F000FFFFFFFFFFFFFFFFFFFFFFFFFFFFFFFFCF
:10420000FFFFFFFFFFFFFFFFFFFFFFFFFFFFFFFFBE
:10421000FFFFFFFFFFFFFFFFFFFFFFFFFFFFFFFFAE
:10422000FFFFFFFFFFFFFFFFFFFFFFFFFFFFFFFF9E
:10423000FFFFFFFFFFFFFFFFFFFFFFFFFFFFFFFF8E
:10424000FFFFFFFFFFFFFFFFFFFFFFFFFFFFFFFF7E
:10425000FFFFFFFFFFFFFFFFFFFFFFFFFFFFFFFF6E
:10426000FFFFFFFFFFFFFFFFFFFFFFFFFFFFFFFF5E
:10427000FFFFFFFFFFFFFFFFFFFFFFFFFFFFFFFF4E
:10428000FFFFFFFFFFFFFFFFFFFFFFFFFFFFFFFF3E
:10429000FFFFFFFFFFFFFFFFFFFFFFFFFFFFFFFF2E
:1042A000FFFFFFFFFFFFFFFFFFFFFFFFFFFFFFFF1E
:1042B000FFFFFFFFFFFFFFFFFFFFFFFFFFFFFFFF0E
:1042C000FFFFFFFFFFFFFFFFFFFFFFFFFFFFFFFFFE
:1042D000FFFFFFFFFFFFFFFFFFFFFFFFFFFFFFFFEE
:1042E000FFFFFFFFFFFFFFFFFFFFFFFFFFFFFFFFDE
:1042F000FFFFFFFFFFFFFFFFFFFFFFFFFFFFFFFFCE
:10430000FFFFFFFFFFFFFFFFFFFFFFFFFFFFFFFFBD
:10431000FFFFFFFFFFFFFFFFFFFFFFFFFFFFFFFFAD
:10432000FFFFFFFFFFFFFFFFFFFFFFFFFFFFFFFF9D
:10433000FFFFFFFFFFFFFFFFFFFFFFFFFFFFFFFF8D
:10434000FFFFFFFFFFFFFFFFFFFFFFFFFFFFFFFF7D
:10435000FFFFFFFFFFFFFFFFFFFFFFFFFFFFFFFF6D
:10436000FFFFFFFFFFFFFFFFFFFFFFFFFFFFFFFF5D
:10437000FFFFFFFFFFFFFFFFFFFFFFFFFFFFFFFF4D
:10438000FFFFFFFFFFFFFFFFFFFFFFFFFFFFFFFF3D
:10439000FFFFFFFFFFFFFFFFFFFFFFFFFFFFFFFF2D
:1043A000FFFFFFFFFFFFFFFFFFFFFFFFFFFFFFFF1D
:1043B000FFFFFFFFFFFFFFFFFFFFFFFFFFFFFFFF0D
:1043C000FFFFFFFFFFFFFFFFFFFFFFFFFFFFFFFFFD
:1043D000FFFFFFFFFFFFFFFFFFFFFFFFFFFFFFFFED
:1043E000FFFFFFFFFFFFFFFFFFFFFFFFFFFFFFFFDD
:1043F000FFFFFFFFFFFFFFFFFFFFFFFFFFFFFFFFCD
:10440000FFFFFFFFFFFFFFFFFFFFFFFFFFFFFFFFBC
:10441000FFFFFFFFFFFFFFFFFFFFFFFFFFFFFFFFAC
:10442000FFFFFFFFFFFFFFFFFFFFFFFFFFFFFFFF9C
:10443000FFFFFFFFFFFFFFFFFFFFFFFFFFFFFFFF8C
:10444000FFFFFFFFFFFFFFFFFFFFFFFFFFFFFFFF7C
:10445000FFFFFFFFFFFFFFFFFFFFFFFFFFFFFFFF6C
:10446000FFFFFFFFFFFFFFFFFFFFFFFFFFFFFFFF5C
:10447000FFFFFFFFFFFFFFFFFFFFFFFFFFFFFFFF4C
:10448000FFFFFFFFFFFFFFFFFFFFFFFFFFFFFFFF3C
:10449000FFFFFFFFFFFFFFFFFFFFFFFFFFFFFFFF2C
:1044A000FFFFFFFFFFFFFFFFFFFFFFFFFFFFFFFF1C
:1044B000FFFFFFFFFFFFFFFFFFFFFFFFFFFFFFFF0C
:1044C000FFFFFFFFFFFFFFFFFFFFFFFFFFFFFFFFFC
:1044D000FFFFFFFFFFFFFFFFFFFFFFFFFFFFFFFFEC
:1044E000FFFFFFFFFFFFFFFFFFFFFFFFFFFFFFFFDC
:1044F000FFFFFFFFFFFFFFFFFFFFFFFFFFFFFFFFCC
:10450000FFFFFFFFFFFFFFFFFFFFFFFFFFFFFFFFBB
:10451000FFFFFFFFFFFFFFFFFFFFFFFFFFFFFFFFAB
:10452000FFFFFFFFFFFFFFFFFFFFFFFFFFFFFFFF9B
:10453000FFFFFFFFFFFFFFFFFFFFFFFFFFFFFFFF8B
:10454000FFFFFFFFFFFFFFFFFFFFFFFFFFFFFFFF7B
:10455000FFFFFFFFFFFFFFFFFFFFFFFFFFFFFFFF6B
:10456000FFFFFFFFFFFFFFFFFFFFFFFFFFFFFFFF5B
:10457000FFFFFFFFFFFFFFFFFFFFFFFFFFFFFFFF4B
:10458000FFFFFFFFFFFFFFFFFFFFFFFFFFFFFFFF3B
:10459000FFFFFFFFFFFFFFFFFFFFFFFFFFFFFFFF2B
:1045A000FFFFFFFFFFFFFFFFFFFFFFFFFFFFFFFF1B
:1045B000FFFFFFFFFFFFFFFFFFFFFFFFFFFFFFFF0B
:1045C000FFFFFFFFFFFFFFFFFFFFFFFFFFFFFFFFFB
:1045D000FFFFFFFFFFFFFFFFFFFFFFFFFFFFFFFFEB
:1045E000FFFFFFFFFFFFFFFFFFFFFFFFFFFFFFFFDB
:1045F000FFFFFFFFFFFFFFFFFFFFFFFFFFFFFFFFCB
:10460000FFFFFFFFFFFFFFFFFFFFFFFFFFFFFFFFBA
:10461000FFFFFFFFFFFFFFFFFFFFFFFFFFFFFFFFAA
:10462000FFFFFFFFFFFFFFFFFFFFFFFFFFFFFFFF9A
:10463000FFFFFFFFFFFFFFFFFFFFFFFFFFFFFFFF8A
:10464000FFFFFFFFFFFFFFFFFFFFFFFFFFFFFFFF7A
:10465000FFFFFFFFFFFFFFFFFFFFFFFFFFFFFFFF6A
:10466000FFFFFFFFFFFFFFFFFFFFFFFFFFFFFFFF5A
:10467000FFFFFFFFFFFFFFFFFFFFFFFFFFFFFFFF4A
:10468000FFFFFFFFFFFFFFFFFFFFFFFFFFFFFFFF3A
:10469000FFFFFFFFFFFFFFFFFFFFFFFFFFFFFFFF2A
:1046A000FFFFFFFFFFFFFFFFFFFFFFFFFFFFFFFF1A
:1046B000FFFFFFFFFFFFFFFFFFFFFFFFFFFFFFFF0A
:1046C000FFFFFFFFFFFFFFFFFFFFFFFFFFFFFFFFFA
:1046D000FFFFFFFFFFFFFFFFFFFFFFFFFFFFFFFFEA
:1046E000FFFFFFFFFFFFFFFFFFFFFFFFFFFFFFFFDA
:1046F000FFFFFFFFFFFFFFFFFFFFFFFFFFFFFFFFCA
:10470000FFFFFFFFFFFFFFFFFFFFFFFFFFFFFFFFB9
:10471000FFFFFFFFFFFFFFFFFFFFFFFFFFFFFFFFA9
:10472000FFFFFFFFFFFFFFFFFFFFFFFFFFFFFFFF99
:10473000FFFFFFFFFFFFFFFFFFFFFFFFFFFFFFFF89
:10474000FFFFFFFFFFFFFFFFFFFFFFFFFFFFFFFF79
:10475000FFFFFFFFFFFFFFFFFFFFFFFFFFFFFFFF69
:10476000FFFFFFFFFFFFFFFFFFFFFFFFFFFFFFFF59
:10477000FFFFFFFFFFFFFFFFFFFFFFFFFFFFFFFF49
:10478000FFFFFFFFFFFFFFFFFFFFFFFFFFFFFFFF39
:10479000FFFFFFFFFFFFFFFFFFFFFFFFFFFFFFFF29
:1047A000FFFFFFFFFFFFFFFFFFFFFFFFFFFFFFFF19
:1047B000FFFFFFFFFFFFFFFFFFFFFFFFFFFFFFFF09
:1047C000FFFFFFFFFFFFFFFFFFFFFFFFFFFFFFFFF9
:1047D000FFFFFFFFFFFFFFFFFFFFFFFFFFFFFFFFE9
:1047E000FFFFFFFFFFFFFFFFFFFFFFFFFFFFFFFFD9
:1047F000FFFFFFFFFFFFFFFFFFFFFFFFFFFFFFFFC9
:10480000FFFFFFFFFFFFFFFFFFFFFFFFFFFFFFFFB8
:10481000FFFFFFFFFFFFFFFFFFFFFFFFFFFFFFFFA8
:10482000FFFFFFFFFFFFFFFFFFFFFFFFFFFFFFFF98
:10483000FFFFFFFFFFFFFFFFFFFFFFFFFFFFFFFF88
:10484000FFFFFFFFFFFFFFFFFFFFFFFFFFFFFFFF78
:10485000FFFFFFFFFFFFFFFFFFFFFFFFFFFFFFFF68
:10486000FFFFFFFFFFFFFFFFFFFFFFFFFFFFFFFF58
:10487000FFFFFFFFFFFFFFFFFFFFFFFFFFFFFFFF48
:10488000FFFFFFFFFFFFFFFFFFFFFFFFFFFFFFFF38
:10489000FFFFFFFFFFFFFFFFFFFFFFFFFFFFFFFF28
:1048A000FFFFFFFFFFFFFFFFFFFFFFFFFFFFFFFF18
:1048B000FFFFFFFFFFFFFFFFFFFFFFFFFFFFFFFF08
:1048C000FFFFFFFFFFFFFFFFFFFFFFFFFFFFFFFFF8
:1048D000FFFFFFFFFFFFFFFFFFFFFFFFFFFFFFFFE8
:1048E000FFFFFFFFFFFFFFFFFFFFFFFFFFFFFFFFD8
:1048F000FFFFFFFFFFFFFFFFFFFFFFFFFFFFFFFFC8
:10490000FFFFFFFFFFFFFFFFFFFFFFFFFFFFFFFFB7
:10491000FFFFFFFFFFFFFFFFFFFFFFFFFFFFFFFFA7
:10492000FFFFFFFFFFFFFFFFFFFFFFFFFFFFFFFF97
:10493000FFFFFFFFFFFFFFFFFFFFFFFFFFFFFFFF87
:10494000FFFFFFFFFFFFFFFFFFFFFFFFFFFFFFFF77
:10495000FFFFFFFFFFFFFFFFFFFFFFFFFFFFFFFF67
:10496000FFFFFFFFFFFFFFFFFFFFFFFFFFFFFFFF57
:10497000FFFFFFFFFFFFFFFFFFFFFFFFFFFFFFFF47
:10498000FFFFFFFFFFFFFFFFFFFFFFFFFFFFFFFF37
:10499000FFFFFFFFFFFFFFFFFFFFFFFFFFFFFFFF27
:1049A000FFFFFFFFFFFFFFFFFFFFFFFFFFFFFFFF17
:1049B000FFFFFFFFFFFFFFFFFFFFFFFFFFFFFFFF07
:1049C000FFFFFFFFFFFFFFFFFFFFFFFFFFFFFFFFF7
:1049D000FFFFFFFFFFFFFFFFFFFFFFFFFFFFFFFFE7
:1049E000FFFFFFFFFFFFFFFFFFFFFFFFFFFFFFFFD7
:1049F000FFFFFFFFFFFFFFFFFFFFFFFFFFFFFFFFC7
:104A0000FFFFFFFFFFFFFFFFFFFFFFFFFFFFFFFFB6
:104A1000FFFFFFFFFFFFFFFFFFFFFFFFFFFFFFFFA6
:104A2000FFFFFFFFFFFFFFFFFFFFFFFFFFFFFFFF96
:104A3000FFFFFFFFFFFFFFFFFFFFFFFFFFFFFFFF86
:104A4000FFFFFFFFFFFFFFFFFFFFFFFFFFFFFFFF76
:104A5000FFFFFFFFFFFFFFFFFFFFFFFFFFFFFFFF66
:104A6000FFFFFFFFFFFFFFFFFFFFFFFFFFFFFFFF56
:104A7000FFFFFFFFFFFFFFFFFFFFFFFFFFFFFFFF46
:104A8000FFFFFFFFFFFFFFFFFFFFFFFFFFFFFFFF36
:104A9000FFFFFFFFFFFFFFFFFFFFFFFFFFFFFFFF26
:104AA000FFFFFFFFFFFFFFFFFFFFFFFFFFFFFFFF16
:104AB000FFFFFFFFFFFFFFFFFFFFFFFFFFFFFFFF06
:104AC000FFFFFFFFFFFFFFFFFFFFFFFFFFFFFFFFF6
:104AD000FFFFFFFFFFFFFFFFFFFFFFFFFFFFFFFFE6
:104AE000FFFFFFFFFFFFFFFFFFFFFFFFFFFFFFFFD6
:104AF000FFFFFFFFFFFFFFFFFFFFFFFFFFFFFFFFC6
:104B0000FFFFFFFFFFFFFFFFFFFFFFFFFFFFFFFFB5
:104B1000FFFFFFFFFFFFFFFFFFFFFFFFFFFFFFFFA5
:104B2000FFFFFFFFFFFFFFFFFFFFFFFFFFFFFFFF95
:104B3000FFFFFFFFFFFFFFFFFFFFFFFFFFFFFFFF85
:104B4000FFFFFFFFFFFFFFFFFFFFFFFFFFFFFFFF75
:104B5000FFFFFFFFFFFFFFFFFFFFFFFFFFFFFFFF65
:104B6000FFFFFFFFFFFFFFFFFFFFFFFFFFFFFFFF55
:104B7000FFFFFFFFFFFFFFFFFFFFFFFFFFFFFFFF45
:104B8000FFFFFFFFFFFFFFFFFFFFFFFFFFFFFFFF35
:104B9000FFFFFFFFFFFFFFFFFFFFFFFFFFFFFFFF25
:104BA000FFFFFFFFFFFFFFFFFFFFFFFFFFFFFFFF15
:104BB000FFFFFFFFFFFFFFFFFFFFFFFFFFFFFFFF05
:104BC000FFFFFFFFFFFFFFFFFFFFFFFFFFFFFFFFF5
:104BD000FFFFFFFFFFFFFFFFFFFFFFFFFFFFFFFFE5
:104BE000FFFFFFFFFFFFFFFFFFFFFFFFFFFFFFFFD5
:104BF000FFFFFFFFFFFFFFFFFFFFFFFFFFFFFFFFC5
:104C0000FFFFFFFFFFFFFFFFFFFFFFFFFFFFFFFFB4
:104C1000FFFFFFFFFFFFFFFFFFFFFFFFFFFFFFFFA4
:104C2000FFFFFFFFFFFFFFFFFFFFFFFFFFFFFFFF94
:104C3000FFFFFFFFFFFFFFFFFFFFFFFFFFFFFFFF84
:104C4000FFFFFFFFFFFFFFFFFFFFFFFFFFFFFFFF74
:104C5000FFFFFFFFFFFFFFFFFFFFFFFFFFFFFFFF64
:104C6000FFFFFFFFFFFFFFFFFFFFFFFFFFFFFFFF54
:104C7000FFFFFFFFFFFFFFFFFFFFFFFFFFFFFFFF44
:104C8000FFFFFFFFFFFFFFFFFFFFFFFFFFFFFFFF34
:104C9000FFFFFFFFFFFFFFFFFFFFFFFFFFFFFFFF24
:104CA000FFFFFFFFFFFFFFFFFFFFFFFFFFFFFFFF14
:104CB000FFFFFFFFFFFFFFFFFFFFFFFFFFFFFFFF04
:104CC000FFFFFFFFFFFFFFFFFFFFFFFFFFFFFFFFF4
:104CD000FFFFFFFFFFFFFFFFFFFFFFFFFFFFFFFFE4
:104CE000FFFFFFFFFFFFFFFFFFFFFFFFFFFFFFFFD4
:104CF000FFFFFFFFFFFFFFFFFFFFFFFFFFFFFFFFC4
:104D0000FFFFFFFFFFFFFFFFFFFFFFFFFFFFFFFFB3
:104D1000FFFFFFFFFFFFFFFFFFFFFFFFFFFFFFFFA3
:104D2000FFFFFFFFFFFFFFFFFFFFFFFFFFFFFFFF93
:104D3000FFFFFFFFFFFFFFFFFFFFFFFFFFFFFFFF83
:104D4000FFFFFFFFFFFFFFFFFFFFFFFFFFFFFFFF73
:104D5000FFFFFFFFFFFFFFFFFFFFFFFFFFFFFFFF63
:104D6000FFFFFFFFFFFFFFFFFFFFFFFFFFFFFFFF53
:104D7000FFFFFFFFFFFFFFFFFFFFFFFFFFFFFFFF43
:104D8000FFFFFFFFFFFFFFFFFFFFFFFFFFFFFFFF33
:104D9000FFFFFFFFFFFFFFFFFFFFFFFFFFFFFFFF23
:104DA000FFFFFFFFFFFFFFFFFFFFFFFFFFFFFFFF13
:104DB000FFFFFFFFFFFFFFFFFFFFFFFFFFFFFFFF03
:104DC000FFFFFFFFFFFFFFFFFFFFFFFFFFFFFFFFF3
:104DD000FFFFFFFFFFFFFFFFFFFFFFFFFFFFFFFFE3
:104DE000FFFFFFFFFFFFFFFFFFFFFFFFFFFFFFFFD3
:104DF000FFFFFFFFFFFFFFFFFFFFFFFFFFFFFFFFC3
:104E0000FFFFFFFFFFFFFFFFFFFFFFFFFFFFFFFFB2
:104E1000FFFFFFFFFFFFFFFFFFFFFFFFFFFFFFFFA2
:104E2000FFFFFFFFFFFFFFFFFFFFFFFFFFFFFFFF92
:104E3000FFFFFFFFFFFFFFFFFFFFFFFFFFFFFFFF82
:104E4000FFFFFFFFFFFFFFFFFFFFFFFFFFFFFFFF72
:104E5000FFFFFFFFFFFFFFFFFFFFFFFFFFFFFFFF62
:104E6000FFFFFFFFFFFFFFFFFFFFFFFFFFFFFFFF52
:104E7000FFFFFFFFFFFFFFFFFFFFFFFFFFFFFFFF42
:104E8000FFFFFFFFFFFFFFFFFFFFFFFFFFFFFFFF32
:104E9000FFFFFFFFFFFFFFFFFFFFFFFFFFFFFFFF22
:104EA000FFFFFFFFFFFFFFFFFFFFFFFFFFFFFFFF12
:104EB000FFFFFFFFFFFFFFFFFFFFFFFFFFFFFFFF02
:104EC000FFFFFFFFFFFFFFFFFFFFFFFFFFFFFFFFF2
:104ED000FFFFFFFFFFFFFFFFFFFFFFFFFFFFFFFFE2
:104EE000FFFFFFFFFFFFFFFFFFFFFFFFFFFFFFFFD2
:104EF000FFFFFFFFFFFFFFFFFFFFFFFFFFFFFFFFC2
:104F0000FFFFFFFFFFFFFFFFFFFFFFFFFFFFFFFFB1
:104F1000FFFFFFFFFFFFFFFFFFFFFFFFFFFFFFFFA1
:104F2000FFFFFFFFFFFFFFFFFFFFFFFFFFFFFFFF91
:104F3000FFFFFFFFFFFFFFFFFFFFFFFFFFFFFFFF81
:104F4000FFFFFFFFFFFFFFFFFFFFFFFFFFFFFFFF71
:104F5000FFFFFFFFFFFFFFFFFFFFFFFFFFFFFFFF61
:104F6000FFFFFFFFFFFFFFFFFFFFFFFFFFFFFFFF51
:104F7000FFFFFFFFFFFFFFFFFFFFFFFFFFFFFFFF41
:104F8000FFFFFFFFFFFFFFFFFFFFFFFFFFFFFFFF31
:104F9000FFFFFFFFFFFFFFFFFFFFFFFFFFFFFFFF21
:104FA000FFFFFFFFFFFFFFFFFFFFFFFFFFFFFFFF11
:104FB000FFFFFFFFFFFFFFFFFFFFFFFFFFFFFFFF01
:104FC000FFFFFFFFFFFFFFFFFFFFFFFFFFFFFFFFF1
:104FD000FFFFFFFFFFFFFFFFFFFFFFFFFFFFFFFFE1
:104FE000FFFFFFFFFFFFFFFFFFFFFFFFFFFFFFFFD1
:104FF000FFFFFFFFFFFFFFFFFFFFFFFFFFFFFFFFC1
:10500000FFFFFFFFFFFFFFFFFFFFFFFFFFFFFFFFB0
:10501000FFFFFFFFFFFFFFFFFFFFFFFFFFFFFFFFA0
:10502000FFFFFFFFFFFFFFFFFFFFFFFFFFFFFFFF90
:10503000FFFFFFFFFFFFFFFFFFFFFFFFFFFFFFFF80
:10504000FFFFFFFFFFFFFFFFFFFFFFFFFFFFFFFF70
:10505000FFFFFFFFFFFFFFFFFFFFFFFFFFFFFFFF60
:10506000FFFFFFFFFFFFFFFFFFFFFFFFFFFFFFFF50
:10507000FFFFFFFFFFFFFFFFFFFFFFFFFFFFFFFF40
:10508000FFFFFFFFFFFFFFFFFFFFFFFFFFFFFFFF30
:10509000FFFFFFFFFFFFFFFFFFFFFFFFFFFFFFFF20
:1050A000FFFFFFFFFFFFFFFFFFFFFFFFFFFFFFFF10
:1050B000FFFFFFFFFFFFFFFFFFFFFFFFFFFFFFFF00
:1050C000FFFFFFFFFFFFFFFFFFFFFFFFFFFFFFFFF0
:1050D000FFFFFFFFFFFFFFFFFFFFFFFFFFFFFFFFE0
:1050E000FFFFFFFFFFFFFFFFFFFFFFFFFFFFFFFFD0
:1050F000FFFFFFFFFFFFFFFFFFFFFFFFFFFFFFFFC0
:10510000FFFFFFFFFFFFFFFFFFFFFFFFFFFFFFFFAF
:10511000FFFFFFFFFFFFFFFFFFFFFFFFFFFFFFFF9F
:10512000FFFFFFFFFFFFFFFFFFFFFFFFFFFFFFFF8F
:10513000FFFFFFFFFFFFFFFFFFFFFFFFFFFFFFFF7F
:10514000FFFFFFFFFFFFFFFFFFFFFFFFFFFFFFFF6F
:10515000FFFFFFFFFFFFFFFFFFFFFFFFFFFFFFFF5F
:10516000FFFFFFFFFFFFFFFFFFFFFFFFFFFFFFFF4F
:10517000FFFFFFFFFFFFFFFFFFFFFFFFFFFFFFFF3F
:10518000FFFFFFFFFFFFFFFFFFFFFFFFFFFFFFFF2F
:10519000FFFFFFFFFFFFFFFFFFFFFFFFFFFFFFFF1F
:1051A000FFFFFFFFFFFFFFFFFFFFFFFFFFFFFFFF0F
:1051B000FFFFFFFFFFFFFFFFFFFFFFFFFFFFFFFFFF
:1051C000FFFFFFFFFFFFFFFFFFFFFFFFFFFFFFFFEF
:1051D000FFFFFFFFFFFFFFFFFFFFFFFFFFFFFFFFDF
:1051E000FFFFFFFFFFFFFFFFFFFFFFFFFFFFFFFFCF
:1051F000FFFFFFFFFFFFFFFFFFFFFFFFFFFFFFFFBF
:10520000FFFFFFFFFFFFFFFFFFFFFFFFFFFFFFFFAE
:10521000FFFFFFFFFFFFFFFFFFFFFFFFFFFFFFFF9E
:10522000FFFFFFFFFFFFFFFFFFFFFFFFFFFFFFFF8E
:10523000FFFFFFFFFFFFFFFFFFFFFFFFFFFFFFFF7E
:10524000FFFFFFFFFFFFFFFFFFFFFFFFFFFFFFFF6E
:10525000FFFFFFFFFFFFFFFFFFFFFFFFFFFFFFFF5E
:10526000FFFFFFFFFFFFFFFFFFFFFFFFFFFFFFFF4E
:10527000FFFFFFFFFFFFFFFFFFFFFFFFFFFFFFFF3E
:10528000FFFFFFFFFFFFFFFFFFFFFFFFFFFFFFFF2E
:10529000FFFFFFFFFFFFFFFFFFFFFFFFFFFFFFFF1E
:1052A000FFFFFFFFFFFFFFFFFFFFFFFFFFFFFFFF0E
:1052B000FFFFFFFFFFFFFFFFFFFFFFFFFFFFFFFFFE
:1052C000FFFFFFFFFFFFFFFFFFFFFFFFFFFFFFFFEE
:1052D000FFFFFFFFFFFFFFFFFFFFFFFFFFFFFFFFDE
:1052E000FFFFFFFFFFFFFFFFFFFFFFFFFFFFFFFFCE
:1052F000FFFFFFFFFFFFFFFFFFFFFFFFFFFFFFFFBE
:10530000FFFFFFFFFFFFFFFFFFFFFFFFFFFFFFFFAD
:10531000FFFFFFFFFFFFFFFFFFFFFFFFFFFFFFFF9D
:10532000FFFFFFFFFFFFFFFFFFFFFFFFFFFFFFFF8D
:10533000FFFFFFFFFFFFFFFFFFFFFFFFFFFFFFFF7D
:10534000FFFFFFFFFFFFFFFFFFFFFFFFFFFFFFFF6D
:10535000FFFFFFFFFFFFFFFFFFFFFFFFFFFFFFFF5D
:10536000FFFFFFFFFFFFFFFFFFFFFFFFFFFFFFFF4D
:10537000FFFFFFFFFFFFFFFFFFFFFFFFFFFFFFFF3D
:10538000FFFFFFFFFFFFFFFFFFFFFFFFFFFFFFFF2D
:10539000FFFFFFFFFFFFFFFFFFFFFFFFFFFFFFFF1D
:1053A000FFFFFFFFFFFFFFFFFFFFFFFFFFFFFFFF0D
:1053B000FFFFFFFFFFFFFFFFFFFFFFFFFFFFFFFFFD
:1053C000FFFFFFFFFFFFFFFFFFFFFFFFFFFFFFFFED
:1053D000FFFFFFFFFFFFFFFFFFFFFFFFFFFFFFFFDD
:1053E000FFFFFFFFFFFFFFFFFFFFFFFFFFFFFFFFCD
:1053F000FFFFFFFFFFFFFFFFFFFFFFFFFFFFFFFFBD
:10540000FFFFFFFFFFFFFFFFFFFFFFFFFFFFFFFFAC
:10541000FFFFFFFFFFFFFFFFFFFFFFFFFFFFFFFF9C
:10542000FFFFFFFFFFFFFFFFFFFFFFFFFFFFFFFF8C
:10543000FFFFFFFFFFFFFFFFFFFFFFFFFFFFFFFF7C
:10544000FFFFFFFFFFFFFFFFFFFFFFFFFFFFFFFF6C
:10545000FFFFFFFFFFFFFFFFFFFFFFFFFFFFFFFF5C
:10546000FFFFFFFFFFFFFFFFFFFFFFFFFFFFFFFF4C
:10547000FFFFFFFFFFFFFFFFFFFFFFFFFFFFFFFF3C
:10548000FFFFFFFFFFFFFFFFFFFFFFFFFFFFFFFF2C
:10549000FFFFFFFFFFFFFFFFFFFFFFFFFFFFFFFF1C
:1054A000FFFFFFFFFFFFFFFFFFFFFFFFFFFFFFFF0C
:1054B000FFFFFFFFFFFFFFFFFFFFFFFFFFFFFFFFFC
:1054C000FFFFFFFFFFFFFFFFFFFFFFFFFFFFFFFFEC
:1054D000FFFFFFFFFFFFFFFFFFFFFFFFFFFFFFFFDC
:1054E000FFFFFFFFFFFFFFFFFFFFFFFFFFFFFFFFCC
:1054F000FFFFFFFFFFFFFFFFFFFFFFFFFFFFFFFFBC
:10550000FFFFFFFFFFFFFFFFFFFFFFFFFFFFFFFFAB
:10551000FFFFFFFFFFFFFFFFFFFFFFFFFFFFFFFF9B
:10552000FFFFFFFFFFFFFFFFFFFFFFFFFFFFFFFF8B
:10553000FFFFFFFFFFFFFFFFFFFFFFFFFFFFFFFF7B
:10554000FFFFFFFFFFFFFFFFFFFFFFFFFFFFFFFF6B
:10555000FFFFFFFFFFFFFFFFFFFFFFFFFFFFFFFF5B
:10556000FFFFFFFFFFFFFFFFFFFFFFFFFFFFFFFF4B
:10557000FFFFFFFFFFFFFFFFFFFFFFFFFFFFFFFF3B
:10558000FFFFFFFFFFFFFFFFFFFFFFFFFFFFFFFF2B
:10559000FFFFFFFFFFFFFFFFFFFFFFFFFFFFFFFF1B
:1055A000FFFFFFFFFFFFFFFFFFFFFFFFFFFFFFFF0B
:1055B000FFFFFFFFFFFFFFFFFFFFFFFFFFFFFFFFFB
:1055C000FFFFFFFFFFFFFFFFFFFFFFFFFFFFFFFFEB
:1055D000FFFFFFFFFFFFFFFFFFFFFFFFFFFFFFFFDB
:1055E000FFFFFFFFFFFFFFFFFFFFFFFFFFFFFFFFCB
:1055F000FFFFFFFFFFFFFFFFFFFFFFFFFFFFFFFFBB
:10560000FFFFFFFFFFFFFFFFFFFFFFFFFFFFFFFFAA
:10561000FFFFFFFFFFFFFFFFFFFFFFFFFFFFFFFF9A
:10562000FFFFFFFFFFFFFFFFFFFFFFFFFFFFFFFF8A
:10563000FFFFFFFFFFFFFFFFFFFFFFFFFFFFFFFF7A
:10564000FFFFFFFFFFFFFFFFFFFFFFFFFFFFFFFF6A
:10565000FFFFFFFFFFFFFFFFFFFFFFFFFFFFFFFF5A
:10566000FFFFFFFFFFFFFFFFFFFFFFFFFFFFFFFF4A
:10567000FFFFFFFFFFFFFFFFFFFFFFFFFFFFFFFF3A
:10568000FFFFFFFFFFFFFFFFFFFFFFFFFFFFFFFF2A
:10569000FFFFFFFFFFFFFFFFFFFFFFFFFFFFFFFF1A
:1056A000FFFFFFFFFFFFFFFFFFFFFFFFFFFFFFFF0A
:1056B000FFFFFFFFFFFFFFFFFFFFFFFFFFFFFFFFFA
:1056C000FFFFFFFFFFFFFFFFFFFFFFFFFFFFFFFFEA
:1056D000FFFFFFFFFFFFFFFFFFFFFFFFFFFFFFFFDA
:1056E000FFFFFFFFFFFFFFFFFFFFFFFFFFFFFFFFCA
:1056F000FFFFFFFFFFFFFFFFFFFFFFFFFFFFFFFFBA
:10570000FFFFFFFFFFFFFFFFFFFFFFFFFFFFFFFFA9
:10571000FFFFFFFFFFFFFFFFFFFFFFFFFFFFFFFF99
:10572000FFFFFFFFFFFFFFFFFFFFFFFFFFFFFFFF89
:10573000FFFFFFFFFFFFFFFFFFFFFFFFFFFFFFFF79
:10574000FFFFFFFFFFFFFFFFFFFFFFFFFFFFFFFF69
:10575000FFFFFFFFFFFFFFFFFFFFFFFFFFFFFFFF59
:10576000FFFFFFFFFFFFFFFFFFFFFFFFFFFFFFFF49
:10577000FFFFFFFFFFFFFFFFFFFFFFFFFFFFFFFF39
:10578000FFFFFFFFFFFFFFFFFFFFFFFFFFFFFFFF29
:10579000FFFFFFFFFFFFFFFFFFFFFFFFFFFFFFFF19
:1057A000FFFFFFFFFFFFFFFFFFFFFFFFFFFFFFFF09
:1057B000FFFFFFFFFFFFFFFFFFFFFFFFFFFFFFFFF9
:1057C000FFFFFFFFFFFFFFFFFFFFFFFFFFFFFFFFE9
:1057D000FFFFFFFFFFFFFFFFFFFFFFFFFFFFFFFFD9
:1057E000FFFFFFFFFFFFFFFFFFFFFFFFFFFFFFFFC9
:1057F000FFFFFFFFFFFFFFFFFFFFFFFFFFFFFFFFB9
:10580000FFFFFFFFFFFFFFFFFFFFFFFFFFFFFFFFA8
:10581000FFFFFFFFFFFFFFFFFFFFFFFFFFFFFFFF98
:10582000FFFFFFFFFFFFFFFFFFFFFFFFFFFFFFFF88
:10583000FFFFFFFFFFFFFFFFFFFFFFFFFFFFFFFF78
:10584000FFFFFFFFFFFFFFFFFFFFFFFFFFFFFFFF68
:10585000FFFFFFFFFFFFFFFFFFFFFFFFFFFFFFFF58
:10586000FFFFFFFFFFFFFFFFFFFFFFFFFFFFFFFF48
:10587000FFFFFFFFFFFFFFFFFFFFFFFFFFFFFFFF38
:10588000FFFFFFFFFFFFFFFFFFFFFFFFFFFFFFFF28
:10589000FFFFFFFFFFFFFFFFFFFFFFFFFFFFFFFF18
:1058A000FFFFFFFFFFFFFFFFFFFFFFFFFFFFFFFF08
:1058B000FFFFFFFFFFFFFFFFFFFFFFFFFFFFFFFFF8
:1058C000FFFFFFFFFFFFFFFFFFFFFFFFFFFFFFFFE8
:1058D000FFFFFFFFFFFFFFFFFFFFFFFFFFFFFFFFD8
:1058E000FFFFFFFFFFFFFFFFFFFFFFFFFFFFFFFFC8
:1058F000FFFFFFFFFFFFFFFFFFFFFFFFFFFFFFFFB8
:10590000FFFFFFFFFFFFFFFFFFFFFFFFFFFFFFFFA7
:10591000FFFFFFFFFFFFFFFFFFFFFFFFFFFFFFFF97
:10592000FFFFFFFFFFFFFFFFFFFFFFFFFFFFFFFF87
:10593000FFFFFFFFFFFFFFFFFFFFFFFFFFFFFFFF77
:10594000FFFFFFFFFFFFFFFFFFFFFFFFFFFFFFFF67
:10595000FFFFFFFFFFFFFFFFFFFFFFFFFFFFFFFF57
:10596000FFFFFFFFFFFFFFFFFFFFFFFFFFFFFFFF47
:10597000FFFFFFFFFFFFFFFFFFFFFFFFFFFFFFFF37
:10598000FFFFFFFFFFFFFFFFFFFFFFFFFFFFFFFF27
:10599000FFFFFFFFFFFFFFFFFFFFFFFFFFFFFFFF17
:1059A000FFFFFFFFFFFFFFFFFFFFFFFFFFFFFFFF07
:1059B000FFFFFFFFFFFFFFFFFFFFFFFFFFFFFFFFF7
:1059C000FFFFFFFFFFFFFFFFFFFFFFFFFFFFFFFFE7
:1059D000FFFFFFFFFFFFFFFFFFFFFFFFFFFFFFFFD7
:1059E000FFFFFFFFFFFFFFFFFFFFFFFFFFFFFFFFC7
:1059F000FFFFFFFFFFFFFFFFFFFFFFFFFFFFFFFFB7
:105A0000FFFFFFFFFFFFFFFFFFFFFFFFFFFFFFFFA6
:105A1000FFFFFFFFFFFFFFFFFFFFFFFFFFFFFFFF96
:105A2000FFFFFFFFFFFFFFFFFFFFFFFFFFFFFFFF86
:105A3000FFFFFFFFFFFFFFFFFFFFFFFFFFFFFFFF76
:105A4000FFFFFFFFFFFFFFFFFFFFFFFFFFFFFFFF66
:105A5000FFFFFFFFFFFFFFFFFFFFFFFFFFFFFFFF56
:105A6000FFFFFFFFFFFFFFFFFFFFFFFFFFFFFFFF46
:105A7000FFFFFFFFFFFFFFFFFFFFFFFFFFFFFFFF36
:105A8000FFFFFFFFFFFFFFFFFFFFFFFFFFFFFFFF26
:105A9000FFFFFFFFFFFFFFFFFFFFFFFFFFFFFFFF16
:105AA000FFFFFFFFFFFFFFFFFFFFFFFFFFFFFFFF06
:105AB000FFFFFFFFFFFFFFFFFFFFFFFFFFFFFFFFF6
:105AC000FFFFFFFFFFFFFFFFFFFFFFFFFFFFFFFFE6
:105AD000FFFFFFFFFFFFFFFFFFFFFFFFFFFFFFFFD6
:105AE000FFFFFFFFFFFFFFFFFFFFFFFFFFFFFFFFC6
:105AF000FFFFFFFFFFFFFFFFFFFFFFFFFFFFFFFFB6
:105B0000FFFFFFFFFFFFFFFFFFFFFFFFFFFFFFFFA5
:105B1000FFFFFFFFFFFFFFFFFFFFFFFFFFFFFFFF95
:105B2000FFFFFFFFFFFFFFFFFFFFFFFFFFFFFFFF85
:105B3000FFFFFFFFFFFFFFFFFFFFFFFFFFFFFFFF75
:105B4000FFFFFFFFFFFFFFFFFFFFFFFFFFFFFFFF65
:105B5000FFFFFFFFFFFFFFFFFFFFFFFFFFFFFFFF55
:105B6000FFFFFFFFFFFFFFFFFFFFFFFFFFFFFFFF45
:105B7000FFFFFFFFFFFFFFFFFFFFFFFFFFFFFFFF35
:105B8000FFFFFFFFFFFFFFFFFFFFFFFFFFFFFFFF25
:105B9000FFFFFFFFFFFFFFFFFFFFFFFFFFFFFFFF15
:105BA000FFFFFFFFFFFFFFFFFFFFFFFFFFFFFFFF05
:105BB000FFFFFFFFFFFFFFFFFFFFFFFFFFFFFFFFF5
:105BC000FFFFFFFFFFFFFFFFFFFFFFFFFFFFFFFFE5
:105BD000FFFFFFFFFFFFFFFFFFFFFFFFFFFFFFFFD5
:105BE000FFFFFFFFFFFFFFFFFFFFFFFFFFFFFFFFC5
:105BF000FFFFFFFFFFFFFFFFFFFFFFFFFFFFFFFFB5
:105C0000FFFFFFFFFFFFFFFFFFFFFFFFFFFFFFFFA4
:105C1000FFFFFFFFFFFFFFFFFFFFFFFFFFFFFFFF94
:105C2000FFFFFFFFFFFFFFFFFFFFFFFFFFFFFFFF84
:105C3000FFFFFFFFFFFFFFFFFFFFFFFFFFFFFFFF74
:105C4000FFFFFFFFFFFFFFFFFFFFFFFFFFFFFFFF64
:105C5000FFFFFFFFFFFFFFFFFFFFFFFFFFFFFFFF54
:105C6000FFFFFFFFFFFFFFFFFFFFFFFFFFFFFFFF44
:105C7000FFFFFFFFFFFFFFFFFFFFFFFFFFFFFFFF34
:105C8000FFFFFFFFFFFFFFFFFFFFFFFFFFFFFFFF24
:105C9000FFFFFFFFFFFFFFFFFFFFFFFFFFFFFFFF14
:105CA000FFFFFFFFFFFFFFFFFFFFFFFFFFFFFFFF04
:105CB000FFFFFFFFFFFFFFFFFFFFFFFFFFFFFFFFF4
:105CC000FFFFFFFFFFFFFFFFFFFFFFFFFFFFFFFFE4
:105CD000FFFFFFFFFFFFFFFFFFFFFFFFFFFFFFFFD4
:105CE000FFFFFFFFFFFFFFFFFFFFFFFFFFFFFFFFC4
:105CF000FFFFFFFFFFFFFFFFFFFFFFFFFFFFFFFFB4
:105D0000FFFFFFFFFFFFFFFFFFFFFFFFFFFFFFFFA3
:105D1000FFFFFFFFFFFFFFFFFFFFFFFFFFFFFFFF93
:105D2000FFFFFFFFFFFFFFFFFFFFFFFFFFFFFFFF83
:105D3000FFFFFFFFFFFFFFFFFFFFFFFFFFFFFFFF73
:105D4000FFFFFFFFFFFFFFFFFFFFFFFFFFFFFFFF63
:105D5000FFFFFFFFFFFFFFFFFFFFFFFFFFFFFFFF53
:105D6000FFFFFFFFFFFFFFFFFFFFFFFFFFFFFFFF43
:105D7000FFFFFFFFFFFFFFFFFFFFFFFFFFFFFFFF33
:105D8000FFFFFFFFFFFFFFFFFFFFFFFFFFFFFFFF23
:105D9000FFFFFFFFFFFFFFFFFFFFFFFFFFFFFFFF13
:105DA000FFFFFFFFFFFFFFFFFFFFFFFFFFFFFFFF03
:105DB000FFFFFFFFFFFFFFFFFFFFFFFFFFFFFFFFF3
:105DC000FFFFFFFFFFFFFFFFFFFFFFFFFFFFFFFFE3
:105DD000FFFFFFFFFFFFFFFFFFFFFFFFFFFFFFFFD3
:105DE000FFFFFFFFFFFFFFFFFFFFFFFFFFFFFFFFC3
:105DF000FFFFFFFFFFFFFFFFFFFFFFFFFFFFFFFFB3
:105E0000FFFFFFFFFFFFFFFFFFFFFFFFFFFFFFFFA2
:105E1000FFFFFFFFFFFFFFFFFFFFFFFFFFFFFFFF92
:105E2000FFFFFFFFFFFFFFFFFFFFFFFFFFFFFFFF82
:105E3000FFFFFFFFFFFFFFFFFFFFFFFFFFFFFFFF72
:105E4000FFFFFFFFFFFFFFFFFFFFFFFFFFFFFFFF62
:105E5000FFFFFFFFFFFFFFFFFFFFFFFFFFFFFFFF52
:105E6000FFFFFFFFFFFFFFFFFFFFFFFFFFFFFFFF42
:105E7000FFFFFFFFFFFFFFFFFFFFFFFFFFFFFFFF32
:105E8000FFFFFFFFFFFFFFFFFFFFFFFFFFFFFFFF22
:105E9000FFFFFFFFFFFFFFFFFFFFFFFFFFFFFFFF12
:105EA000FFFFFFFFFFFFFFFFFFFFFFFFFFFFFFFF02
:105EB000FFFFFFFFFFFFFFFFFFFFFFFFFFFFFFFFF2
:105EC000FFFFFFFFFFFFFFFFFFFFFFFFFFFFFFFFE2
:105ED000FFFFFFFFFFFFFFFFFFFFFFFFFFFFFFFFD2
:105EE000FFFFFFFFFFFFFFFFFFFFFFFFFFFFFFFFC2
:105EF000FFFFFFFFFFFFFFFFFFFFFFFFFFFFFFFFB2
:105F0000FFFFFFFFFFFFFFFFFFFFFFFFFFFFFFFFA1
:105F1000FFFFFFFFFFFFFFFFFFFFFFFFFFFFFFFF91
:105F2000FFFFFFFFFFFFFFFFFFFFFFFFFFFFFFFF81
:105F3000FFFFFFFFFFFFFFFFFFFFFFFFFFFFFFFF71
:105F4000FFFFFFFFFFFFFFFFFFFFFFFFFFFFFFFF61
:105F5000FFFFFFFFFFFFFFFFFFFFFFFFFFFFFFFF51
:105F6000FFFFFFFFFFFFFFFFFFFFFFFFFFFFFFFF41
:105F7000FFFFFFFFFFFFFFFFFFFFFFFFFFFFFFFF31
:105F8000FFFFFFFFFFFFFFFFFFFFFFFFFFFFFFFF21
:105F9000FFFFFFFFFFFFFFFFFFFFFFFFFFFFFFFF11
:105FA000FFFFFFFFFFFFFFFFFFFFFFFFFFFFFFFF01
:105FB000FFFFFFFFFFFFFFFFFFFFFFFFFFFFFFFFF1
:105FC000FFFFFFFFFFFFFFFFFFFFFFFFFFFFFFFFE1
:105FD000FFFFFFFFFFFFFFFFFFFFFFFFFFFFFFFFD1
:105FE000FFFFFFFFFFFFFFFFFFFFFFFFFFFFFFFFC1
:105FF000FFFFFFFFFFFFFFFFFFFFFFFFFFFFFFFFB1
:10600000FFFFFFFFFFFFFFFFFFFFFFFFFFFFFFFFA0
:10601000FFFFFFFFFFFFFFFFFFFFFFFFFFFFFFFF90
:10602000FFFFFFFFFFFFFFFFFFFFFFFFFFFFFFFF80
:10603000FFFFFFFFFFFFFFFFFFFFFFFFFFFFFFFF70
:10604000FFFFFFFFFFFFFFFFFFFFFFFFFFFFFFFF60
:10605000FFFFFFFFFFFFFFFFFFFFFFFFFFFFFFFF50
:10606000FFFFFFFFFFFFFFFFFFFFFFFFFFFFFFFF40
:10607000FFFFFFFFFFFFFFFFFFFFFFFFFFFFFFFF30
:10608000FFFFFFFFFFFFFFFFFFFFFFFFFFFFFFFF20
:10609000FFFFFFFFFFFFFFFFFFFFFFFFFFFFFFFF10
:1060A000FFFFFFFFFFFFFFFFFFFFFFFFFFFFFFFF00
:1060B000FFFFFFFFFFFFFFFFFFFFFFFFFFFFFFFFF0
:1060C000FFFFFFFFFFFFFFFFFFFFFFFFFFFFFFFFE0
:1060D000FFFFFFFFFFFFFFFFFFFFFFFFFFFFFFFFD0
:1060E000FFFFFFFFFFFFFFFFFFFFFFFFFFFFFFFFC0
:1060F000FFFFFFFFFFFFFFFFFFFFFFFFFFFFFFFFB0
:10610000FFFFFFFFFFFFFFFFFFFFFFFFFFFFFFFF9F
:10611000FFFFFFFFFFFFFFFFFFFFFFFFFFFFFFFF8F
:10612000FFFFFFFFFFFFFFFFFFFFFFFFFFFFFFFF7F
:10613000FFFFFFFFFFFFFFFFFFFFFFFFFFFFFFFF6F
:10614000FFFFFFFFFFFFFFFFFFFFFFFFFFFFFFFF5F
:10615000FFFFFFFFFFFFFFFFFFFFFFFFFFFFFFFF4F
:10616000FFFFFFFFFFFFFFFFFFFFFFFFFFFFFFFF3F
:10617000FFFFFFFFFFFFFFFFFFFFFFFFFFFFFFFF2F
:10618000FFFFFFFFFFFFFFFFFFFFFFFFFFFFFFFF1F
:10619000FFFFFFFFFFFFFFFFFFFFFFFFFFFFFFFF0F
:1061A000FFFFFFFFFFFFFFFFFFFFFFFFFFFFFFFFFF
:1061B000FFFFFFFFFFFFFFFFFFFFFFFFFFFFFFFFEF
:1061C000FFFFFFFFFFFFFFFFFFFFFFFFFFFFFFFFDF
:1061D000FFFFFFFFFFFFFFFFFFFFFFFFFFFFFFFFCF
:1061E000FFFFFFFFFFFFFFFFFFFFFFFFFFFFFFFFBF
:1061F000FFFFFFFFFFFFFFFFFFFFFFFFFFFFFFFFAF
:10620000FFFFFFFFFFFFFFFFFFFFFFFFFFFFFFFF9E
:10621000FFFFFFFFFFFFFFFFFFFFFFFFFFFFFFFF8E
:10622000FFFFFFFFFFFFFFFFFFFFFFFFFFFFFFFF7E
:10623000FFFFFFFFFFFFFFFFFFFFFFFFFFFFFFFF6E
:10624000FFFFFFFFFFFFFFFFFFFFFFFFFFFFFFFF5E
:10625000FFFFFFFFFFFFFFFFFFFFFFFFFFFFFFFF4E
:10626000FFFFFFFFFFFFFFFFFFFFFFFFFFFFFFFF3E
:10627000FFFFFFFFFFFFFFFFFFFFFFFFFFFFFFFF2E
:10628000FFFFFFFFFFFFFFFFFFFFFFFFFFFFFFFF1E
:10629000FFFFFFFFFFFFFFFFFFFFFFFFFFFFFFFF0E
:1062A000FFFFFFFFFFFFFFFFFFFFFFFFFFFFFFFFFE
:1062B000FFFFFFFFFFFFFFFFFFFFFFFFFFFFFFFFEE
:1062C000FFFFFFFFFFFFFFFFFFFFFFFFFFFFFFFFDE
:1062D000FFFFFFFFFFFFFFFFFFFFFFFFFFFFFFFFCE
:1062E000FFFFFFFFFFFFFFFFFFFFFFFFFFFFFFFFBE
:1062F000FFFFFFFFFFFFFFFFFFFFFFFFFFFFFFFFAE
:10630000FFFFFFFFFFFFFFFFFFFFFFFFFFFFFFFF9D
:10631000FFFFFFFFFFFFFFFFFFFFFFFFFFFFFFFF8D
:10632000FFFFFFFFFFFFFFFFFFFFFFFFFFFFFFFF7D
:10633000FFFFFFFFFFFFFFFFFFFFFFFFFFFFFFFF6D
:10634000FFFFFFFFFFFFFFFFFFFFFFFFFFFFFFFF5D
:10635000FFFFFFFFFFFFFFFFFFFFFFFFFFFFFFFF4D
:10636000FFFFFFFFFFFFFFFFFFFFFFFFFFFFFFFF3D
:10637000FFFFFFFFFFFFFFFFFFFFFFFFFFFFFFFF2D
:10638000FFFFFFFFFFFFFFFFFFFFFFFFFFFFFFFF1D
:10639000FFFFFFFFFFFFFFFFFFFFFFFFFFFFFFFF0D
:1063A000FFFFFFFFFFFFFFFFFFFFFFFFFFFFFFFFFD
:1063B000FFFFFFFFFFFFFFFFFFFFFFFFFFFFFFFFED
:1063C000FFFFFFFFFFFFFFFFFFFFFFFFFFFFFFFFDD
:1063D000FFFFFFFFFFFFFFFFFFFFFFFFFFFFFFFFCD
:1063E000FFFFFFFFFFFFFFFFFFFFFFFFFFFFFFFFBD
:1063F000FFFFFFFFFFFFFFFFFFFFFFFFFFFFFFFFAD
:10640000FFFFFFFFFFFFFFFFFFFFFFFFFFFFFFFF9C
:10641000FFFFFFFFFFFFFFFFFFFFFFFFFFFFFFFF8C
:10642000FFFFFFFFFFFFFFFFFFFFFFFFFFFFFFFF7C
:10643000FFFFFFFFFFFFFFFFFFFFFFFFFFFFFFFF6C
:10644000FFFFFFFFFFFFFFFFFFFFFFFFFFFFFFFF5C
:10645000FFFFFFFFFFFFFFFFFFFFFFFFFFFFFFFF4C
:10646000FFFFFFFFFFFFFFFFFFFFFFFFFFFFFFFF3C
:10647000FFFFFFFFFFFFFFFFFFFFFFFFFFFFFFFF2C
:10648000FFFFFFFFFFFFFFFFFFFFFFFFFFFFFFFF1C
:10649000FFFFFFFFFFFFFFFFFFFFFFFFFFFFFFFF0C
:1064A000FFFFFFFFFFFFFFFFFFFFFFFFFFFFFFFFFC
:1064B000FFFFFFFFFFFFFFFFFFFFFFFFFFFFFFFFEC
:1064C000FFFFFFFFFFFFFFFFFFFFFFFFFFFFFFFFDC
:1064D000FFFFFFFFFFFFFFFFFFFFFFFFFFFFFFFFCC
:1064E000FFFFFFFFFFFFFFFFFFFFFFFFFFFFFFFFBC
:1064F000FFFFFFFFFFFFFFFFFFFFFFFFFFFFFFFFAC
:10650000FFFFFFFFFFFFFFFFFFFFFFFFFFFFFFFF9B
:10651000FFFFFFFFFFFFFFFFFFFFFFFFFFFFFFFF8B
:10652000FFFFFFFFFFFFFFFFFFFFFFFFFFFFFFFF7B
:10653000FFFFFFFFFFFFFFFFFFFFFFFFFFFFFFFF6B
:10654000FFFFFFFFFFFFFFFFFFFFFFFFFFFFFFFF5B
:10655000FFFFFFFFFFFFFFFFFFFFFFFFFFFFFFFF4B
:10656000FFFFFFFFFFFFFFFFFFFFFFFFFFFFFFFF3B
:10657000FFFFFFFFFFFFFFFFFFFFFFFFFFFFFFFF2B
:10658000FFFFFFFFFFFFFFFFFFFFFFFFFFFFFFFF1B
:10659000FFFFFFFFFFFFFFFFFFFFFFFFFFFFFFFF0B
:1065A000FFFFFFFFFFFFFFFFFFFFFFFFFFFFFFFFFB
:1065B000FFFFFFFFFFFFFFFFFFFFFFFFFFFFFFFFEB
:1065C000FFFFFFFFFFFFFFFFFFFFFFFFFFFFFFFFDB
:1065D000FFFFFFFFFFFFFFFFFFFFFFFFFFFFFFFFCB
:1065E000FFFFFFFFFFFFFFFFFFFFFFFFFFFFFFFFBB
:1065F000FFFFFFFFFFFFFFFFFFFFFFFFFFFFFFFFAB
:10660000FFFFFFFFFFFFFFFFFFFFFFFFFFFFFFFF9A
:10661000FFFFFFFFFFFFFFFFFFFFFFFFFFFFFFFF8A
:10662000FFFFFFFFFFFFFFFFFFFFFFFFFFFFFFFF7A
:10663000FFFFFFFFFFFFFFFFFFFFFFFFFFFFFFFF6A
:10664000FFFFFFFFFFFFFFFFFFFFFFFFFFFFFFFF5A
:10665000FFFFFFFFFFFFFFFFFFFFFFFFFFFFFFFF4A
:10666000FFFFFFFFFFFFFFFFFFFFFFFFFFFFFFFF3A
:10667000FFFFFFFFFFFFFFFFFFFFFFFFFFFFFFFF2A
:10668000FFFFFFFFFFFFFFFFFFFFFFFFFFFFFFFF1A
:10669000FFFFFFFFFFFFFFFFFFFFFFFFFFFFFFFF0A
:1066A000FFFFFFFFFFFFFFFFFFFFFFFFFFFFFFFFFA
:1066B000FFFFFFFFFFFFFFFFFFFFFFFFFFFFFFFFEA
:1066C000FFFFFFFFFFFFFFFFFFFFFFFFFFFFFFFFDA
:1066D000FFFFFFFFFFFFFFFFFFFFFFFFFFFFFFFFCA
:1066E000FFFFFFFFFFFFFFFFFFFFFFFFFFFFFFFFBA
:1066F000FFFFFFFFFFFFFFFFFFFFFFFFFFFFFFFFAA
:10670000FFFFFFFFFFFFFFFFFFFFFFFFFFFFFFFF99
:10671000FFFFFFFFFFFFFFFFFFFFFFFFFFFFFFFF89
:10672000FFFFFFFFFFFFFFFFFFFFFFFFFFFFFFFF79
:10673000FFFFFFFFFFFFFFFFFFFFFFFFFFFFFFFF69
:10674000FFFFFFFFFFFFFFFFFFFFFFFFFFFFFFFF59
:10675000FFFFFFFFFFFFFFFFFFFFFFFFFFFFFFFF49
:10676000FFFFFFFFFFFFFFFFFFFFFFFFFFFFFFFF39
:10677000FFFFFFFFFFFFFFFFFFFFFFFFFFFFFFFF29
:10678000FFFFFFFFFFFFFFFFFFFFFFFFFFFFFFFF19
:10679000FFFFFFFFFFFFFFFFFFFFFFFFFFFFFFFF09
:1067A000FFFFFFFFFFFFFFFFFFFFFFFFFFFFFFFFF9
:1067B000FFFFFFFFFFFFFFFFFFFFFFFFFFFFFFFFE9
:1067C000FFFFFFFFFFFFFFFFFFFFFFFFFFFFFFFFD9
:1067D000FFFFFFFFFFFFFFFFFFFFFFFFFFFFFFFFC9
:1067E000FFFFFFFFFFFFFFFFFFFFFFFFFFFFFFFFB9
:1067F000FFFFFFFFFFFFFFFFFFFFFFFFFFFFFFFFA9
:10680000FFFFFFFFFFFFFFFFFFFFFFFFFFFFFFFF98
:10681000FFFFFFFFFFFFFFFFFFFFFFFFFFFFFFFF88
:10682000FFFFFFFFFFFFFFFFFFFFFFFFFFFFFFFF78
:10683000FFFFFFFFFFFFFFFFFFFFFFFFFFFFFFFF68
:10684000FFFFFFFFFFFFFFFFFFFFFFFFFFFFFFFF58
:10685000FFFFFFFFFFFFFFFFFFFFFFFFFFFFFFFF48
:10686000FFFFFFFFFFFFFFFFFFFFFFFFFFFFFFFF38
:10687000FFFFFFFFFFFFFFFFFFFFFFFFFFFFFFFF28
:10688000FFFFFFFFFFFFFFFFFFFFFFFFFFFFFFFF18
:10689000FFFFFFFFFFFFFFFFFFFFFFFFFFFFFFFF08
:1068A000FFFFFFFFFFFFFFFFFFFFFFFFFFFFFFFFF8
:1068B000FFFFFFFFFFFFFFFFFFFFFFFFFFFFFFFFE8
:1068C000FFFFFFFFFFFFFFFFFFFFFFFFFFFFFFFFD8
:1068D000FFFFFFFFFFFFFFFFFFFFFFFFFFFFFFFFC8
:1068E000FFFFFFFFFFFFFFFFFFFFFFFFFFFFFFFFB8
:1068F000FFFFFFFFFFFFFFFFFFFFFFFFFFFFFFFFA8
:10690000FFFFFFFFFFFFFFFFFFFFFFFFFFFFFFFF97
:10691000FFFFFFFFFFFFFFFFFFFFFFFFFFFFFFFF87
:10692000FFFFFFFFFFFFFFFFFFFFFFFFFFFFFFFF77
:10693000FFFFFFFFFFFFFFFFFFFFFFFFFFFFFFFF67
:10694000FFFFFFFFFFFFFFFFFFFFFFFFFFFFFFFF57
:10695000FFFFFFFFFFFFFFFFFFFFFFFFFFFFFFFF47
:10696000FFFFFFFFFFFFFFFFFFFFFFFFFFFFFFFF37
:10697000FFFFFFFFFFFFFFFFFFFFFFFFFFFFFFFF27
:10698000FFFFFFFFFFFFFFFFFFFFFFFFFFFFFFFF17
:10699000FFFFFFFFFFFFFFFFFFFFFFFFFFFFFFFF07
:1069A000FFFFFFFFFFFFFFFFFFFFFFFFFFFFFFFFF7
:1069B000FFFFFFFFFFFFFFFFFFFFFFFFFFFFFFFFE7
:1069C000FFFFFFFFFFFFFFFFFFFFFFFFFFFFFFFFD7
:1069D000FFFFFFFFFFFFFFFFFFFFFFFFFFFFFFFFC7
:1069E000FFFFFFFFFFFFFFFFFFFFFFFFFFFFFFFFB7
:1069F000FFFFFFFFFFFFFFFFFFFFFFFFFFFFFFFFA7
:106A0000FFFFFFFFFFFFFFFFFFFFFFFFFFFFFFFF96
:106A1000FFFFFFFFFFFFFFFFFFFFFFFFFFFFFFFF86
:106A2000FFFFFFFFFFFFFFFFFFFFFFFFFFFFFFFF76
:106A3000FFFFFFFFFFFFFFFFFFFFFFFFFFFFFFFF66
:106A4000FFFFFFFFFFFFFFFFFFFFFFFFFFFFFFFF56
:106A5000FFFFFFFFFFFFFFFFFFFFFFFFFFFFFFFF46
:106A6000FFFFFFFFFFFFFFFFFFFFFFFFFFFFFFFF36
:106A7000FFFFFFFFFFFFFFFFFFFFFFFFFFFFFFFF26
:106A8000FFFFFFFFFFFFFFFFFFFFFFFFFFFFFFFF16
:106A9000FFFFFFFFFFFFFFFFFFFFFFFFFFFFFFFF06
:106AA000FFFFFFFFFFFFFFFFFFFFFFFFFFFFFFFFF6
:106AB000FFFFFFFFFFFFFFFFFFFFFFFFFFFFFFFFE6
:106AC000FFFFFFFFFFFFFFFFFFFFFFFFFFFFFFFFD6
:106AD000FFFFFFFFFFFFFFFFFFFFFFFFFFFFFFFFC6
:106AE000FFFFFFFFFFFFFFFFFFFFFFFFFFFFFFFFB6
:106AF000FFFFFFFFFFFFFFFFFFFFFFFFFFFFFFFFA6
:106B0000FFFFFFFFFFFFFFFFFFFFFFFFFFFFFFFF95
:106B1000FFFFFFFFFFFFFFFFFFFFFFFFFFFFFFFF85
:106B2000FFFFFFFFFFFFFFFFFFFFFFFFFFFFFFFF75
:106B3000FFFFFFFFFFFFFFFFFFFFFFFFFFFFFFFF65
:106B4000FFFFFFFFFFFFFFFFFFFFFFFFFFFFFFFF55
:106B5000FFFFFFFFFFFFFFFFFFFFFFFFFFFFFFFF45
:106B6000FFFFFFFFFFFFFFFFFFFFFFFFFFFFFFFF35
:106B7000FFFFFFFFFFFFFFFFFFFFFFFFFFFFFFFF25
:106B8000FFFFFFFFFFFFFFFFFFFFFFFFFFFFFFFF15
:106B9000FFFFFFFFFFFFFFFFFFFFFFFFFFFFFFFF05
:106BA000FFFFFFFFFFFFFFFFFFFFFFFFFFFFFFFFF5
:106BB000FFFFFFFFFFFFFFFFFFFFFFFFFFFFFFFFE5
:106BC000FFFFFFFFFFFFFFFFFFFFFFFFFFFFFFFFD5
:106BD000FFFFFFFFFFFFFFFFFFFFFFFFFFFFFFFFC5
:106BE000FFFFFFFFFFFFFFFFFFFFFFFFFFFFFFFFB5
:106BF000FFFFFFFFFFFFFFFFFFFFFFFFFFFFFFFFA5
:106C0000FFFFFFFFFFFFFFFFFFFFFFFFFFFFFFFF94
:106C1000FFFFFFFFFFFFFFFFFFFFFFFFFFFFFFFF84
:106C2000FFFFFFFFFFFFFFFFFFFFFFFFFFFFFFFF74
:106C3000FFFFFFFFFFFFFFFFFFFFFFFFFFFFFFFF64
:106C4000FFFFFFFFFFFFFFFFFFFFFFFFFFFFFFFF54
:106C5000FFFFFFFFFFFFFFFFFFFFFFFFFFFFFFFF44
:106C6000FFFFFFFFFFFFFFFFFFFFFFFFFFFFFFFF34
:106C7000FFFFFFFFFFFFFFFFFFFFFFFFFFFFFFFF24
:106C8000FFFFFFFFFFFFFFFFFFFFFFFFFFFFFFFF14
:106C9000FFFFFFFFFFFFFFFFFFFFFFFFFFFFFFFF04
:106CA000FFFFFFFFFFFFFFFFFFFFFFFFFFFFFFFFF4
:106CB000FFFFFFFFFFFFFFFFFFFFFFFFFFFFFFFFE4
:106CC000FFFFFFFFFFFFFFFFFFFFFFFFFFFFFFFFD4
:106CD000FFFFFFFFFFFFFFFFFFFFFFFFFFFFFFFFC4
:106CE000FFFFFFFFFFFFFFFFFFFFFFFFFFFFFFFFB4
:106CF000FFFFFFFFFFFFFFFFFFFFFFFFFFFFFFFFA4
:106D0000FFFFFFFFFFFFFFFFFFFFFFFFFFFFFFFF93
:106D1000FFFFFFFFFFFFFFFFFFFFFFFFFFFFFFFF83
:106D2000FFFFFFFFFFFFFFFFFFFFFFFFFFFFFFFF73
:106D3000FFFFFFFFFFFFFFFFFFFFFFFFFFFFFFFF63
:106D4000FFFFFFFFFFFFFFFFFFFFFFFFFFFFFFFF53
:106D5000FFFFFFFFFFFFFFFFFFFFFFFFFFFFFFFF43
:106D6000FFFFFFFFFFFFFFFFFFFFFFFFFFFFFFFF33
:106D7000FFFFFFFFFFFFFFFFFFFFFFFFFFFFFFFF23
:106D8000FFFFFFFFFFFFFFFFFFFFFFFFFFFFFFFF13
:106D9000FFFFFFFFFFFFFFFFFFFFFFFFFFFFFFFF03
:106DA000FFFFFFFFFFFFFFFFFFFFFFFFFFFFFFFFF3
:106DB000FFFFFFFFFFFFFFFFFFFFFFFFFFFFFFFFE3
:106DC000FFFFFFFFFFFFFFFFFFFFFFFFFFFFFFFFD3
:106DD000FFFFFFFFFFFFFFFFFFFFFFFFFFFFFFFFC3
:106DE000FFFFFFFFFFFFFFFFFFFFFFFFFFFFFFFFB3
:106DF000FFFFFFFFFFFFFFFFFFFFFFFFFFFFFFFFA3
:106E0000FFFFFFFFFFFFFFFFFFFFFFFFFFFFFFFF92
:106E1000FFFFFFFFFFFFFFFFFFFFFFFFFFFFFFFF82
:106E2000FFFFFFFFFFFFFFFFFFFFFFFFFFFFFFFF72
:106E3000FFFFFFFFFFFFFFFFFFFFFFFFFFFFFFFF62
:106E4000FFFFFFFFFFFFFFFFFFFFFFFFFFFFFFFF52
:106E5000FFFFFFFFFFFFFFFFFFFFFFFFFFFFFFFF42
:106E6000FFFFFFFFFFFFFFFFFFFFFFFFFFFFFFFF32
:106E7000FFFFFFFFFFFFFFFFFFFFFFFFFFFFFFFF22
:106E8000FFFFFFFFFFFFFFFFFFFFFFFFFFFFFFFF12
:106E9000FFFFFFFFFFFFFFFFFFFFFFFFFFFFFFFF02
:106EA000FFFFFFFFFFFFFFFFFFFFFFFFFFFFFFFFF2
:106EB000FFFFFFFFFFFFFFFFFFFFFFFFFFFFFFFFE2
:106EC000FFFFFFFFFFFFFFFFFFFFFFFFFFFFFFFFD2
:106ED000FFFFFFFFFFFFFFFFFFFFFFFFFFFFFFFFC2
:106EE000FFFFFFFFFFFFFFFFFFFFFFFFFFFFFFFFB2
:106EF000FFFFFFFFFFFFFFFFFFFFFFFFFFFFFFFFA2
:106F0000FFFFFFFFFFFFFFFFFFFFFFFFFFFFFFFF91
:106F1000FFFFFFFFFFFFFFFFFFFFFFFFFFFFFFFF81
:106F2000FFFFFFFFFFFFFFFFFFFFFFFFFFFFFFFF71
:106F3000FFFFFFFFFFFFFFFFFFFFFFFFFFFFFFFF61
:106F4000FFFFFFFFFFFFFFFFFFFFFFFFFFFFFFFF51
:106F5000FFFFFFFFFFFFFFFFFFFFFFFFFFFFFFFF41
:106F6000FFFFFFFFFFFFFFFFFFFFFFFFFFFFFFFF31
:106F7000FFFFFFFFFFFFFFFFFFFFFFFFFFFFFFFF21
:106F8000FFFFFFFFFFFFFFFFFFFFFFFFFFFFFFFF11
:106F9000FFFFFFFFFFFFFFFFFFFFFFFFFFFFFFFF01
:106FA000FFFFFFFFFFFFFFFFFFFFFFFFFFFFFFFFF1
:106FB000FFFFFFFFFFFFFFFFFFFFFFFFFFFFFFFFE1
:106FC000FFFFFFFFFFFFFFFFFFFFFFFFFFFFFFFFD1
:106FD000FFFFFFFFFFFFFFFFFFFFFFFFFFFFFFFFC1
:106FE000FFFFFFFFFFFFFFFFFFFFFFFFFFFFFFFFB1
:106FF000FFFFFFFFFFFFFFFFFFFFFFFFFFFFFFFFA1
:10700000FFFFFFFFFFFFFFFFFFFFFFFFFFFFFFFF90
:10701000FFFFFFFFFFFFFFFFFFFFFFFFFFFFFFFF80
:10702000FFFFFFFFFFFFFFFFFFFFFFFFFFFFFFFF70
:10703000FFFFFFFFFFFFFFFFFFFFFFFFFFFFFFFF60
:10704000FFFFFFFFFFFFFFFFFFFFFFFFFFFFFFFF50
:10705000FFFFFFFFFFFFFFFFFFFFFFFFFFFFFFFF40
:10706000FFFFFFFFFFFFFFFFFFFFFFFFFFFFFFFF30
:10707000FFFFFFFFFFFFFFFFFFFFFFFFFFFFFFFF20
:10708000FFFFFFFFFFFFFFFFFFFFFFFFFFFFFFFF10
:10709000FFFFFFFFFFFFFFFFFFFFFFFFFFFFFFFF00
:1070A000FFFFFFFFFFFFFFFFFFFFFFFFFFFFFFFFF0
:1070B000FFFFFFFFFFFFFFFFFFFFFFFFFFFFFFFFE0
:1070C000FFFFFFFFFFFFFFFFFFFFFFFFFFFFFFFFD0
:1070D000FFFFFFFFFFFFFFFFFFFFFFFFFFFFFFFFC0
:1070E000FFFFFFFFFFFFFFFFFFFFFFFFFFFFFFFFB0
:1070F000FFFFFFFFFFFFFFFFFFFFFFFFFFFFFFFFA0
:10710000FFFFFFFFFFFFFFFFFFFFFFFFFFFFFFFF8F
:10711000FFFFFFFFFFFFFFFFFFFFFFFFFFFFFFFF7F
:10712000FFFFFFFFFFFFFFFFFFFFFFFFFFFFFFFF6F
:10713000FFFFFFFFFFFFFFFFFFFFFFFFFFFFFFFF5F
:10714000FFFFFFFFFFFFFFFFFFFFFFFFFFFFFFFF4F
:10715000FFFFFFFFFFFFFFFFFFFFFFFFFFFFFFFF3F
:10716000FFFFFFFFFFFFFFFFFFFFFFFFFFFFFFFF2F
:10717000FFFFFFFFFFFFFFFFFFFFFFFFFFFFFFFF1F
:10718000FFFFFFFFFFFFFFFFFFFFFFFFFFFFFFFF0F
:10719000FFFFFFFFFFFFFFFFFFFFFFFFFFFFFFFFFF
:1071A000FFFFFFFFFFFFFFFFFFFFFFFFFFFFFFFFEF
:1071B000FFFFFFFFFFFFFFFFFFFFFFFFFFFFFFFFDF
:1071C000FFFFFFFFFFFFFFFFFFFFFFFFFFFFFFFFCF
:1071D000FFFFFFFFFFFFFFFFFFFFFFFFFFFFFFFFBF
:1071E000FFFFFFFFFFFFFFFFFFFFFFFFFFFFFFFFAF
:1071F000FFFFFFFFFFFFFFFFFFFFFFFFFFFFFFFF9F
:10720000FFFFFFFFFFFFFFFFFFFFFFFFFFFFFFFF8E
:10721000FFFFFFFFFFFFFFFFFFFFFFFFFFFFFFFF7E
:10722000FFFFFFFFFFFFFFFFFFFFFFFFFFFFFFFF6E
:10723000FFFFFFFFFFFFFFFFFFFFFFFFFFFFFFFF5E
:10724000FFFFFFFFFFFFFFFFFFFFFFFFFFFFFFFF4E
:10725000FFFFFFFFFFFFFFFFFFFFFFFFFFFFFFFF3E
:10726000FFFFFFFFFFFFFFFFFFFFFFFFFFFFFFFF2E
:10727000FFFFFFFFFFFFFFFFFFFFFFFFFFFFFFFF1E
:10728000FFFFFFFFFFFFFFFFFFFFFFFFFFFFFFFF0E
:10729000FFFFFFFFFFFFFFFFFFFFFFFFFFFFFFFFFE
:1072A000FFFFFFFFFFFFFFFFFFFFFFFFFFFFFFFFEE
:1072B000FFFFFFFFFFFFFFFFFFFFFFFFFFFFFFFFDE
:1072C000FFFFFFFFFFFFFFFFFFFFFFFFFFFFFFFFCE
:1072D000FFFFFFFFFFFFFFFFFFFFFFFFFFFFFFFFBE
:1072E000FFFFFFFFFFFFFFFFFFFFFFFFFFFFFFFFAE
:1072F000FFFFFFFFFFFFFFFFFFFFFFFFFFFFFFFF9E
:10730000FFFFFFFFFFFFFFFFFFFFFFFFFFFFFFFF8D
:10731000FFFFFFFFFFFFFFFFFFFFFFFFFFFFFFFF7D
:10732000FFFFFFFFFFFFFFFFFFFFFFFFFFFFFFFF6D
:10733000FFFFFFFFFFFFFFFFFFFFFFFFFFFFFFFF5D
:10734000FFFFFFFFFFFFFFFFFFFFFFFFFFFFFFFF4D
:10735000FFFFFFFFFFFFFFFFFFFFFFFFFFFFFFFF3D
:10736000FFFFFFFFFFFFFFFFFFFFFFFFFFFFFFFF2D
:10737000FFFFFFFFFFFFFFFFFFFFFFFFFFFFFFFF1D
:10738000FFFFFFFFFFFFFFFFFFFFFFFFFFFFFFFF0D
:10739000FFFFFFFFFFFFFFFFFFFFFFFFFFFFFFFFFD
:1073A000FFFFFFFFFFFFFFFFFFFFFFFFFFFFFFFFED
:1073B000FFFFFFFFFFFFFFFFFFFFFFFFFFFFFFFFDD
:1073C000FFFFFFFFFFFFFFFFFFFFFFFFFFFFFFFFCD
:1073D000FFFFFFFFFFFFFFFFFFFFFFFFFFFFFFFFBD
:1073E000FFFFFFFFFFFFFFFFFFFFFFFFFFFFFFFFAD
:1073F000FFFFFFFFFFFFFFFFFFFFFFFFFFFFFFFF9D
:10740000FFFFFFFFFFFFFFFFFFFFFFFFFFFFFFFF8C
:10741000FFFFFFFFFFFFFFFFFFFFFFFFFFFFFFFF7C
:10742000FFFFFFFFFFFFFFFFFFFFFFFFFFFFFFFF6C
:10743000FFFFFFFFFFFFFFFFFFFFFFFFFFFFFFFF5C
:10744000FFFFFFFFFFFFFFFFFFFFFFFFFFFFFFFF4C
:10745000FFFFFFFFFFFFFFFFFFFFFFFFFFFFFFFF3C
:10746000FFFFFFFFFFFFFFFFFFFFFFFFFFFFFFFF2C
:10747000FFFFFFFFFFFFFFFFFFFFFFFFFFFFFFFF1C
:10748000FFFFFFFFFFFFFFFFFFFFFFFFFFFFFFFF0C
:10749000FFFFFFFFFFFFFFFFFFFFFFFFFFFFFFFFFC
:1074A000FFFFFFFFFFFFFFFFFFFFFFFFFFFFFFFFEC
:1074B000FFFFFFFFFFFFFFFFFFFFFFFFFFFFFFFFDC
:1074C000FFFFFFFFFFFFFFFFFFFFFFFFFFFFFFFFCC
:1074D000FFFFFFFFFFFFFFFFFFFFFFFFFFFFFFFFBC
:1074E000FFFFFFFFFFFFFFFFFFFFFFFFFFFFFFFFAC
:1074F000FFFFFFFFFFFFFFFFFFFFFFFFFFFFFFFF9C
:10750000FFFFFFFFFFFFFFFFFFFFFFFFFFFFFFFF8B
:10751000FFFFFFFFFFFFFFFFFFFFFFFFFFFFFFFF7B
:10752000FFFFFFFFFFFFFFFFFFFFFFFFFFFFFFFF6B
:10753000FFFFFFFFFFFFFFFFFFFFFFFFFFFFFFFF5B
:10754000FFFFFFFFFFFFFFFFFFFFFFFFFFFFFFFF4B
:10755000FFFFFFFFFFFFFFFFFFFFFFFFFFFFFFFF3B
:10756000FFFFFFFFFFFFFFFFFFFFFFFFFFFFFFFF2B
:10757000FFFFFFFFFFFFFFFFFFFFFFFFFFFFFFFF1B
:10758000FFFFFFFFFFFFFFFFFFFFFFFFFFFFFFFF0B
:10759000FFFFFFFFFFFFFFFFFFFFFFFFFFFFFFFFFB
:1075A000FFFFFFFFFFFFFFFFFFFFFFFFFFFFFFFFEB
:1075B000FFFFFFFFFFFFFFFFFFFFFFFFFFFFFFFFDB
:1075C000FFFFFFFFFFFFFFFFFFFFFFFFFFFFFFFFCB
:1075D000FFFFFFFFFFFFFFFFFFFFFFFFFFFFFFFFBB
:1075E000FFFFFFFFFFFFFFFFFFFFFFFFFFFFFFFFAB
:1075F000FFFFFFFFFFFFFFFFFFFFFFFFFFFFFFFF9B
:10760000FFFFFFFFFFFFFFFFFFFFFFFFFFFFFFFF8A
:10761000FFFFFFFFFFFFFFFFFFFFFFFFFFFFFFFF7A
:10762000FFFFFFFFFFFFFFFFFFFFFFFFFFFFFFFF6A
:10763000FFFFFFFFFFFFFFFFFFFFFFFFFFFFFFFF5A
:10764000FFFFFFFFFFFFFFFFFFFFFFFFFFFFFFFF4A
:10765000FFFFFFFFFFFFFFFFFFFFFFFFFFFFFFFF3A
:10766000FFFFFFFFFFFFFFFFFFFFFFFFFFFFFFFF2A
:10767000FFFFFFFFFFFFFFFFFFFFFFFFFFFFFFFF1A
:10768000FFFFFFFFFFFFFFFFFFFFFFFFFFFFFFFF0A
:10769000FFFFFFFFFFFFFFFFFFFFFFFFFFFFFFFFFA
:1076A000FFFFFFFFFFFFFFFFFFFFFFFFFFFFFFFFEA
:1076B000FFFFFFFFFFFFFFFFFFFFFFFFFFFFFFFFDA
:1076C000FFFFFFFFFFFFFFFFFFFFFFFFFFFFFFFFCA
:1076D000FFFFFFFFFFFFFFFFFFFFFFFFFFFFFFFFBA
:1076E000FFFFFFFFFFFFFFFFFFFFFFFFFFFFFFFFAA
:1076F000FFFFFFFFFFFFFFFFFFFFFFFFFFFFFFFF9A
:10770000FFFFFFFFFFFFFFFFFFFFFFFFFFFFFFFF89
:10771000FFFFFFFFFFFFFFFFFFFFFFFFFFFFFFFF79
:10772000FFFFFFFFFFFFFFFFFFFFFFFFFFFFFFFF69
:10773000FFFFFFFFFFFFFFFFFFFFFFFFFFFFFFFF59
:10774000FFFFFFFFFFFFFFFFFFFFFFFFFFFFFFFF49
:10775000FFFFFFFFFFFFFFFFFFFFFFFFFFFFFFFF39
:10776000FFFFFFFFFFFFFFFFFFFFFFFFFFFFFFFF29
:10777000FFFFFFFFFFFFFFFFFFFFFFFFFFFFFFFF19
:10778000FFFFFFFFFFFFFFFFFFFFFFFFFFFFFFFF09
:10779000FFFFFFFFFFFFFFFFFFFFFFFFFFFFFFFFF9
:1077A000FFFFFFFFFFFFFFFFFFFFFFFFFFFFFFFFE9
:1077B000FFFFFFFFFFFFFFFFFFFFFFFFFFFFFFFFD9
:1077C000FFFFFFFFFFFFFFFFFFFFFFFFFFFFFFFFC9
:1077D000FFFFFFFFFFFFFFFFFFFFFFFFFFFFFFFFB9
:1077E000FFFFFFFFFFFFFFFFFFFFFFFFFFFFFFFFA9
:1077F000FFFFFFFFFFFFFFFFFFFFFFFFFFFFFFFF99
:10780000FFFFFFFFFFFFFFFFFFFFFFFFFFFFFFFF88
:10781000FFFFFFFFFFFFFFFFFFFFFFFFFFFFFFFF78
:10782000FFFFFFFFFFFFFFFFFFFFFFFFFFFFFFFF68
:10783000FFFFFFFFFFFFFFFFFFFFFFFFFFFFFFFF58
:10784000FFFFFFFFFFFFFFFFFFFFFFFFFFFFFFFF48
:10785000FFFFFFFFFFFFFFFFFFFFFFFFFFFFFFFF38
:10786000FFFFFFFFFFFFFFFFFFFFFFFFFFFFFFFF28
:10787000FFFFFFFFFFFFFFFFFFFFFFFFFFFFFFFF18
:10788000FFFFFFFFFFFFFFFFFFFFFFFFFFFFFFFF08
:10789000FFFFFFFFFFFFFFFFFFFFFFFFFFFFFFFFF8
:1078A000FFFFFFFFFFFFFFFFFFFFFFFFFFFFFFFFE8
:1078B000FFFFFFFFFFFFFFFFFFFFFFFFFFFFFFFFD8
:1078C000FFFFFFFFFFFFFFFFFFFFFFFFFFFFFFFFC8
:1078D000FFFFFFFFFFFFFFFFFFFFFFFFFFFFFFFFB8
:1078E000FFFFFFFFFFFFFFFFFFFFFFFFFFFFFFFFA8
:1078F000FFFFFFFFFFFFFFFFFFFFFFFFFFFFFFFF98
:10790000FFFFFFFFFFFFFFFFFFFFFFFFFFFFFFFF87
:10791000FFFFFFFFFFFFFFFFFFFFFFFFFFFFFFFF77
:10792000FFFFFFFFFFFFFFFFFFFFFFFFFFFFFFFF67
:10793000FFFFFFFFFFFFFFFFFFFFFFFFFFFFFFFF57
:10794000FFFFFFFFFFFFFFFFFFFFFFFFFFFFFFFF47
:10795000FFFFFFFFFFFFFFFFFFFFFFFFFFFFFFFF37
:10796000FFFFFFFFFFFFFFFFFFFFFFFFFFFFFFFF27
:10797000FFFFFFFFFFFFFFFFFFFFFFFFFFFFFFFF17
:10798000FFFFFFFFFFFFFFFFFFFFFFFFFFFFFFFF07
:10799000FFFFFFFFFFFFFFFFFFFFFFFFFFFFFFFFF7
:1079A000FFFFFFFFFFFFFFFFFFFFFFFFFFFFFFFFE7
:1079B000FFFFFFFFFFFFFFFFFFFFFFFFFFFFFFFFD7
:1079C000FFFFFFFFFFFFFFFFFFFFFFFFFFFFFFFFC7
:1079D000FFFFFFFFFFFFFFFFFFFFFFFFFFFFFFFFB7
:1079E000FFFFFFFFFFFFFFFFFFFFFFFFFFFFFFFFA7
:1079F000FFFFFFFFFFFFFFFFFFFFFFFFFFFFFFFF97
:107A0000FFFFFFFFFFFFFFFFFFFFFFFFFFFFFFFF86
:107A1000FFFFFFFFFFFFFFFFFFFFFFFFFFFFFFFF76
:107A2000FFFFFFFFFFFFFFFFFFFFFFFFFFFFFFFF66
:107A3000FFFFFFFFFFFFFFFFFFFFFFFFFFFFFFFF56
:107A4000FFFFFFFFFFFFFFFFFFFFFFFFFFFFFFFF46
:107A5000FFFFFFFFFFFFFFFFFFFFFFFFFFFFFFFF36
:107A6000FFFFFFFFFFFFFFFFFFFFFFFFFFFFFFFF26
:107A7000FFFFFFFFFFFFFFFFFFFFFFFFFFFFFFFF16
:107A8000FFFFFFFFFFFFFFFFFFFFFFFFFFFFFFFF06
:107A9000FFFFFFFFFFFFFFFFFFFFFFFFFFFFFFFFF6
:107AA000FFFFFFFFFFFFFFFFFFFFFFFFFFFFFFFFE6
:107AB000FFFFFFFFFFFFFFFFFFFFFFFFFFFFFFFFD6
:107AC000FFFFFFFFFFFFFFFFFFFFFFFFFFFFFFFFC6
:107AD000FFFFFFFFFFFFFFFFFFFFFFFFFFFFFFFFB6
:107AE000FFFFFFFFFFFFFFFFFFFFFFFFFFFFFFFFA6
:107AF000FFFFFFFFFFFFFFFFFFFFFFFFFFFFFFFF96
:107B0000FFFFFFFFFFFFFFFFFFFFFFFFFFFFFFFF85
:107B1000FFFFFFFFFFFFFFFFFFFFFFFFFFFFFFFF75
:107B2000FFFFFFFFFFFFFFFFFFFFFFFFFFFFFFFF65
:107B3000FFFFFFFFFFFFFFFFFFFFFFFFFFFFFFFF55
:107B4000FFFFFFFFFFFFFFFFFFFFFFFFFFFFFFFF45
:107B5000FFFFFFFFFFFFFFFFFFFFFFFFFFFFFFFF35
:107B6000FFFFFFFFFFFFFFFFFFFFFFFFFFFFFFFF25
:107B7000FFFFFFFFFFFFFFFFFFFFFFFFFFFFFFFF15
:107B8000FFFFFFFFFFFFFFFFFFFFFFFFFFFFFFFF05
:107B9000FFFFFFFFFFFFFFFFFFFFFFFFFFFFFFFFF5
:107BA000FFFFFFFFFFFFFFFFFFFFFFFFFFFFFFFFE5
:107BB000FFFFFFFFFFFFFFFFFFFFFFFFFFFFFFFFD5
:107BC000FFFFFFFFFFFFFFFFFFFFFFFFFFFFFFFFC5
:107BD000FFFFFFFFFFFFFFFFFFFFFFFFFFFFFFFFB5
:107BE000FFFFFFFFFFFFFFFFFFFFFFFFFFFFFFFFA5
:107BF000FFFFFFFFFFFFFFFFFFFFFFFFFFFFFFFF95
:107C0000FFFFFFFFFFFFFFFFFFFFFFFFFFFFFFFF84
:107C1000FFFFFFFFFFFFFFFFFFFFFFFFFFFFFFFF74
:107C2000FFFFFFFFFFFFFFFFFFFFFFFFFFFFFFFF64
:107C3000FFFFFFFFFFFFFFFFFFFFFFFFFFFFFFFF54
:107C4000FFFFFFFFFFFFFFFFFFFFFFFFFFFFFFFF44
:107C5000FFFFFFFFFFFFFFFFFFFFFFFFFFFFFFFF34
:107C6000FFFFFFFFFFFFFFFFFFFFFFFFFFFFFFFF24
:107C7000FFFFFFFFFFFFFFFFFFFFFFFFFFFFFFFF14
:107C8000FFFFFFFFFFFFFFFFFFFFFFFFFFFFFFFF04
:107C9000FFFFFFFFFFFFFFFFFFFFFFFFFFFFFFFFF4
:107CA000FFFFFFFFFFFFFFFFFFFFFFFFFFFFFFFFE4
:107CB000FFFFFFFFFFFFFFFFFFFFFFFFFFFFFFFFD4
:107CC000FFFFFFFFFFFFFFFFFFFFFFFFFFFFFFFFC4
:107CD000FFFFFFFFFFFFFFFFFFFFFFFFFFFFFFFFB4
:107CE000FFFFFFFFFFFFFFFFFFFFFFFFFFFFFFFFA4
:107CF000FFFFFFFFFFFFFFFFFFFFFFFFFFFFFFFF94
:107D0000FFFFFFFFFFFFFFFFFFFFFFFFFFFFFFFF83
:107D1000FFFFFFFFFFFFFFFFFFFFFFFFFFFFFFFF73
:107D2000FFFFFFFFFFFFFFFFFFFFFFFFFFFFFFFF63
:107D3000FFFFFFFFFFFFFFFFFFFFFFFFFFFFFFFF53
:107D4000FFFFFFFFFFFFFFFFFFFFFFFFFFFFFFFF43
:107D5000FFFFFFFFFFFFFFFFFFFFFFFFFFFFFFFF33
:107D6000FFFFFFFFFFFFFFFFFFFFFFFFFFFFFFFF23
:107D7000FFFFFFFFFFFFFFFFFFFFFFFFFFFFFFFF13
:107D8000FFFFFFFFFFFFFFFFFFFFFFFFFFFFFFFF03
:107D9000FFFFFFFFFFFFFFFFFFFFFFFFFFFFFFFFF3
:107DA000FFFFFFFFFFFFFFFFFFFFFFFFFFFFFFFFE3
:107DB000FFFFFFFFFFFFFFFFFFFFFFFFFFFFFFFFD3
:107DC000FFFFFFFFFFFFFFFFFFFFFFFFFFFFFFFFC3
:107DD000FFFFFFFFFFFFFFFFFFFFFFFFFFFFFFFFB3
:107DE000FFFFFFFFFFFFFFFFFFFFFFFFFFFFFFFFA3
:107DF000FFFFFFFFFFFFFFFFFFFFFFFFFFFFFFFF93
:107E0000FFFFFFFFFFFFFFFFFFFFFFFFFFFFFFFF82
:107E1000FFFFFFFFFFFFFFFFFFFFFFFFFFFFFFFF72
:107E2000FFFFFFFFFFFFFFFFFFFFFFFFFFFFFFFF62
:107E3000FFFFFFFFFFFFFFFFFFFFFFFFFFFFFFFF52
:107E4000FFFFFFFFFFFFFFFFFFFFFFFFFFFFFFFF42
:107E5000FFFFFFFFFFFFFFFFFFFFFFFFFFFFFFFF32
:107E6000FFFFFFFFFFFFFFFFFFFFFFFFFFFFFFFF22
:107E7000FFFFFFFFFFFFFFFFFFFFFFFFFFFFFFFF12
:107E8000FFFFFFFFFFFFFFFFFFFFFFFFFFFFFFFF02
:107E9000FFFFFFFFFFFFFFFFFFFFFFFFFFFFFFFFF2
:107EA000FFFFFFFFFFFFFFFFFFFFFFFFFFFFFFFFE2
:107EB000FFFFFFFFFFFFFFFFFFFFFFFFFFFFFFFFD2
:107EC000FFFFFFFFFFFFFFFFFFFFFFFFFFFFFFFFC2
:107ED000FFFFFFFFFFFFFFFFFFFFFFFFFFFFFFFFB2
:107EE000FFFFFFFFFFFFFFFFFFFFFFFFFFFFFFFFA2
:107EF000FFFFFFFFFFFFFFFFFFFFFFFFFFFFFFFF92
:107F0000FFFFFFFFFFFFFFFFFFFFFFFFFFFFFFFF81
:107F1000FFFFFFFFFFFFFFFFFFFFFFFFFFFFFFFF71
:107F2000FFFFFFFFFFFFFFFFFFFFFFFFFFFFFFFF61
:107F3000FFFFFFFFFFFFFFFFFFFFFFFFFFFFFFFF51
:107F4000FFFFFFFFFFFFFFFFFFFFFFFFFFFFFFFF41
:107F5000FFFFFFFFFFFFFFFFFFFFFFFFFFFFFFFF31
:107F6000FFFFFFFFFFFFFFFFFFFFFFFFFFFFFFFF21
:107F7000FFFFFFFFFFFFFFFFFFFFFFFFFFFFFFFF11
:107F8000FFFFFFFFFFFFFFFFFFFFFFFFFFFFFFFF01
:107F9000FFFFFFFFFFFFFFFFFFFFFFFFFFFFFFFFF1
:107FA000FFFFFFFFFFFFFFFFFFFFFFFFFFFFFFFFE1
:107FB000FFFFFFFFFFFFFFFFFFFFFFFFFFFFFFFFD1
:107FC000FFFFFFFFFFFFFFFFFFFFFFFFFFFFFFFFC1
:107FD000FFFFFFFFFFFFFFFFFFFFFFFFFFFFFFFFB1
:107FE000FFFFFFFFFFFFFFFFFFFFFFFFFFFFFFFFA1
:107FF000FFFFFFFFFFFFFFFFFFFFFFFFFFFFFFFF91
:10800000FFFFFFFFFFFFFFFFFFFFFFFFFFFFFFFF80
:10801000FFFFFFFFFFFFFFFFFFFFFFFFFFFFFFFF70
:10802000FFFFFFFFFFFFFFFFFFFFFFFFFFFFFFFF60
:10803000FFFFFFFFFFFFFFFFFFFFFFFFFFFFFFFF50
:10804000FFFFFFFFFFFFFFFFFFFFFFFFFFFFFFFF40
:10805000FFFFFFFFFFFFFFFFFFFFFFFFFFFFFFFF30
:10806000FFFFFFFFFFFFFFFFFFFFFFFFFFFFFFFF20
:10807000FFFFFFFFFFFFFFFFFFFFFFFFFFFFFFFF10
:10808000FFFFFFFFFFFFFFFFFFFFFFFFFFFFFFFF00
:10809000FFFFFFFFFFFFFFFFFFFFFFFFFFFFFFFFF0
:1080A000FFFFFFFFFFFFFFFFFFFFFFFFFFFFFFFFE0
:1080B000FFFFFFFFFFFFFFFFFFFFFFFFFFFFFFFFD0
:1080C000FFFFFFFFFFFFFFFFFFFFFFFFFFFFFFFFC0
:1080D000FFFFFFFFFFFFFFFFFFFFFFFFFFFFFFFFB0
:1080E000FFFFFFFFFFFFFFFFFFFFFFFFFFFFFFFFA0
:1080F000FFFFFFFFFFFFFFFFFFFFFFFFFFFFFFFF90
:10810000FFFFFFFFFFFFFFFFFFFFFFFFFFFFFFFF7F
:10811000FFFFFFFFFFFFFFFFFFFFFFFFFFFFFFFF6F
:10812000FFFFFFFFFFFFFFFFFFFFFFFFFFFFFFFF5F
:10813000FFFFFFFFFFFFFFFFFFFFFFFFFFFFFFFF4F
:10814000FFFFFFFFFFFFFFFFFFFFFFFFFFFFFFFF3F
:10815000FFFFFFFFFFFFFFFFFFFFFFFFFFFFFFFF2F
:10816000FFFFFFFFFFFFFFFFFFFFFFFFFFFFFFFF1F
:10817000FFFFFFFFFFFFFFFFFFFFFFFFFFFFFFFF0F
:10818000FFFFFFFFFFFFFFFFFFFFFFFFFFFFFFFFFF
:10819000FFFFFFFFFFFFFFFFFFFFFFFFFFFFFFFFEF
:1081A000FFFFFFFFFFFFFFFFFFFFFFFFFFFFFFFFDF
:1081B000FFFFFFFFFFFFFFFFFFFFFFFFFFFFFFFFCF
:1081C000FFFFFFFFFFFFFFFFFFFFFFFFFFFFFFFFBF
:1081D000FFFFFFFFFFFFFFFFFFFFFFFFFFFFFFFFAF
:1081E000FFFFFFFFFFFFFFFFFFFFFFFFFFFFFFFF9F
:1081F000FFFFFFFFFFFFFFFFFFFFFFFFFFFFFFFF8F
:10820000FFFFFFFFFFFFFFFFFFFFFFFFFFFFFFFF7E
:10821000FFFFFFFFFFFFFFFFFFFFFFFFFFFFFFFF6E
:10822000FFFFFFFFFFFFFFFFFFFFFFFFFFFFFFFF5E
:10823000FFFFFFFFFFFFFFFFFFFFFFFFFFFFFFFF4E
:10824000FFFFFFFFFFFFFFFFFFFFFFFFFFFFFFFF3E
:10825000FFFFFFFFFFFFFFFFFFFFFFFFFFFFFFFF2E
:10826000FFFFFFFFFFFFFFFFFFFFFFFFFFFFFFFF1E
:10827000FFFFFFFFFFFFFFFFFFFFFFFFFFFFFFFF0E
:10828000FFFFFFFFFFFFFFFFFFFFFFFFFFFFFFFFFE
:10829000FFFFFFFFFFFFFFFFFFFFFFFFFFFFFFFFEE
:1082A000FFFFFFFFFFFFFFFFFFFFFFFFFFFFFFFFDE
:1082B000FFFFFFFFFFFFFFFFFFFFFFFFFFFFFFFFCE
:1082C000FFFFFFFFFFFFFFFFFFFFFFFFFFFFFFFFBE
:1082D000FFFFFFFFFFFFFFFFFFFFFFFFFFFFFFFFAE
:1082E000FFFFFFFFFFFFFFFFFFFFFFFFFFFFFFFF9E
:1082F000FFFFFFFFFFFFFFFFFFFFFFFFFFFFFFFF8E
:10830000FFFFFFFFFFFFFFFFFFFFFFFFFFFFFFFF7D
:10831000FFFFFFFFFFFFFFFFFFFFFFFFFFFFFFFF6D
:10832000FFFFFFFFFFFFFFFFFFFFFFFFFFFFFFFF5D
:10833000FFFFFFFFFFFFFFFFFFFFFFFFFFFFFFFF4D
:10834000FFFFFFFFFFFFFFFFFFFFFFFFFFFFFFFF3D
:10835000FFFFFFFFFFFFFFFFFFFFFFFFFFFFFFFF2D
:10836000FFFFFFFFFFFFFFFFFFFFFFFFFFFFFFFF1D
:10837000FFFFFFFFFFFFFFFFFFFFFFFFFFFFFFFF0D
:10838000FFFFFFFFFFFFFFFFFFFFFFFFFFFFFFFFFD
:10839000FFFFFFFFFFFFFFFFFFFFFFFFFFFFFFFFED
:1083A000FFFFFFFFFFFFFFFFFFFFFFFFFFFFFFFFDD
:1083B000FFFFFFFFFFFFFFFFFFFFFFFFFFFFFFFFCD
:1083C000FFFFFFFFFFFFFFFFFFFFFFFFFFFFFFFFBD
:1083D000FFFFFFFFFFFFFFFFFFFFFFFFFFFFFFFFAD
:1083E000FFFFFFFFFFFFFFFFFFFFFFFFFFFFFFFF9D
:1083F000FFFFFFFFFFFFFFFFFFFFFFFFFFFFFFFF8D
:10840000FFFFFFFFFFFFFFFFFFFFFFFFFFFFFFFF7C
:10841000FFFFFFFFFFFFFFFFFFFFFFFFFFFFFFFF6C
:10842000FFFFFFFFFFFFFFFFFFFFFFFFFFFFFFFF5C
:10843000FFFFFFFFFFFFFFFFFFFFFFFFFFFFFFFF4C
:10844000FFFFFFFFFFFFFFFFFFFFFFFFFFFFFFFF3C
:10845000FFFFFFFFFFFFFFFFFFFFFFFFFFFFFFFF2C
:10846000FFFFFFFFFFFFFFFFFFFFFFFFFFFFFFFF1C
:10847000FFFFFFFFFFFFFFFFFFFFFFFFFFFFFFFF0C
:10848000FFFFFFFFFFFFFFFFFFFFFFFFFFFFFFFFFC
:10849000FFFFFFFFFFFFFFFFFFFFFFFFFFFFFFFFEC
:1084A000FFFFFFFFFFFFFFFFFFFFFFFFFFFFFFFFDC
:1084B000FFFFFFFFFFFFFFFFFFFFFFFFFFFFFFFFCC
:1084C000FFFFFFFFFFFFFFFFFFFFFFFFFFFFFFFFBC
:1084D000FFFFFFFFFFFFFFFFFFFFFFFFFFFFFFFFAC
:1084E000FFFFFFFFFFFFFFFFFFFFFFFFFFFFFFFF9C
:1084F000FFFFFFFFFFFFFFFFFFFFFFFFFFFFFFFF8C
:10850000FFFFFFFFFFFFFFFFFFFFFFFFFFFFFFFF7B
:10851000FFFFFFFFFFFFFFFFFFFFFFFFFFFFFFFF6B
:10852000FFFFFFFFFFFFFFFFFFFFFFFFFFFFFFFF5B
:10853000FFFFFFFFFFFFFFFFFFFFFFFFFFFFFFFF4B
:10854000FFFFFFFFFFFFFFFFFFFFFFFFFFFFFFFF3B
:10855000FFFFFFFFFFFFFFFFFFFFFFFFFFFFFFFF2B
:10856000FFFFFFFFFFFFFFFFFFFFFFFFFFFFFFFF1B
:10857000FFFFFFFFFFFFFFFFFFFFFFFFFFFFFFFF0B
:10858000FFFFFFFFFFFFFFFFFFFFFFFFFFFFFFFFFB
:10859000FFFFFFFFFFFFFFFFFFFFFFFFFFFFFFFFEB
:1085A000FFFFFFFFFFFFFFFFFFFFFFFFFFFFFFFFDB
:1085B000FFFFFFFFFFFFFFFFFFFFFFFFFFFFFFFFCB
:1085C000FFFFFFFFFFFFFFFFFFFFFFFFFFFFFFFFBB
:1085D000FFFFFFFFFFFFFFFFFFFFFFFFFFFFFFFFAB
:1085E000FFFFFFFFFFFFFFFFFFFFFFFFFFFFFFFF9B
:1085F000FFFFFFFFFFFFFFFFFFFFFFFFFFFFFFFF8B
:10860000FFFFFFFFFFFFFFFFFFFFFFFFFFFFFFFF7A
:10861000FFFFFFFFFFFFFFFFFFFFFFFFFFFFFFFF6A
:10862000FFFFFFFFFFFFFFFFFFFFFFFFFFFFFFFF5A
:10863000FFFFFFFFFFFFFFFFFFFFFFFFFFFFFFFF4A
:10864000FFFFFFFFFFFFFFFFFFFFFFFFFFFFFFFF3A
:10865000FFFFFFFFFFFFFFFFFFFFFFFFFFFFFFFF2A
:10866000FFFFFFFFFFFFFFFFFFFFFFFFFFFFFFFF1A
:10867000FFFFFFFFFFFFFFFFFFFFFFFFFFFFFFFF0A
:10868000FFFFFFFFFFFFFFFFFFFFFFFFFFFFFFFFFA
:10869000FFFFFFFFFFFFFFFFFFFFFFFFFFFFFFFFEA
:1086A000FFFFFFFFFFFFFFFFFFFFFFFFFFFFFFFFDA
:1086B000FFFFFFFFFFFFFFFFFFFFFFFFFFFFFFFFCA
:1086C000FFFFFFFFFFFFFFFFFFFFFFFFFFFFFFFFBA
:1086D000FFFFFFFFFFFFFFFFFFFFFFFFFFFFFFFFAA
:1086E000FFFFFFFFFFFFFFFFFFFFFFFFFFFFFFFF9A
:1086F000FFFFFFFFFFFFFFFFFFFFFFFFFFFFFFFF8A
:10870000FFFFFFFFFFFFFFFFFFFFFFFFFFFFFFFF79
:10871000FFFFFFFFFFFFFFFFFFFFFFFFFFFFFFFF69
:10872000FFFFFFFFFFFFFFFFFFFFFFFFFFFFFFFF59
:10873000FFFFFFFFFFFFFFFFFFFFFFFFFFFFFFFF49
:10874000FFFFFFFFFFFFFFFFFFFFFFFFFFFFFFFF39
:10875000FFFFFFFFFFFFFFFFFFFFFFFFFFFFFFFF29
:10876000FFFFFFFFFFFFFFFFFFFFFFFFFFFFFFFF19
:10877000FFFFFFFFFFFFFFFFFFFFFFFFFFFFFFFF09
:10878000FFFFFFFFFFFFFFFFFFFFFFFFFFFFFFFFF9
:10879000FFFFFFFFFFFFFFFFFFFFFFFFFFFFFFFFE9
:1087A000FFFFFFFFFFFFFFFFFFFFFFFFFFFFFFFFD9
:1087B000FFFFFFFFFFFFFFFFFFFFFFFFFFFFFFFFC9
:1087C000FFFFFFFFFFFFFFFFFFFFFFFFFFFFFFFFB9
:1087D000FFFFFFFFFFFFFFFFFFFFFFFFFFFFFFFFA9
:1087E000FFFFFFFFFFFFFFFFFFFFFFFFFFFFFFFF99
:1087F000FFFFFFFFFFFFFFFFFFFFFFFFFFFFFFFF89
:10880000FFFFFFFFFFFFFFFFFFFFFFFFFFFFFFFF78
:10881000FFFFFFFFFFFFFFFFFFFFFFFFFFFFFFFF68
:10882000FFFFFFFFFFFFFFFFFFFFFFFFFFFFFFFF58
:10883000FFFFFFFFFFFFFFFFFFFFFFFFFFFFFFFF48
:10884000FFFFFFFFFFFFFFFFFFFFFFFFFFFFFFFF38
:10885000FFFFFFFFFFFFFFFFFFFFFFFFFFFFFFFF28
:10886000FFFFFFFFFFFFFFFFFFFFFFFFFFFFFFFF18
:10887000FFFFFFFFFFFFFFFFFFFFFFFFFFFFFFFF08
:10888000FFFFFFFFFFFFFFFFFFFFFFFFFFFFFFFFF8
:10889000FFFFFFFFFFFFFFFFFFFFFFFFFFFFFFFFE8
:1088A000FFFFFFFFFFFFFFFFFFFFFFFFFFFFFFFFD8
:1088B000FFFFFFFFFFFFFFFFFFFFFFFFFFFFFFFFC8
:1088C000FFFFFFFFFFFFFFFFFFFFFFFFFFFFFFFFB8
:1088D000FFFFFFFFFFFFFFFFFFFFFFFFFFFFFFFFA8
:1088E000FFFFFFFFFFFFFFFFFFFFFFFFFFFFFFFF98
:1088F000FFFFFFFFFFFFFFFFFFFFFFFFFFFFFFFF88
:10890000FFFFFFFFFFFFFFFFFFFFFFFFFFFFFFFF77
:10891000FFFFFFFFFFFFFFFFFFFFFFFFFFFFFFFF67
:10892000FFFFFFFFFFFFFFFFFFFFFFFFFFFFFFFF57
:10893000FFFFFFFFFFFFFFFFFFFFFFFFFFFFFFFF47
:10894000FFFFFFFFFFFFFFFFFFFFFFFFFFFFFFFF37
:10895000FFFFFFFFFFFFFFFFFFFFFFFFFFFFFFFF27
:10896000FFFFFFFFFFFFFFFFFFFFFFFFFFFFFFFF17
:10897000FFFFFFFFFFFFFFFFFFFFFFFFFFFFFFFF07
:10898000FFFFFFFFFFFFFFFFFFFFFFFFFFFFFFFFF7
:10899000FFFFFFFFFFFFFFFFFFFFFFFFFFFFFFFFE7
:1089A000FFFFFFFFFFFFFFFFFFFFFFFFFFFFFFFFD7
:1089B000FFFFFFFFFFFFFFFFFFFFFFFFFFFFFFFFC7
:1089C000FFFFFFFFFFFFFFFFFFFFFFFFFFFFFFFFB7
:1089D000FFFFFFFFFFFFFFFFFFFFFFFFFFFFFFFFA7
:1089E000FFFFFFFFFFFFFFFFFFFFFFFFFFFFFFFF97
:1089F000FFFFFFFFFFFFFFFFFFFFFFFFFFFFFFFF87
:108A0000FFFFFFFFFFFFFFFFFFFFFFFFFFFFFFFF76
:108A1000FFFFFFFFFFFFFFFFFFFFFFFFFFFFFFFF66
:108A2000FFFFFFFFFFFFFFFFFFFFFFFFFFFFFFFF56
:108A3000FFFFFFFFFFFFFFFFFFFFFFFFFFFFFFFF46
:108A4000FFFFFFFFFFFFFFFFFFFFFFFFFFFFFFFF36
:108A5000FFFFFFFFFFFFFFFFFFFFFFFFFFFFFFFF26
:108A6000FFFFFFFFFFFFFFFFFFFFFFFFFFFFFFFF16
:108A7000FFFFFFFFFFFFFFFFFFFFFFFFFFFFFFFF06
:108A8000FFFFFFFFFFFFFFFFFFFFFFFFFFFFFFFFF6
:108A9000FFFFFFFFFFFFFFFFFFFFFFFFFFFFFFFFE6
:108AA000FFFFFFFFFFFFFFFFFFFFFFFFFFFFFFFFD6
:108AB000FFFFFFFFFFFFFFFFFFFFFFFFFFFFFFFFC6
:108AC000FFFFFFFFFFFFFFFFFFFFFFFFFFFFFFFFB6
:108AD000FFFFFFFFFFFFFFFFFFFFFFFFFFFFFFFFA6
:108AE000FFFFFFFFFFFFFFFFFFFFFFFFFFFFFFFF96
:108AF000FFFFFFFFFFFFFFFFFFFFFFFFFFFFFFFF86
:108B0000FFFFFFFFFFFFFFFFFFFFFFFFFFFFFFFF75
:108B1000FFFFFFFFFFFFFFFFFFFFFFFFFFFFFFFF65
:108B2000FFFFFFFFFFFFFFFFFFFFFFFFFFFFFFFF55
:108B3000FFFFFFFFFFFFFFFFFFFFFFFFFFFFFFFF45
:108B4000FFFFFFFFFFFFFFFFFFFFFFFFFFFFFFFF35
:108B5000FFFFFFFFFFFFFFFFFFFFFFFFFFFFFFFF25
:108B6000FFFFFFFFFFFFFFFFFFFFFFFFFFFFFFFF15
:108B7000FFFFFFFFFFFFFFFFFFFFFFFFFFFFFFFF05
:108B8000FFFFFFFFFFFFFFFFFFFFFFFFFFFFFFFFF5
:108B9000FFFFFFFFFFFFFFFFFFFFFFFFFFFFFFFFE5
:108BA000FFFFFFFFFFFFFFFFFFFFFFFFFFFFFFFFD5
:108BB000FFFFFFFFFFFFFFFFFFFFFFFFFFFFFFFFC5
:108BC000FFFFFFFFFFFFFFFFFFFFFFFFFFFFFFFFB5
:108BD000FFFFFFFFFFFFFFFFFFFFFFFFFFFFFFFFA5
:108BE000FFFFFFFFFFFFFFFFFFFFFFFFFFFFFFFF95
:108BF000FFFFFFFFFFFFFFFFFFFFFFFFFFFFFFFF85
:108C0000FFFFFFFFFFFFFFFFFFFFFFFFFFFFFFFF74
:108C1000FFFFFFFFFFFFFFFFFFFFFFFFFFFFFFFF64
:108C2000FFFFFFFFFFFFFFFFFFFFFFFFFFFFFFFF54
:108C3000FFFFFFFFFFFFFFFFFFFFFFFFFFFFFFFF44
:108C4000FFFFFFFFFFFFFFFFFFFFFFFFFFFFFFFF34
:108C5000FFFFFFFFFFFFFFFFFFFFFFFFFFFFFFFF24
:108C6000FFFFFFFFFFFFFFFFFFFFFFFFFFFFFFFF14
:108C7000FFFFFFFFFFFFFFFFFFFFFFFFFFFFFFFF04
:108C8000FFFFFFFFFFFFFFFFFFFFFFFFFFFFFFFFF4
:108C9000FFFFFFFFFFFFFFFFFFFFFFFFFFFFFFFFE4
:108CA000FFFFFFFFFFFFFFFFFFFFFFFFFFFFFFFFD4
:108CB000FFFFFFFFFFFFFFFFFFFFFFFFFFFFFFFFC4
:108CC000FFFFFFFFFFFFFFFFFFFFFFFFFFFFFFFFB4
:108CD000FFFFFFFFFFFFFFFFFFFFFFFFFFFFFFFFA4
:108CE000FFFFFFFFFFFFFFFFFFFFFFFFFFFFFFFF94
:108CF000FFFFFFFFFFFFFFFFFFFFFFFFFFFFFFFF84
:108D0000FFFFFFFFFFFFFFFFFFFFFFFFFFFFFFFF73
:108D1000FFFFFFFFFFFFFFFFFFFFFFFFFFFFFFFF63
:108D2000FFFFFFFFFFFFFFFFFFFFFFFFFFFFFFFF53
:108D3000FFFFFFFFFFFFFFFFFFFFFFFFFFFFFFFF43
:108D4000FFFFFFFFFFFFFFFFFFFFFFFFFFFFFFFF33
:108D5000FFFFFFFFFFFFFFFFFFFFFFFFFFFFFFFF23
:108D6000FFFFFFFFFFFFFFFFFFFFFFFFFFFFFFFF13
:108D7000FFFFFFFFFFFFFFFFFFFFFFFFFFFFFFFF03
:108D8000FFFFFFFFFFFFFFFFFFFFFFFFFFFFFFFFF3
:108D9000FFFFFFFFFFFFFFFFFFFFFFFFFFFFFFFFE3
:108DA000FFFFFFFFFFFFFFFFFFFFFFFFFFFFFFFFD3
:108DB000FFFFFFFFFFFFFFFFFFFFFFFFFFFFFFFFC3
:108DC000FFFFFFFFFFFFFFFFFFFFFFFFFFFFFFFFB3
:108DD000FFFFFFFFFFFFFFFFFFFFFFFFFFFFFFFFA3
:108DE000FFFFFFFFFFFFFFFFFFFFFFFFFFFFFFFF93
:108DF000FFFFFFFFFFFFFFFFFFFFFFFFFFFFFFFF83
:108E0000FFFFFFFFFFFFFFFFFFFFFFFFFFFFFFFF72
:108E1000FFFFFFFFFFFFFFFFFFFFFFFFFFFFFFFF62
:108E2000FFFFFFFFFFFFFFFFFFFFFFFFFFFFFFFF52
:108E3000FFFFFFFFFFFFFFFFFFFFFFFFFFFFFFFF42
:108E4000FFFFFFFFFFFFFFFFFFFFFFFFFFFFFFFF32
:108E5000FFFFFFFFFFFFFFFFFFFFFFFFFFFFFFFF22
:108E6000FFFFFFFFFFFFFFFFFFFFFFFFFFFFFFFF12
:108E7000FFFFFFFFFFFFFFFFFFFFFFFFFFFFFFFF02
:108E8000FFFFFFFFFFFFFFFFFFFFFFFFFFFFFFFFF2
:108E9000FFFFFFFFFFFFFFFFFFFFFFFFFFFFFFFFE2
:108EA000FFFFFFFFFFFFFFFFFFFFFFFFFFFFFFFFD2
:108EB000FFFFFFFFFFFFFFFFFFFFFFFFFFFFFFFFC2
:108EC000FFFFFFFFFFFFFFFFFFFFFFFFFFFFFFFFB2
:108ED000FFFFFFFFFFFFFFFFFFFFFFFFFFFFFFFFA2
:108EE000FFFFFFFFFFFFFFFFFFFFFFFFFFFFFFFF92
:108EF000FFFFFFFFFFFFFFFFFFFFFFFFFFFFFFFF82
:108F0000FFFFFFFFFFFFFFFFFFFFFFFFFFFFFFFF71
:108F1000FFFFFFFFFFFFFFFFFFFFFFFFFFFFFFFF61
:108F2000FFFFFFFFFFFFFFFFFFFFFFFFFFFFFFFF51
:108F3000FFFFFFFFFFFFFFFFFFFFFFFFFFFFFFFF41
:108F4000FFFFFFFFFFFFFFFFFFFFFFFFFFFFFFFF31
:108F5000FFFFFFFFFFFFFFFFFFFFFFFFFFFFFFFF21
:108F6000FFFFFFFFFFFFFFFFFFFFFFFFFFFFFFFF11
:108F7000FFFFFFFFFFFFFFFFFFFFFFFFFFFFFFFF01
:108F8000FFFFFFFFFFFFFFFFFFFFFFFFFFFFFFFFF1
:108F9000FFFFFFFFFFFFFFFFFFFFFFFFFFFFFFFFE1
:108FA000FFFFFFFFFFFFFFFFFFFFFFFFFFFFFFFFD1
:108FB000FFFFFFFFFFFFFFFFFFFFFFFFFFFFFFFFC1
:108FC000FFFFFFFFFFFFFFFFFFFFFFFFFFFFFFFFB1
:108FD000FFFFFFFFFFFFFFFFFFFFFFFFFFFFFFFFA1
:108FE000FFFFFFFFFFFFFFFFFFFFFFFFFFFFFFFF91
:108FF000FFFFFFFFFFFFFFFFFFFFFFFFFFFFFFFF81
:10900000FFFFFFFFFFFFFFFFFFFFFFFFFFFFFFFF70
:10901000FFFFFFFFFFFFFFFFFFFFFFFFFFFFFFFF60
:10902000FFFFFFFFFFFFFFFFFFFFFFFFFFFFFFFF50
:10903000FFFFFFFFFFFFFFFFFFFFFFFFFFFFFFFF40
:10904000FFFFFFFFFFFFFFFFFFFFFFFFFFFFFFFF30
:10905000FFFFFFFFFFFFFFFFFFFFFFFFFFFFFFFF20
:10906000FFFFFFFFFFFFFFFFFFFFFFFFFFFFFFFF10
:10907000FFFFFFFFFFFFFFFFFFFFFFFFFFFFFFFF00
:10908000FFFFFFFFFFFFFFFFFFFFFFFFFFFFFFFFF0
:10909000FFFFFFFFFFFFFFFFFFFFFFFFFFFFFFFFE0
:1090A000FFFFFFFFFFFFFFFFFFFFFFFFFFFFFFFFD0
:1090B000FFFFFFFFFFFFFFFFFFFFFFFFFFFFFFFFC0
:1090C000FFFFFFFFFFFFFFFFFFFFFFFFFFFFFFFFB0
:1090D000FFFFFFFFFFFFFFFFFFFFFFFFFFFFFFFFA0
:1090E000FFFFFFFFFFFFFFFFFFFFFFFFFFFFFFFF90
:1090F000FFFFFFFFFFFFFFFFFFFFFFFFFFFFFFFF80
:10910000FFFFFFFFFFFFFFFFFFFFFFFFFFFFFFFF6F
:10911000FFFFFFFFFFFFFFFFFFFFFFFFFFFFFFFF5F
:10912000FFFFFFFFFFFFFFFFFFFFFFFFFFFFFFFF4F
:10913000FFFFFFFFFFFFFFFFFFFFFFFFFFFFFFFF3F
:10914000FFFFFFFFFFFFFFFFFFFFFFFFFFFFFFFF2F
:10915000FFFFFFFFFFFFFFFFFFFFFFFFFFFFFFFF1F
:10916000FFFFFFFFFFFFFFFFFFFFFFFFFFFFFFFF0F
:10917000FFFFFFFFFFFFFFFFFFFFFFFFFFFFFFFFFF
:10918000FFFFFFFFFFFFFFFFFFFFFFFFFFFFFFFFEF
:10919000FFFFFFFFFFFFFFFFFFFFFFFFFFFFFFFFDF
:1091A000FFFFFFFFFFFFFFFFFFFFFFFFFFFFFFFFCF
:1091B000FFFFFFFFFFFFFFFFFFFFFFFFFFFFFFFFBF
:1091C000FFFFFFFFFFFFFFFFFFFFFFFFFFFFFFFFAF
:1091D000FFFFFFFFFFFFFFFFFFFFFFFFFFFFFFFF9F
:1091E000FFFFFFFFFFFFFFFFFFFFFFFFFFFFFFFF8F
:1091F000FFFFFFFFFFFFFFFFFFFFFFFFFFFFFFFF7F
:10920000FFFFFFFFFFFFFFFFFFFFFFFFFFFFFFFF6E
:10921000FFFFFFFFFFFFFFFFFFFFFFFFFFFFFFFF5E
:10922000FFFFFFFFFFFFFFFFFFFFFFFFFFFFFFFF4E
:10923000FFFFFFFFFFFFFFFFFFFFFFFFFFFFFFFF3E
:10924000FFFFFFFFFFFFFFFFFFFFFFFFFFFFFFFF2E
:10925000FFFFFFFFFFFFFFFFFFFFFFFFFFFFFFFF1E
:10926000FFFFFFFFFFFFFFFFFFFFFFFFFFFFFFFF0E
:10927000FFFFFFFFFFFFFFFFFFFFFFFFFFFFFFFFFE
:10928000FFFFFFFFFFFFFFFFFFFFFFFFFFFFFFFFEE
:10929000FFFFFFFFFFFFFFFFFFFFFFFFFFFFFFFFDE
:1092A000FFFFFFFFFFFFFFFFFFFFFFFFFFFFFFFFCE
:1092B000FFFFFFFFFFFFFFFFFFFFFFFFFFFFFFFFBE
:1092C000FFFFFFFFFFFFFFFFFFFFFFFFFFFFFFFFAE
:1092D000FFFFFFFFFFFFFFFFFFFFFFFFFFFFFFFF9E
:1092E000FFFFFFFFFFFFFFFFFFFFFFFFFFFFFFFF8E
:1092F000FFFFFFFFFFFFFFFFFFFFFFFFFFFFFFFF7E
:10930000FFFFFFFFFFFFFFFFFFFFFFFFFFFFFFFF6D
:10931000FFFFFFFFFFFFFFFFFFFFFFFFFFFFFFFF5D
:10932000FFFFFFFFFFFFFFFFFFFFFFFFFFFFFFFF4D
:10933000FFFFFFFFFFFFFFFFFFFFFFFFFFFFFFFF3D
:10934000FFFFFFFFFFFFFFFFFFFFFFFFFFFFFFFF2D
:10935000FFFFFFFFFFFFFFFFFFFFFFFFFFFFFFFF1D
:10936000FFFFFFFFFFFFFFFFFFFFFFFFFFFFFFFF0D
:10937000FFFFFFFFFFFFFFFFFFFFFFFFFFFFFFFFFD
:10938000FFFFFFFFFFFFFFFFFFFFFFFFFFFFFFFFED
:10939000FFFFFFFFFFFFFFFFFFFFFFFFFFFFFFFFDD
:1093A000FFFFFFFFFFFFFFFFFFFFFFFFFFFFFFFFCD
:1093B000FFFFFFFFFFFFFFFFFFFFFFFFFFFFFFFFBD
:1093C000FFFFFFFFFFFFFFFFFFFFFFFFFFFFFFFFAD
:1093D000FFFFFFFFFFFFFFFFFFFFFFFFFFFFFFFF9D
:1093E000FFFFFFFFFFFFFFFFFFFFFFFFFFFFFFFF8D
:1093F000FFFFFFFFFFFFFFFFFFFFFFFFFFFFFFFF7D
:10940000FFFFFFFFFFFFFFFFFFFFFFFFFFFFFFFF6C
:10941000FFFFFFFFFFFFFFFFFFFFFFFFFFFFFFFF5C
:10942000FFFFFFFFFFFFFFFFFFFFFFFFFFFFFFFF4C
:10943000FFFFFFFFFFFFFFFFFFFFFFFFFFFFFFFF3C
:10944000FFFFFFFFFFFFFFFFFFFFFFFFFFFFFFFF2C
:10945000FFFFFFFFFFFFFFFFFFFFFFFFFFFFFFFF1C
:10946000FFFFFFFFFFFFFFFFFFFFFFFFFFFFFFFF0C
:10947000FFFFFFFFFFFFFFFFFFFFFFFFFFFFFFFFFC
:10948000FFFFFFFFFFFFFFFFFFFFFFFFFFFFFFFFEC
:10949000FFFFFFFFFFFFFFFFFFFFFFFFFFFFFFFFDC
:1094A000FFFFFFFFFFFFFFFFFFFFFFFFFFFFFFFFCC
:1094B000FFFFFFFFFFFFFFFFFFFFFFFFFFFFFFFFBC
:1094C000FFFFFFFFFFFFFFFFFFFFFFFFFFFFFFFFAC
:1094D000FFFFFFFFFFFFFFFFFFFFFFFFFFFFFFFF9C
:1094E000FFFFFFFFFFFFFFFFFFFFFFFFFFFFFFFF8C
:1094F000FFFFFFFFFFFFFFFFFFFFFFFFFFFFFFFF7C
:10950000FFFFFFFFFFFFFFFFFFFFFFFFFFFFFFFF6B
:10951000FFFFFFFFFFFFFFFFFFFFFFFFFFFFFFFF5B
:10952000FFFFFFFFFFFFFFFFFFFFFFFFFFFFFFFF4B
:10953000FFFFFFFFFFFFFFFFFFFFFFFFFFFFFFFF3B
:10954000FFFFFFFFFFFFFFFFFFFFFFFFFFFFFFFF2B
:10955000FFFFFFFFFFFFFFFFFFFFFFFFFFFFFFFF1B
:10956000FFFFFFFFFFFFFFFFFFFFFFFFFFFFFFFF0B
:10957000FFFFFFFFFFFFFFFFFFFFFFFFFFFFFFFFFB
:10958000FFFFFFFFFFFFFFFFFFFFFFFFFFFFFFFFEB
:10959000FFFFFFFFFFFFFFFFFFFFFFFFFFFFFFFFDB
:1095A000FFFFFFFFFFFFFFFFFFFFFFFFFFFFFFFFCB
:1095B000FFFFFFFFFFFFFFFFFFFFFFFFFFFFFFFFBB
:1095C000FFFFFFFFFFFFFFFFFFFFFFFFFFFFFFFFAB
:1095D000FFFFFFFFFFFFFFFFFFFFFFFFFFFFFFFF9B
:1095E000FFFFFFFFFFFFFFFFFFFFFFFFFFFFFFFF8B
:1095F000FFFFFFFFFFFFFFFFFFFFFFFFFFFFFFFF7B
:10960000FFFFFFFFFFFFFFFFFFFFFFFFFFFFFFFF6A
:10961000FFFFFFFFFFFFFFFFFFFFFFFFFFFFFFFF5A
:10962000FFFFFFFFFFFFFFFFFFFFFFFFFFFFFFFF4A
:10963000FFFFFFFFFFFFFFFFFFFFFFFFFFFFFFFF3A
:10964000FFFFFFFFFFFFFFFFFFFFFFFFFFFFFFFF2A
:10965000FFFFFFFFFFFFFFFFFFFFFFFFFFFFFFFF1A
:10966000FFFFFFFFFFFFFFFFFFFFFFFFFFFFFFFF0A
:10967000FFFFFFFFFFFFFFFFFFFFFFFFFFFFFFFFFA
:10968000FFFFFFFFFFFFFFFFFFFFFFFFFFFFFFFFEA
:10969000FFFFFFFFFFFFFFFFFFFFFFFFFFFFFFFFDA
:1096A000FFFFFFFFFFFFFFFFFFFFFFFFFFFFFFFFCA
:1096B000FFFFFFFFFFFFFFFFFFFFFFFFFFFFFFFFBA
:1096C000FFFFFFFFFFFFFFFFFFFFFFFFFFFFFFFFAA
:1096D000FFFFFFFFFFFFFFFFFFFFFFFFFFFFFFFF9A
:1096E000FFFFFFFFFFFFFFFFFFFFFFFFFFFFFFFF8A
:1096F000FFFFFFFFFFFFFFFFFFFFFFFFFFFFFFFF7A
:10970000FFFFFFFFFFFFFFFFFFFFFFFFFFFFFFFF69
:10971000FFFFFFFFFFFFFFFFFFFFFFFFFFFFFFFF59
:10972000FFFFFFFFFFFFFFFFFFFFFFFFFFFFFFFF49
:10973000FFFFFFFFFFFFFFFFFFFFFFFFFFFFFFFF39
:10974000FFFFFFFFFFFFFFFFFFFFFFFFFFFFFFFF29
:10975000FFFFFFFFFFFFFFFFFFFFFFFFFFFFFFFF19
:10976000FFFFFFFFFFFFFFFFFFFFFFFFFFFFFFFF09
:10977000FFFFFFFFFFFFFFFFFFFFFFFFFFFFFFFFF9
:10978000FFFFFFFFFFFFFFFFFFFFFFFFFFFFFFFFE9
:10979000FFFFFFFFFFFFFFFFFFFFFFFFFFFFFFFFD9
:1097A000FFFFFFFFFFFFFFFFFFFFFFFFFFFFFFFFC9
:1097B000FFFFFFFFFFFFFFFFFFFFFFFFFFFFFFFFB9
:1097C000FFFFFFFFFFFFFFFFFFFFFFFFFFFFFFFFA9
:1097D000FFFFFFFFFFFFFFFFFFFFFFFFFFFFFFFF99
:1097E000FFFFFFFFFFFFFFFFFFFFFFFFFFFFFFFF89
:1097F000FFFFFFFFFFFFFFFFFFFFFFFFFFFFFFFF79
:10980000FFFFFFFFFFFFFFFFFFFFFFFFFFFFFFFF68
:10981000FFFFFFFFFFFFFFFFFFFFFFFFFFFFFFFF58
:10982000FFFFFFFFFFFFFFFFFFFFFFFFFFFFFFFF48
:10983000FFFFFFFFFFFFFFFFFFFFFFFFFFFFFFFF38
:10984000FFFFFFFFFFFFFFFFFFFFFFFFFFFFFFFF28
:10985000FFFFFFFFFFFFFFFFFFFFFFFFFFFFFFFF18
:10986000FFFFFFFFFFFFFFFFFFFFFFFFFFFFFFFF08
:10987000FFFFFFFFFFFFFFFFFFFFFFFFFFFFFFFFF8
:10988000FFFFFFFFFFFFFFFFFFFFFFFFFFFFFFFFE8
:10989000FFFFFFFFFFFFFFFFFFFFFFFFFFFFFFFFD8
:1098A000FFFFFFFFFFFFFFFFFFFFFFFFFFFFFFFFC8
:1098B000FFFFFFFFFFFFFFFFFFFFFFFFFFFFFFFFB8
:1098C000FFFFFFFFFFFFFFFFFFFFFFFFFFFFFFFFA8
:1098D000FFFFFFFFFFFFFFFFFFFFFFFFFFFFFFFF98
:1098E000FFFFFFFFFFFFFFFFFFFFFFFFFFFFFFFF88
:1098F000FFFFFFFFFFFFFFFFFFFFFFFFFFFFFFFF78
:10990000FFFFFFFFFFFFFFFFFFFFFFFFFFFFFFFF67
:10991000FFFFFFFFFFFFFFFFFFFFFFFFFFFFFFFF57
:10992000FFFFFFFFFFFFFFFFFFFFFFFFFFFFFFFF47
:10993000FFFFFFFFFFFFFFFFFFFFFFFFFFFFFFFF37
:10994000FFFFFFFFFFFFFFFFFFFFFFFFFFFFFFFF27
:10995000FFFFFFFFFFFFFFFFFFFFFFFFFFFFFFFF17
:10996000FFFFFFFFFFFFFFFFFFFFFFFFFFFFFFFF07
:10997000FFFFFFFFFFFFFFFFFFFFFFFFFFFFFFFFF7
:10998000FFFFFFFFFFFFFFFFFFFFFFFFFFFFFFFFE7
:10999000FFFFFFFFFFFFFFFFFFFFFFFFFFFFFFFFD7
:1099A000FFFFFFFFFFFFFFFFFFFFFFFFFFFFFFFFC7
:1099B000FFFFFFFFFFFFFFFFFFFFFFFFFFFFFFFFB7
:1099C000FFFFFFFFFFFFFFFFFFFFFFFFFFFFFFFFA7
:1099D000FFFFFFFFFFFFFFFFFFFFFFFFFFFFFFFF97
:1099E000FFFFFFFFFFFFFFFFFFFFFFFFFFFFFFFF87
:1099F000FFFFFFFFFFFFFFFFFFFFFFFFFFFFFFFF77
:109A0000FFFFFFFFFFFFFFFFFFFFFFFFFFFFFFFF66
:109A1000FFFFFFFFFFFFFFFFFFFFFFFFFFFFFFFF56
:109A2000FFFFFFFFFFFFFFFFFFFFFFFFFFFFFFFF46
:109A3000FFFFFFFFFFFFFFFFFFFFFFFFFFFFFFFF36
:109A4000FFFFFFFFFFFFFFFFFFFFFFFFFFFFFFFF26
:109A5000FFFFFFFFFFFFFFFFFFFFFFFFFFFFFFFF16
:109A6000FFFFFFFFFFFFFFFFFFFFFFFFFFFFFFFF06
:109A7000FFFFFFFFFFFFFFFFFFFFFFFFFFFFFFFFF6
:109A8000FFFFFFFFFFFFFFFFFFFFFFFFFFFFFFFFE6
:109A9000FFFFFFFFFFFFFFFFFFFFFFFFFFFFFFFFD6
:109AA000FFFFFFFFFFFFFFFFFFFFFFFFFFFFFFFFC6
:109AB000FFFFFFFFFFFFFFFFFFFFFFFFFFFFFFFFB6
:109AC000FFFFFFFFFFFFFFFFFFFFFFFFFFFFFFFFA6
:109AD000FFFFFFFFFFFFFFFFFFFFFFFFFFFFFFFF96
:109AE000FFFFFFFFFFFFFFFFFFFFFFFFFFFFFFFF86
:109AF000FFFFFFFFFFFFFFFFFFFFFFFFFFFFFFFF76
:109B0000FFFFFFFFFFFFFFFFFFFFFFFFFFFFFFFF65
:109B1000FFFFFFFFFFFFFFFFFFFFFFFFFFFFFFFF55
:109B2000FFFFFFFFFFFFFFFFFFFFFFFFFFFFFFFF45
:109B3000FFFFFFFFFFFFFFFFFFFFFFFFFFFFFFFF35
:109B4000FFFFFFFFFFFFFFFFFFFFFFFFFFFFFFFF25
:109B5000FFFFFFFFFFFFFFFFFFFFFFFFFFFFFFFF15
:109B6000FFFFFFFFFFFFFFFFFFFFFFFFFFFFFFFF05
:109B7000FFFFFFFFFFFFFFFFFFFFFFFFFFFFFFFFF5
:109B8000FFFFFFFFFFFFFFFFFFFFFFFFFFFFFFFFE5
:109B9000FFFFFFFFFFFFFFFFFFFFFFFFFFFFFFFFD5
:109BA000FFFFFFFFFFFFFFFFFFFFFFFFFFFFFFFFC5
:109BB000FFFFFFFFFFFFFFFFFFFFFFFFFFFFFFFFB5
:109BC000FFFFFFFFFFFFFFFFFFFFFFFFFFFFFFFFA5
:109BD000FFFFFFFFFFFFFFFFFFFFFFFFFFFFFFFF95
:109BE000FFFFFFFFFFFFFFFFFFFFFFFFFFFFFFFF85
:109BF000FFFFFFFFFFFFFFFFFFFFFFFFFFFFFFFF75
:109C0000FFFFFFFFFFFFFFFFFFFFFFFFFFFFFFFF64
:109C1000FFFFFFFFFFFFFFFFFFFFFFFFFFFFFFFF54
:109C2000FFFFFFFFFFFFFFFFFFFFFFFFFFFFFFFF44
:109C3000FFFFFFFFFFFFFFFFFFFFFFFFFFFFFFFF34
:109C4000FFFFFFFFFFFFFFFFFFFFFFFFFFFFFFFF24
:109C5000FFFFFFFFFFFFFFFFFFFFFFFFFFFFFFFF14
:109C6000FFFFFFFFFFFFFFFFFFFFFFFFFFFFFFFF04
:109C7000FFFFFFFFFFFFFFFFFFFFFFFFFFFFFFFFF4
:109C8000FFFFFFFFFFFFFFFFFFFFFFFFFFFFFFFFE4
:109C9000FFFFFFFFFFFFFFFFFFFFFFFFFFFFFFFFD4
:109CA000FFFFFFFFFFFFFFFFFFFFFFFFFFFFFFFFC4
:109CB000FFFFFFFFFFFFFFFFFFFFFFFFFFFFFFFFB4
:109CC000FFFFFFFFFFFFFFFFFFFFFFFFFFFFFFFFA4
:109CD000FFFFFFFFFFFFFFFFFFFFFFFFFFFFFFFF94
:109CE000FFFFFFFFFFFFFFFFFFFFFFFFFFFFFFFF84
:109CF000FFFFFFFFFFFFFFFFFFFFFFFFFFFFFFFF74
:109D0000FFFFFFFFFFFFFFFFFFFFFFFFFFFFFFFF63
:109D1000FFFFFFFFFFFFFFFFFFFFFFFFFFFFFFFF53
:109D2000FFFFFFFFFFFFFFFFFFFFFFFFFFFFFFFF43
:109D3000FFFFFFFFFFFFFFFFFFFFFFFFFFFFFFFF33
:109D4000FFFFFFFFFFFFFFFFFFFFFFFFFFFFFFFF23
:109D5000FFFFFFFFFFFFFFFFFFFFFFFFFFFFFFFF13
:109D6000FFFFFFFFFFFFFFFFFFFFFFFFFFFFFFFF03
:109D7000FFFFFFFFFFFFFFFFFFFFFFFFFFFFFFFFF3
:109D8000FFFFFFFFFFFFFFFFFFFFFFFFFFFFFFFFE3
:109D9000FFFFFFFFFFFFFFFFFFFFFFFFFFFFFFFFD3
:109DA000FFFFFFFFFFFFFFFFFFFFFFFFFFFFFFFFC3
:109DB000FFFFFFFFFFFFFFFFFFFFFFFFFFFFFFFFB3
:109DC000FFFFFFFFFFFFFFFFFFFFFFFFFFFFFFFFA3
:109DD000FFFFFFFFFFFFFFFFFFFFFFFFFFFFFFFF93
:109DE000FFFFFFFFFFFFFFFFFFFFFFFFFFFFFFFF83
:109DF000FFFFFFFFFFFFFFFFFFFFFFFFFFFFFFFF73
:109E0000FFFFFFFFFFFFFFFFFFFFFFFFFFFFFFFF62
:109E1000FFFFFFFFFFFFFFFFFFFFFFFFFFFFFFFF52
:109E2000FFFFFFFFFFFFFFFFFFFFFFFFFFFFFFFF42
:109E3000FFFFFFFFFFFFFFFFFFFFFFFFFFFFFFFF32
:109E4000FFFFFFFFFFFFFFFFFFFFFFFFFFFFFFFF22
:109E5000FFFFFFFFFFFFFFFFFFFFFFFFFFFFFFFF12
:109E6000FFFFFFFFFFFFFFFFFFFFFFFFFFFFFFFF02
:109E7000FFFFFFFFFFFFFFFFFFFFFFFFFFFFFFFFF2
:109E8000FFFFFFFFFFFFFFFFFFFFFFFFFFFFFFFFE2
:109E9000FFFFFFFFFFFFFFFFFFFFFFFFFFFFFFFFD2
:109EA000FFFFFFFFFFFFFFFFFFFFFFFFFFFFFFFFC2
:109EB000FFFFFFFFFFFFFFFFFFFFFFFFFFFFFFFFB2
:109EC000FFFFFFFFFFFFFFFFFFFFFFFFFFFFFFFFA2
:109ED000FFFFFFFFFFFFFFFFFFFFFFFFFFFFFFFF92
:109EE000FFFFFFFFFFFFFFFFFFFFFFFFFFFFFFFF82
:109EF000FFFFFFFFFFFFFFFFFFFFFFFFFFFFFFFF72
:109F0000FFFFFFFFFFFFFFFFFFFFFFFFFFFFFFFF61
:109F1000FFFFFFFFFFFFFFFFFFFFFFFFFFFFFFFF51
:109F2000FFFFFFFFFFFFFFFFFFFFFFFFFFFFFFFF41
:109F3000FFFFFFFFFFFFFFFFFFFFFFFFFFFFFFFF31
:109F4000FFFFFFFFFFFFFFFFFFFFFFFFFFFFFFFF21
:109F5000FFFFFFFFFFFFFFFFFFFFFFFFFFFFFFFF11
:109F6000FFFFFFFFFFFFFFFFFFFFFFFFFFFFFFFF01
:109F7000FFFFFFFFFFFFFFFFFFFFFFFFFFFFFFFFF1
:109F8000FFFFFFFFFFFFFFFFFFFFFFFFFFFFFFFFE1
:109F9000FFFFFFFFFFFFFFFFFFFFFFFFFFFFFFFFD1
:109FA000FFFFFFFFFFFFFFFFFFFFFFFFFFFFFFFFC1
:109FB000FFFFFFFFFFFFFFFFFFFFFFFFFFFFFFFFB1
:109FC000FFFFFFFFFFFFFFFFFFFFFFFFFFFFFFFFA1
:109FD000FFFFFFFFFFFFFFFFFFFFFFFFFFFFFFFF91
:109FE000FFFFFFFFFFFFFFFFFFFFFFFFFFFFFFFF81
:109FF000FFFFFFFFFFFFFFFFFFFFFFFFFFFFFFFF71
:10A000000030D08CD08CD08CD08CD08CD08CD08C9C
:10A010008722D08C82C4D08CD08C7436795E85EA4D
:10A020007A12D08C84A874B679B4D08CD08CD08CB1
:10A03000E0603C00E1F0CC02E0603C10E13F107ECB
:10A04000E0001400E0603C17E0201414E1D714FC99
:10A050003C790108E02015643D2815801601E003D5
:10A06000D5CAE1A014683C02000000000000000016
:10A0700000000000000000000000000000000000E0
:10A0800000000000000000000000000000000000D0
:10A0900000000000000000000000000000000000C0
:10A0A00000000000000000000000000000000000B0
:10A0B00000000000000000000000000000000000A0
:10A0C0000000000000000000000000000000000090
:10A0D0000000000000000000000000000000000080
:10A0E0000000000000000000000000000000000070
:10A0F0000000000000000000000000000000000060
:10A10000762689D995246ADB080AF7F5DA2520DF57
:10A1100000000000000000FF0000C837000080C7FA
:10A12000708F00FFDA2503FC03FC01FE3BC401FE37
:10A1300001FE02FD0AF501FEFFFFFFFFFFFFC8372A
:10A140005030303100FFFFFFFFFFFFFFFFFFFFFF39
:10A15000FFFFFFFFFFFFFFFFFFFFFFFFFFFFFFFF0F
:10A160004330303100FFFFFFFFFFFFFFFFFFFFFF26
:10A17000FFFFFFFFFFFFFFFFFFFFFFFFFFFFFFFFEF
:10A18000FFFFFFFFFFFFFFFFFFFFFFFFFFFFFFFFDF
:10A19000FFFFFFFFFFFFFFFFFFFFFFFFFFFFFFFFCF
:10A1A00008B5E400C50EE07510DAE00F389AE01249
:10A1B0008DAFE0128E8FE012899FE88B4FF4E6ABF3
:10A1C000CD8B3FFDE00005D9E0751150E0751646D6
:10A1D000E8794AC1E004391DE00E3E1D8F848F0EE0
:10A1E0002A892FA63FE3A9842F34E00E3E1DAD8EB1
:10A1F0003F6B3DEDE400C5863D91E003C5A48D8B2A
:10A20000E200CD8101881780391D17003E9CAF8286
:10A21000AF8D3FEEE88C4E88E201CEFF0186389A82
:10A22000E0128F81E12F3F8DAF88AF090AE1E00591
:10A2300039AFE0413AA5E200CA8F050539FF05872D
:10A24000C781AF84E00F391D8F8F00CFC7FF00FAA1
:10A25000E0033DAEE04139A3E200C99005073DFEB1
:10A26000E00B3E1D0587C708AF0BE00E3E1D8F0EAD
:10A2700000C1C77800FA3F6B3FE300CD08B71781F4
:10A28000E200CD00171E38EF1780E061392EE8CFCD
:10A290004A65171F3E6FE06C392EE0433F08E00D22
:10A2A0003F343B64E0053E9CE86655CC3E91E5FFBB
:10A2B000C37EE00A36A132A13EE839EF396FE200F1
:10A2C000CF00E00003523F68C701E0433F0EE00FBC
:10A2D0003F34E00A32213E1F3F91362137A13F68CB
:10A2E000120038EEC081E201C0FFE0433A81E20093
:10A2F000CA91E0000555E6A9CC08E00F3C2DE043EB
:10A300003F8FE200CF910203E0433F8E3C2EE043BB
:10A310003C08E200CC000403E0433C0D3AE9E400D1
:10A32000C2E4E06D175CC781E00D3F15E0083FA86F
:10A330003973AC6D3A6EE00005C83DE31500C58188
:10A34000E008314CE0093124E007D3B92109218626
:10A3500039692C04E201CCFF0583E001117FE00E96
:10A360003A15A95E0BE1E0073F953B9B9387E2001E
:10A37000CBE4E7FF052A3EEEE00E3F9A3F1B970E27
:10A38000E201C6FFE200CF0039170502399E3F6D9A
:10A39000C77F3F96E0433F0EE7FF0093E0053A1C7E
:10A3A0003A9B9285E200CAE4E7FF0527E00E3A1FD8
:10A3B0003F1B970E3915E200CF000502399E3A1A6D
:10A3C0003F61E7FF009014003CE800C108B13FE89E
:10A3D000E082977F3EEEE00C370FE0C0971F3C7F96
:10A3E000E00A370F3E9EB71FE02C3E7A01F73FE9A7
:10A3F0003F9DE00E348FE02E3F7CB4881500159908
:10A400003C6E3CEFE007D3223C6908E1E81057AF0F
:10A41000170196EF1600E700CE9EB6EF968FE7077E
:10A42000CE9CB68F96EFE700CE9EB6EF968FE706EE
:10A43000CE9CB68F96EFE700CE9EB6EF968FE701E3
:10A44000CE9EB68F3882E8664FCEC781E201C7FF45
:10A45000E8666FCEE8676F893882E8654FF0E20002
:10A46000CFC0E00001490933E0613F82E7FD177F7B
:10A470003FDEE0613F92E7EE1580978BE810552EA6
:10A48000E001CF80B78B1600E00197AA17013EE8E4
:10A49000E703CF9E3E9C170AE001B7AA3FECE02CF1
:10A4A0003E7EE7501704B60E110AB69E3EE8C681FE
:10A4B0003E9FE02C3FF2E7501708B60EB69E3EE8EE
:10A4C000C6823E9FE02C3FF2E750170CB60EB69EB8
:10A4D000E001972AE703CF1FE001B72AE7FE177FC5
:10A4E000978B3FDEB78BE0613F82E002CF80E06177
:10A4F0003F9209E23882E8664FDD27A308B2E86A96
:10A500004F2C1780E02F3F0FE86A6FAC2F17E068E1
:10A5100017F8E83377A81100E8335428DF9FE810D4
:10A5200057AEE002972FE707CF12E002B72FDF8C7C
:10A53000E866695CE866695D0961E06917D200EA6E
:10A540003882E83257F1E832577034233FAEE041A9
:10A550003FAF3FF8028BE83257EFE832576E3FAE1D
:10A56000E0413FAFE1283C2F3882140000FE08B7DD
:10A57000C076E843574DE86655CCE20ACF78E84309
:10A58000564B179E17141280E06E3A2F1300E8877F
:10A590004C14E8656ADAE08210F4760173027703FE
:10A5A000758452823C750190E84357CDE20ECF8806
:10A5B0000509E8674F85E200CF8101041580E86551
:10A5C0006DDAC00A0BE18F818E9137A557043F9D4C
:10A5D00037A13F9E970FE200CE81E12F3B6D3B6F8D
:10A5E000E201C37FE00002CB578152833FF5E000D8
:10A5F00005DA1581E8656DDA5581E200CDADE00040
:10A6000005D2E200CE8CE00102811601E20ECF08F5
:10A61000E8656E5AE0010201E0011248119EE8650A
:10A620004FDAE0002FCAE009374F3AED3C9EC28175
:10A6300034813D6D11117285C17FE000294615BC42
:10A64000E12C3F9B2606E00A12F8E02C3F152E0A6B
:10A65000159DE12F3F9B2789E00A1677E02E3E2EBD
:10A6600027041701E8656F5AE00D3D2DE200CE8406
:10A6700005231781E8656FDA009FE200CB05E7FF4D
:10A6800002BD560157833E7F058D1281E8656ADA67
:10A69000E7FF00B4E200CC010188E001123411AD03
:10A6A0000087E20ECF080277E0011248119EE20017
:10A6B000CE8CE7FF05B65782C082C781E201C7FF93
:10A6C0007782E7FE00F05585E00C3125E201C5FFF9
:10A6D000E00C3DACE09D12D436213E15E200CD8B5E
:10A6E000E7FF02ACE180929CE1273A932385E127C2
:10A6F0003A152382C7813CF53AEBE0653B2AC581D8
:10A700003D65E201C5FF00EBE20ECF080555E20012
:10A71000CC0101CB00D13C7C01C8E001123411AD69
:10A72000E7FE00FF08B71580E8656DD9E095135482
:10A730001580396B3C6B3CEB3D66E0033123399669
:10A740001088E1809393E00E338F3C97E0283C7EA5
:10A75000C0FFE201C0FFE02B3DE728F4C108E201A1
:10A76000C90001ECE200CC003F683FE90306E000CD
:10A77000C7FF1480E02E3C79E00837C71783E0025A
:10A780003729E02B3DBF178039483CEF3C6F1181E2
:10A79000E0013D191708E18093113B7B0505C78156
:10A7A000E201C7FF3C63C77FE201C77F2F75E0006E
:10A7B000C4C0E208CC8001ED2403E8656FD917809E
:10A7C0003B6F3BEFE09614B2E200CF8E3DEFE4002A
:10A7D000C58601A9E00A358F3C663CE7E007D13623
:10A7E000178039E93E6F3EEFE09614C6E200CF8E47
:10A7F0003DEFE400C58601AAE00A358F3C6C3CEDD4
:10A80000E007D124E0413F29E0413FA33F7FE04101
:10A810003FA2E0693A23E0413F293FFE052BE008D3
:10A8200039290BE1E00B37A63D99170FE180951B05
:10A83000E00C350F3B9AE0263B7CC701E201C77F65
:10A84000E200CF1501F4C78100C0E00B37A63D99A7
:10A850001719E180951BE004350F3E9AE02C3E74F9
:10A86000C701E201C77FE200CF1F01F4C781E7FF04
:10A8700000BF140000D7E8794FBAE8664F5B3F9EEF
:10A88000E00027DDE8654F5AE200CF0101B5E86539
:10A890004FD8C781E201C7FFE200CF8F029EE86573
:10A8A0006FD81780E8206FD9E8656FD0E8656FCF63
:10A8B000E8654FD72F87E8654F46E200CF01E001FA
:10A8C00001AEE8674F2F17812F03E86A6FADE86785
:10A8D0006FAFE8656FCE38821780E8656FD8178351
:10A8E000E8656FD6E83257EAE8656F57E8656FD2DA
:10A8F000E8656F5100D7E8654F5A2F5BE8654FD682
:10A90000E201C7FDE200CF810154E8654FD0C78165
:10A91000E201C7FFE200CF8F0289E8656FD01780A0
:10A92000E8206FD9E8656FD800C21782E8656F50DC
:10A93000E8656F57E8656FD600F3E83257EAE20042
:10A94000CF8D0504E8654FD1278BE83257EAE20046
:10A95000CFE30523E8654FD1E200CF81019EE832C5
:10A9600057EAE8204FD9C781E201C7FFE200CF993B
:10A970000287E8206FD91780E8656FD000D4178F61
:10A98000E8206FD91781E8656FD7E8656FD6E832A0
:10A9900057EAE8656FD200F0E83257EAE200CF8B61
:10A9A0000515E8654FD2E201CFB405881683E83279
:10A9B000576AE12F3FBD3FFE0209E8654FD127AA44
:10A9C000E83257EAE200CFE30225E8654FCEE865BA
:10A9D0004FCFC781E201C7FFE200CF88028AE86556
:10A9E0006FCF1780E8656FD0E8656FD8E7FE00E2AB
:10A9F0001780E8656FCFE8656FD7E8656FD6178F6A
:10AA0000E8206FD9E8654FD127ED1794E8206FD87B
:10AA100000E9E8654FCEE7FE00CDE8656FD1E86755
:10AA20004FAFE200CF810183E86A6FAD1780E86520
:10AA30006FD2E7FE00CE08B7C042E832514DE8328F
:10AA400051CCE87948C5E8664A5B1294710EE1FF83
:10AA5000C11C718FE1FFC19CE07516DAE05E17380A
:10AA600070947297721D711E719F14008FCDE062F9
:10AA700015AC3E68740B509D38FCE0010191510B00
:10AA8000E200C901E0040162E200CF89E00402DED5
:10AA9000958DE0012592518EE1233DA37195939D03
:10AAA000E001238F528FE1253BA572963E6FE400B3
:10AAB000C606E07814FE3E198E0CE200CE02E007D6
:10AAC00001AD3C6FE400C43292DDE0093F189559B6
:10AAD00090E9E00C3DAAE04139AC7189E0023BA16C
:10AAE0007190E0413A2291ED751271888D5D89D99E
:10AAF000760C39FA710D70937287720A721188EDB3
:10AB00009679E00191090382AD593C1E8CE83CF135
:10AB10000382A8E83CEFE400C4B23C9E8C19E20139
:10AB2000CC790283C401AC19E06214B83C9FE00503
:10AB30008C8974983CEF5218E400C4B22205E008F6
:10AB40003F198C0874173C9E8B39E0042B525294A9
:10AB5000E0083DACE0023BA2E200CA87E0413C28AD
:10AB6000E04139223C1205B0E200CC5014A8161482
:10AB7000E06C3C293CEFE400C4B23C9E8919E20041
:10AB8000C91105B7E200CD78E0040581E200CC7779
:10AB9000E00302781432AC09E00000EDE1808D1B87
:10ABA00014813FFA550BC601E06939AAE201C67F5C
:10ABB000748BE7FE00E212017215E7FE00F2140149
:10ABC0007416E7FE00F55494E200CC840586E2009A
:10ABD000CC3C149E160F00CD5614E200CE02E006C7
:10ABE00005DFE200CC31148A1614E06C3A2900C368
:10ABF0008909E0083521E400C1033978E003032E18
:10AC0000E200CD28E00305AA1103E0283C32AC099C
:10AC10003CEFE400C4B2E200CD4F3C9EE00302AA48
:10AC20008C79C401AC793CEFE400C4B23C9E8C59F1
:10AC3000E200CC50059F8979E200C902029B396A83
:10AC4000C114397804058CE930A138F90313549004
:10AC500050913C91E200CCE3E003058F511030C2EB
:10AC600031427109708A3CEFE400C4B214023C9E88
:10AC7000AC491200518A548954093C93E200CC83B8
:10AC80001280E0643AA3E0653AA87289720AE20091
:10AC9000CDE3E00305B1549E3DF9E00302ADE200CF
:10ACA000CBE3E00305A9511FE1213B9251081403B6
:10ACB000E08239583CE0C48AE00909135107518504
:10ACC00039383992396FE400C1327185E0033F129F
:10ACD000E00292735405E00391833A787201718225
:10ACE0000205018A548639F90587391E9142E2002E
:10ACF000C93BE00305983960C10E39E2E00309035E
:10AD00003CE0E0053993E0243972C486E0090A1575
:10AD1000510139740205018D518239F5058A396F67
:10AD2000E400C132391E9142E200C93BE00205FF56
:10AD30003CE0C482E0090A05E0033A95E0223A7457
:10AD4000520539740205018D528639F5058A3CEFAA
:10AD5000E400C4B23C9E94C9E200CCBBE00205EA28
:10AD600051021403E088395851015188E400C103AD
:10AD700031CE3C125107312239433C72518831A205
:10AD80000206E00201BC3CF3E00205B9E200CB00A0
:10AD9000148AE06939AC3E69518A54893C93E200D7
:10ADA000CCE3028F3CEFE400C4B23C9E94C9E200C5
:10ADB000CC9D0287E200CD511532E06A3CAC3E6A80
:10ADC000208AE200CB0101873E6FE400C6323E1EBE
:10ADD000AB0C560B39E03960C182C10E3D6F3AE3CE
:10ADE000E400C53239E2E0030903E0050A05E001A9
:10ADF0003F1AE0093A93E0283A721280E004344F97
:10AE000039E07299C1B2721A9193729B3C93E02817
:10AE10003C75E002342F34C13CC2518A51093401DF
:10AE20003913E002B47139E1E003B4813AE0711CF6
:10AE3000C1AAB141C2B6920594939295E002945191
:10AE40003C95E0283C74E002B451E200C928B49378
:10AE500005852C0AE20BCCDC0287549052913C957C
:10AE6000E200CCF80506E0093F1A1401E005AC0940
:10AE70003D1E8C8AE001B59A3CFCE001B3AA038236
:10AE8000AE0A541824073E6FE400C63254973E1EA3
:10AE9000AC8C3D6FE400C564E06D165C3E1A8E2CF0
:10AEA000E200CE0A3E6FE400C6320185E00A3F1C94
:10AEB0001481AC8A3E1E888C550938FAE00105E5FC
:10AEC000510A38F2E00105E1E001B5BCE001B3CC84
:10AED0002B29518C520DE200C980E001B1DC3DE329
:10AEE000E001B26CE005AB0CE002B35CE002B36CD5
:10AEF0000302C58F3E6F3584E400C632E001259D14
:10AF00003E1EE001B5FC558DE200CD800302C58FE9
:10AF10003E6F3584E400C632E00125A43E1EE00207
:10AF2000B58C5115E200C90101035192B18D521641
:10AF3000E200CA0101035293B29DE400C7B23F9EF2
:10AF40008E4F2E031601AE4FC68EE07612E63AFD06
:10AF5000E7FB018DC03E0BE13CEFE400C4B23C9E38
:10AF60008C59E200CC18E7FC02D5140AE7FC00D1AA
:10AF70001400E7FC00D911807189718AE7FC00F5A3
:10AF8000E0FF12FFB2F9E7FC00F6E200CD6E058C9F
:10AF9000E200CC6D02041428E7FB00FFE0FF147F01
:10AFA000B479E7FC00E8E200CD64058CE200CC63F4
:10AFB0000204141EE7FB00F1E0FF10FFB0F9E7FC0C
:10AFC00000DAE200CD50058CE200CC4502041414F6
:10AFD000E7FB00E3E0FF117FB179E7FC00CC8C09CF
:10AFE000E200CC14E7FC05C7C47EE7FB00D6560B95
:10AFF000E7FC00CF1081E7FC00DBE7FD236D3D6F30
:10B00000E400C5323D1E8C8AE200CC8A0585148A94
:10B01000AC8AE7FD00D7E200CC82E7FD05D3C4FE91
:10B0200000F8E0001664E7FD00CD1632E7FD00CA27
:10B030001628E7FD00C7528C3E1EE200CA80040DB0
:10B040001401E001B47C3E6FE400C63214803E1E61
:10B05000E001B4DCE7FE00D915FFE001B5FC00F427
:10B06000550D3E1EE200CD00040D1581E002B58CA9
:10B070003E6FE400C63210803E1EE001B0ECE7FEF9
:10B0800000D215FF00F43CEFE400C4B23C9EE001A6
:10B090009459E0019279E0413928E0413B24E001F4
:10B0A0009539E00196493976E00A3DAAE00C3BACBF
:10B0B000E0010402E00125043C241101E001B4593F
:10B0C000E0413C28E004A979E0283B18396FE4000E
:10B0D000C132391EE00194E2E00291827489E041BC
:10B0E0003AA3E0413CA93CF5E000046EE000267084
:10B0F00054893CA37487E001B4E21481E004ACF20B
:10B100005107E0413CA2E0293A99396FE400C1328D
:10B11000391EE0058902E200C901E000015D51121B
:10B120003D123D1452133E14399C1600510E520F1D
:10B13000E02A3D6CE02339ECE12A3D52E12339D489
:10B1400024093E6FE400C632E0083D2B3E1EE002BB
:10B15000B41C3E6FE400C6322487E0093F1CE008BF
:10B1600039A7E002B4293E1EE00194DCE001B5BC41
:10B17000E0413CA93B79E001B3CC0231B50DE400DC
:10B18000C7B2E00B3F1FE001966BE0413E2C3AFC5A
:10B190000231B19D3F9E1601AE3F1600AE4FE20058
:10B1A000C893960DB65F961DB66F05AF160AAE0F23
:10B1B000E7FD00CC14003A68E7FF008A3C6A3A6A6F
:10B1C000E7FF0086148039E9E7FF00A13CEC39EC89
:10B1D000E7FF009D39E73D6BE7FF00A9E002961C01
:10B1E0001400548E3D9CE02B3DE8E12B3DD9B58DFC
:10B1F00000C7E002962B1500558F3E17E02C3E6AE3
:10B20000E12C3E5BB61D00C7E200C881E7FD059E4C
:10B21000C0FFA88FE7FD009AE7FD2E18E400C7B233
:10B22000E0281080E00A3F1FE05E14BAB08A3F9920
:10B23000E0021100B10F12018FDDE0FF11FFAFDA64
:10B240008FEDE002B66AAFEA97DDE002B65AE0029F
:10B25000B7FA97EDE005AE0AE004AE7AE002B62A4E
:10B26000E002B61AE002B20AE001B27AE001B66A80
:10B27000E001B65AE001B3CAE001B5BAE001B3AAF1
:10B28000E001B59AE001B38AB5FAB3EAB5DAB1CA1A
:10B29000AE7AAE4AE003B78AE7FC00D83E66E7F82C
:10B2A00000EB08B538E9E400C08EE07516DAE07707
:10B2B0001672389D11003A613FE90083C781C20EC2
:10B2C0003F6FE201C77F3D7E05AC8AC48F4C39ECED
:10B2D0003F7501F5E201CF7F0172E400C706E4008B
:10B2E000C78E3F1DE003C7248F0E2F03E0033E9F50
:10B2F0003F68E400C70E8A433F1BAA4E3F9D92035E
:10B300009193B20EC401B19EE201C47F89DFA9DE30
:10B3100089EFA9EE89FFA9FEE0018F8FE001AF8ED2
:10B32000C101E200C90AC60E01C70AE1E6ADCF5865
:10B33000E00117983F9EE00E3443E08214743C1EF7
:10B340008F8FE00F8F0824853FCEE00FAF883882C3
:10B35000E30F3F5F00FBE00F3443E08217743F1FB1
:10B36000E6ADCC58E00117983C1FE00F8F0E8C081B
:10B370003C5E388208B5110039E2E0821274128115
:10B38000E8874F943FF30284E88769140AE13C633D
:10B39000DFE32411E00E31A13F148E8EE00F312146
:10B3A0003F94AE8F3C628F1EC1013CE5E201C17F3C
:10B3B000AF1FDFBDC181E201C1FF00E3E83257E604
:10B3C0002785C7FFE83277E63882E83277E3E86519
:10B3D0006FC800FBE84D4FA92F8CE84D4FA82F8B6D
:10B3E000E84D4FA72F8AE84D4C26E1283C0F3882C4
:10B3F000140400FE140300FC140200FAE200CC3E28
:10B40000029417BFE0083FA81600E403C4603E7C26
:10B41000E00D344802052E05E200CEBE058216BEC0
:10B4200017BE3FAD3C6F3882E20CCC010595E20CB3
:10B43000CC400294E1F3C47F1700E403C4423F7E92
:10B44000E00F344802052F05E200CFBE058217BE8B
:10B45000E00CC78100E83FE800E617003FEE00E39C
:10B46000E200CC3EE83257CD029417BFE0083FA877
:10B47000E403C4421600E00D34482E04E200CEBEC0
:10B48000058216BE17BE3FADE005144F3C2F388233
:10B490003F6FC7413F7803903C2FC43FE403C44251
:10B4A0001700E00F34482F04E200CFBE058217BE1C
:10B4B000E005C79100EA3FE800E808B7C0721280D3
:10B4C00013811702E8794EBA3E683A69396539E561
:10B4D000E075135AE02B3C87E02E3C8E3D653FE53E
:10B4E000E201C7FF3EFF02911782E02F3A0F2F863D
:10B4F0001484E0243A09E0002270E00831243C136F
:10B50000E201C47FC00E0BE13E7F01313FE5E40064
:10B51000C78E3F96940F7501770275837604768502
:10B520007786DF9F57863CE8941F7487DF68E001C9
:10B53000394338C45786E201C0FF5501570255838D
:10B540005604568554878FCF2895E20ACC76058617
:10B55000E1FFC49BE204CC8502BAE400C78639E16E
:10B560003F96E003C7A4890FE022390AC281E7FFB2
:10B5700000B838E2E400C881E6AFC8F1259B209A04
:10B580002999E1FFC41BE20ACC750584E201CC963F
:10B59000059CE400C7863CE73F96E003C7A48F8F75
:10B5A0001101E200CF80E06939A339E9E06239A9ED
:10B5B00000DE275D20DC298EE1FFC41BE20ACC758A
:10B5C00005E9E204CCB805E6396300D1396139E117
:10B5D00000CE110000CCE00831A43C12E7FF00923D
:10B5E000E8656C70E8654FF0E6A9CFDFE200CF8434
:10B5F000018317830085E200CF8102851781E86708
:10B600006FA13882E200CF8201751781E8676FA1D0
:10B610001780E8656FF000F6E08B17F4B5FFE041A6
:10B620003DCBAC1FB49FE6A3CC89B52FE6A3CD0AD2
:10B63000E001B58FE06617FAAC8FAD1F388208B60F
:10B64000E400C40EE075165A39E9E00D3E18E40036
:10B65000C1E4978D959DE06D115CE00E3913168065
:10B66000E8674D06E001B7FE3AE9E002B58EE00971
:10B67000AEEE2D13E0098CDEE200CC81018EE001FC
:10B6800096CEE00D3DADE0413EADE200CE8F05052A
:10B69000E009AD5EE009ACEEE00E3913E0098EDEA4
:10B6A000E200CE81E0000159E005933EE005924EB4
:10B6B0003FA6E00E3DA4158CE00D3913E02B3FBBF7
:10B6C000E002B79DE002B72DE00025CBE00F391373
:10B6D000E002B5BFE00D3913E00297BDE200CF8074
:10B6E000E000054BE200CF8902041783E002B7BDFA
:10B6F000178CE02F3F3FE00027C9E00E3913E0022E
:10B70000B7CEE00F3913E002974FE200CF00E00020
:10B71000054DE200CF0902041703E002B74F3E18BF
:10B72000E06E14B2150E3C933C6CE006DA1CE400AB
:10B73000C286E07817FE3A9FB3081780B218391313
:10B74000B785178AAFA21784E001B262E001B35255
:10B75000E005AFA20B613A6B3B6FE7FF00ABE20085
:10B76000CF8005061781E002B7BDE7FF00B5E7FF10
:10B7700027AF17FF00F9E7FF27BDE3FFCFF7E7FF8C
:10B78000043917FDE7FF00B4E200CF000508E00F21
:10B7900039131701E002B74FE7FF00B5E7FF272F86
:10B7A000E00F3913177F00F7E7FF273BE3FFCF7761
:10B7B000E7FF0437177DE7FF00B208B73A69E400F6
:10B7C000C264E06D155CE0013D14E400C40EE002CB
:10B7D0009191E075165AE0029331E00E3E18E001B7
:10B7E00096F1958E911EE0413AA3E0029701E04167
:10B7F00038A63AF1E00D3DADE00E392EE001044EE1
:10B80000E8674F86E0012FC2E200CE803FED0302E1
:10B81000C7873783E0413BAF38F7E0663C2F3FE610
:10B82000E0413B263AF63AE3E0653B2F3FE539AF8E
:10B83000E0053D14E002B1953D14E002922AE002D9
:10B84000934AE0413AA4E0413D263AFAE00104314E
:10B85000E8674986E00129A5E200CF0039EE03023E
:10B86000C19F3185E0413BA33D77E0663C2339E64B
:10B87000E0413B263AF63AE43B69E0653B23E400CD
:10B88000C36439E5E06D12DC3A963A23E002B22552
:10B890003A69E400C264E06D135C3B14E0058AA6DB
:10B8A00022A03A65C27FE201C27FE200CA03E0053E
:10B8B000AA26E0010102C2FEE200CA81E00005FC06
:10B8C000E0433A8FE0433A03E200CF80E00004789F
:10B8D000E02F3FE5E200C980E0000478E02339E48E
:10B8E000E0043E9EE200CA2802093A6BE1FEC2373C
:10B8F000E202CA3E0283E8674A06E400C4E4E06D5F
:10B90000125C3A19E0019354E00192E4E0098A5490
:10B91000E200CA01E00001603E963F9D12003F1523
:10B92000E00516CFE02F3FE43F13E02F3FDDE02E90
:10B930003F64E00C16BFE02E3F5DE06D16DC3C9DE1
:10B94000E0098EF93C1CE200CE803EEBE06D392F21
:10B95000E0029799B688E0413FAF38FFB718E001A1
:10B96000B6D9E001B769E001B5F9E002B109050C0B
:10B97000E00297A9E0413FAF3D7F05061780AFA9E0
:10B980001781E001AFA90BE1E200CE803FED030299
:10B99000C79F3785E7FE00C01780E7FE00CFE200B3
:10B9A000CF0039EE0302C1873183E7FE00DD11804D
:10B9B000E7FE00F012023AE4E7FF0088E0413AC5F2
:10B9C000E02F3FD5E7FF0088E0413A44E02339D437
:10B9D000E7FF00883F623FEBE7FF00B1E8674F8673
:10B9E0002FA43F68E400C764E06D145C3C1EE001D6
:10B9F0008F58E200CF330597E0019688E001971851
:10BA0000E02C3E9F2612E02C3F1F260FE400C703C8
:10BA10001605E02E3F3C3EFE030A8C38179DE128B8
:10BA20003C1F3882140100FE140000FC3C6F00FA39
:10BA300008B63AE8E400C2E4E06D17DCE0043F95A4
:10BA40008F243B683EEEE201C6FBE200CE8239EF76
:10BA500001AC8F94E200CF9D0298E0059434DD01A3
:10BA6000C471E205CC3105863C66DFB9E200CC0149
:10BA7000011AE8654FC62F971104E04B17BA3B1F18
:10BA80008F86E200CF8101821108E00F39951700FF
:10BA90003C62AF1FAF2FE001AF5FE001AF6FE00985
:10BAA000AF4F0B61110800EAE200CE83018AE8651E
:10BAB0004FC61104E200CF801788E06239AF00DE84
:10BAC0001784E02D3F0F2E851688E0223F0D2109B7
:10BAD000E00F39958F9FE200CF8502D7110400D681
:10BAE000E200CF0901A4E8654F46396FE200CF00BC
:10BAF0008F94E06239ADE200CF9D058BE200C9046E
:10BB000001C5E04B17B03B1F1781AF86E7FF00BFB1
:10BB1000E0059434DCA6C471E205CC3105F03C6646
:10BB2000DF5EE200CC0101EBE7FF00B0E200CF0AEC
:10BB3000E7FF01ADE0039404DC943B68E003941458
:10BB4000DC5E3FE6C7CEE204CFEC3A6802873FE80E
:10BB5000C7CEE20BCFDCE7FF059AE0023995E0059E
:10BB60009432DC7FE0083B28E0413C28E200CC3204
:10BB70000210E00594421105DC42E0083A28E04159
:10BB80003C28E200CC331780E0623C2FE7FE00FF48
:10BB90001105E7FE00FC08B7C070E200CD801790E9
:10BBA000E8CF4DE51601E06C392F128017913E3B2E
:10BBB0003F65E0433909E06E392F3F3BE86657CCDB
:10BBC000E00D391C75083D6C3A6936A1E5FFC57E6C
:10BBD0003E9FE009372138E239E57205E200C8806E
:10BBE000E00003773EE4C681E0433E8D3E9C36A1F3
:10BBF0003E9F72065606C601E201C67FE043388CBE
:10BC0000E200C89FE000057D3EE4E0AD3C0B130080
:10BC100036A13E9F960D3DE2E00D364F3E9C560507
:10BC200036817687E0433E8C16103EFBE000057BB4
:10BC30005606E0433B8C16103BF2E0010324E00182
:10BC400017FFE12F3B5F5308E06D115CE400C36414
:10BC5000E201C7FFE00E3916E0018E5EE001AFBEE3
:10BC60003E7F0383E001AFDEE6A9CA04560557060E
:10BC7000E00F3A2CE0433F8FE200CFA03A2EE043A2
:10BC80003A04E06F3C27E200CA003BEFE0643B2D42
:10BC9000C381E00F3916E00D3BA439F5AECFE001CA
:10BCA00005A53DE51500C581E00831CCE00931A4CA
:10BCB000E006D7052189228639E92C04E201CCFF70
:10BCC0000583E00111FF3916A9B2C0100BE1E006AF
:10BCD0003D1D3B199306E200CB64E7FF0505E20139
:10BCE000C0FF70853996E1C0909DE200C8800502D2
:10BCF0003A915085C0FFE0433881E7FE00F1E00152
:10BD00003E9A38999081E200C8E4E7FE057F3991B8
:10BD1000E180909DE200C88005023A917606E7FE38
:10BD200000EB3BEBE200CD80C3FFE201C3FF052641
:10BD30003D9E35A13D9F948B5407E00B3B9E35A162
:10BD40003D9FE02A3C98958B2519E02A3D9C2516BD
:10BD5000E008348FE00134CC34243C4138E0C08228
:10BD6000E00A358FE0010E1F34A4E006D6A83DE0BE
:10BD7000C582E00B0E0FE1263B69E0433D87E7FEFD
:10BD800000D63DE2E201C5FF396BE200CD9EC10164
:10BD9000E201C17F02A63D9E35A13D9F948B5407D1
:10BDA000E00B391E35A13D9FE02A3C98958B251963
:10BDB000E02A3D9C2516E008348FE00134CC342481
:10BDC0003C4138E0C082E00A358FE0010E1F34A408
:10BDD000E006D6753DE0C582E00B0E0FE1263B691B
:10BDE000E0433902E7FE00AA14003CE8E7FE00E465
:10BDF00008B7E400C40EE400C4E4E06D12DCE075B2
:10BE000017DA3A993F98940FE00593B5E00593450A
:10BE10003C27E0413A28941F17803C26E04139A88E
:10BE2000E8674C06E009AFF524173C66DAE8C47110
:10BE3000E20CCC220586E00831A3E1223A18009FEB
:10BE40003C67DB0FC471E205CC3205A2E008322367
:10BE5000E1223998009439683C67DB03C462E2054B
:10BE6000CC14058FE0018F85C7FFE200CF8102EF80
:10BE7000E200CA0702041781E009AFF53C620BE15A
:10BE80003C66DABDC471E20CCC2202D600F8110087
:10BE900000F608B7C0783F68E400C70EE075135A93
:10BEA0003B1EE8674F863AE894063BEA7782396B97
:10BEB0007481DAD75481E00012643A39E06D11DC04
:10BEC000E00D39943F68E005943D76837704DAC944
:10BED0005704E00C3C2E94167604DA9156833B68A6
:10BEE000E005944DDA8C5782E0083B28E200CF81D0
:10BEF000548156040109E8674F86E200CF820104AD
:10BF00003FE83C6C3E6FE00F3994E0018F1FE04149
:10BF10003EA8C77DE200CF01E0413E2C02958FEFA5
:10BF2000E200CB81E00001CFE00E3E1DE201CF7ABE
:10BF30000284E201CE16058D3C65DF5B3994E00991
:10BF4000AC53140100A93F6C8FCF3E6D3EEE00E96B
:10BF50001704E12F3F2F27A5E6AFCFF22FA2E00F66
:10BF600039948FAFE02E3F8E2F051708E02F3F8EBC
:10BF70002795E04B17BA3F998F8FE0001764E200D6
:10BF8000CF80E0011796E06E39AFE12D3E9E2ED5B1
:10BF9000E1283E1E2C52C0080BE1E000174600F6D7
:10BFA000E8674C062479E00015E4E1283E1B2C04E8
:10BFB000E1283E9B2471E200C901E7FF01BF3C621A
:10BFC00000EB3F6FE400C7141531E12A3D2EE6AFC8
:10BFD000CC7225022C2B159EE12E3F6BE6A7CF8F4E
:10BFE000C781E400C794E0001563E12A3D2F2502D4
:10BFF0002C1F1432E12F3FE8E0011596E12F3FDBC3
:10C00000E8674D86258BE0011516E00015DAE12E74
:10C010003F5AE12F3FEBE12E3F6BE12D3E9EE7FFC4
:10C020002E8DE1283E1FE7FF00B7173200D8E00051
:10C0300017E400E7E8674F86E400C464E200CF81BC
:10C04000E06D17DC01883F98E00B8C5F1787E128D3
:10C050003C1F008CE8674F063F98E200CF02018743
:10C06000E00B8FDF140AE1283C2F3882E00B8C6F45
:10C07000178400EE08B23968DFDE24363F62E40040
:10C08000C764E06D145CE00D3C1EE0018F8DC7FFBE
:10C09000E200CF813FE805B08E3DE200CE55028B35
:10C0A0008ECDE200CE870287E200CE370586E20021
:10C0B000CE85058A14010098E200CE2D0585E200A8
:10C0C000CE8714010111E0083F9E8FD8E200CFD542
:10C0D00002F28C68E200CC0702EEE200CFB70585E1
:10C0E0001785E1283C1F0961E200CFAD0585178760
:10C0F000E0283C0F00F9140000F708B23968DF9B14
:10C1000024303FE2E400C7E4E06D175CE8674E8648
:10C110003F1F8FBE2EA7E200CFEE029D8F4EE200A2
:10C12000CF0B0299E200CFA80584E200CF09029369
:10C13000E200CFBC05B6E200CF06028DE200CFD010
:10C1400005B0E200CF060107E200CFE405AAE20055
:10C15000CF0305A7E04B143A3C121781AF881401B6
:10C160000961E201CFAA02F78F4EE200CF0B02F382
:10C17000E200CFC60584E200CF0B016DE200CFDA0A
:10C180000590E200CF0702E7E200CFEE058AE20069
:10C19000CF070161E201CF820584E200CF0400DA1B
:10C1A000140000DF08B73AE93BE83C6939EA3A6530
:10C1B000DFA5E06D115CE400C264240B3914218515
:10C1C0001788AFA23C630BE11784AFA2118100FB7B
:10C1D0003C65DF513B68240539141782AFF200F744
:10C1E0003D683DE33CE53C67DE5539142404AB2251
:10C1F000118200E98FF22783C7FF00F1AFA229F96E
:10C200001781E009AFD200F53F68E400C70EE07582
:10C2100017DA3F9E8F7FE200CF1102A4E0018F8FDB
:10C22000E200CFA0029FE8CF4EE5E400C464E0AF97
:10C230003E8EE866574C37A13F9E968FE06D17DC27
:10C24000E00E3F98E001960E3E7D0303E001B68EBE
:10C250003C1FE843574DE00197983F7F0503E001FD
:10C26000B7183882E8674F862FBD08B43EE8E4006F
:10C27000C6E4E06D17DC3F9DE00289CF3A68218378
:10C280000A2100C3E0028EDFE200CE8E0285170194
:10C29000E002AF4F00F68E9FE200CE8E0289396F2A
:10C2A000C114E8794F3AE07517DA3F7302820A61E8
:10C2B0003F63E400C70E3F1F8ECEE400C6863F9D5D
:10C2C000E003C7A48F8F2F8A8FFEC7FFE200CF8FB6
:10C2D000028517823C64AF82DF98C181E201C1FF11
:10C2E00000E1388208B7C07E3AE9E400C2E4E06DBC
:10C2F000115CE00F39158FAF3B68C7FE3F6FE2015D
:10C30000C77FE200CF073A69028837A837C7E00045
:10C3100017003F9E978F3F821180E00D3915E00195
:10C320008F0D3FEEC7FFE200CF81E00002E08FAD4E
:10C33000E200CF88E000015BE0018EAD2685E200DF
:10C34000CF89E00001D4E00739151681E001AEA7DE
:10C350008E97E200CE94E0010287E8674C863C6647
:10C360007701D8ACE8674E863FE85701E0002ED74A
:10C3700024331788AFA7118100B93C69DEBF39E8C3
:10C380002406E00F39151704AF2F00A33DE83D63E5
:10C390003CE43C66DD7F241DE00F3915A9AF118216
:10C3A000E7FF00BD15003CE43C66DEFD39E8E7FF31
:10C3B00000B63C69DEA339E82405E00F39151708FB
:10C3C00000E4158100E5150100EF3C69DE972C764D
:10C3D0001181E7FF00A43D6815813CE43C6677814C
:10C3E000DD59578124181182AFA739158FA2E000BB
:10C3F00027CC3C64DF38E0018D821280E12B3D8543
:10C4000015013CE43C66DD4624031182AAA23C638C
:10C41000C0020BE11789E7FF00AFE8674E86E20034
:10C42000CE810106E8674E86E200CE8201DFE2009F
:10C43000CF010188278EE00F39151688AEAFE7FFD0
:10C44000009C2787E00F39151708AF2FE7FF0095ED
:10C45000158115003CE43C66DD1D2C48E00F3915C4
:10C46000170900F4E200CF8901C18F87E200CF866F
:10C47000018617801183AFA7E7FF00B9E200CF85DF
:10C48000E7FF01B500F7E400C30EE07517DA3B1FC4
:10C490009406EFFFD7E7E005B4029416EFFFD7B09C
:10C4A000E005B412E7FF00B51780E8794CBAE06DFB
:10C4B00016DC3D6FE075165A1700008A8DCCC60E4B
:10C4C000E6ACCDCB3DFF0108C701E201C77F3F7954
:10C4D00001F6E002AD5DC781E201C7FFE200CF8A4D
:10C4E000E000C6E401E8388208B7E400C40EE07555
:10C4F000115A391894023AE9EFFFD7B43B68941205
:10C50000E400C2E4EFFFD77CE06D125CE00F3A1567
:10C510001680E06D16641700AE8F3E15E009AECFB1
:10C52000E00511CFB70CE00C13BFE005B30FE1221B
:10C530003C57E001AF2FE1263B53E001B70FE0018C
:10C54000B71FE002AECFE005B41FE8674F86E200F8
:10C55000CF810106E8674F86E200CF8201B9E86724
:10C560004F86E00513CFE200CF81E00C11BF01A898
:10C57000E0063BA6E8674F862F8DE206CB1F058AB3
:10C58000E20ACB7602A93FE2C7E1E205CF9102823F
:10C59000DF8C3FE7E1FEC7B83FF6E00E3181E001F6
:10C5A00003843F72E00F3A1505A01681E200C91E10
:10C5B000E001AE8F029DE00F3A15168200A9E867F0
:10C5C0004F86E200CF8201D7E00239A200D43FE2D9
:10C5D00039663B6F00D0E20ACB77015C3FE2E1FFB6
:10C5E000C79BE204CF8500D41682E001AE8F3FE303
:10C5F000C7E23FF205E1E200C96305873FE3E1FFDF
:10C60000C79C3FF2E00003CAE00F3A151686AE8FD2
:10C61000E00F3A158E8F2EBD3F72E00005DD170149
:10C62000E200C91EE001AF1FE00002D9E8674F86B3
:10C63000E00027EAE8674F86E200CF810106E8675D
:10C640004F86E200CF820192E200C91EE00005E7BA
:10C65000C1E239F2E00005E3E200CB1EE00005DFB5
:10C660003FE7C7E23FF6E00005DAE00F3A158F0F2B
:10C670002F10E00E33813F76E00005D717033BF61D
:10C68000E001AF1FE00F3A15E00003D21702AF0F31
:10C69000E0093A158C090BE1E00F3A151680E0012C
:10C6A000AE8FE7FF00B7E200CB63E7FF02B3E867B6
:10C6B0004F86E7FF2FAFE200C90FE7FE05FE3EE31E
:10C6C000C6F13EF2E7FE05F9E00D3A15E001AF8D47
:10C6D000E7FF00A01702E001AF1F3FE3C7E23FF210
:10C6E000E7FF05A6E200CB1EE7FF05A23FE7C7E292
:10C6F0003FF6E7FF059DE00F3A151700E001AF1F79
:10C70000E7FF00B5E200C91E0585C1E239F2E7FF87
:10C7100002AEE200CB64E7FF05AAE00F3A1517026C
:10C72000AF0FE7FF00A41704E7FF00AB1700E0011D
:10C73000AF1FE7FF00AF08B4E08214F41200E887EF
:10C740004914E00016E43E6439E9397C018BE200CB
:10C75000CEE401821680E200CC003C6DE06839A492
:10C760000A61C601E201C67FE00A36213D1338ECBA
:10C770003971C5020183C48200E9E0408FAA8F09A4
:10C78000E0408D9A3F2F8F99E0413F2E3FABE04133
:10C790003FAF3DEFE201C77FE201C5FFE12F3F6BF5
:10C7A000E12D3EDFE12F3A6F3A6FC081E201C6FF13
:10C7B000E201C27FE201C0FF00DC248DE8CF4FE739
:10C7C000C7FF3CFF01082406E8CF4CE6C4FFE12880
:10C7D0003C883882140000FEE86757EFE6AFCFFFD1
:10C7E0002F86E867546FE6AECC783882140100FEDD
:10C7F00008B33F68E400C70AE0D917CC3F9E89AF71
:10C8000015003FE3E200CF8402913422E024116E50
:10C810003918AD021400C50C1484E006D17A150055
:10C820003DE3E006D14CB49209E1C781C50137C1AF
:10C83000E201C57F00E8E0643F80177B3FDE26020F
:10C840001604258215843F03C4FFC47F3E4F3DCFAD
:10C85000E0643E10C4818689E0643D90C401AE88E6
:10C86000C57F2D77E0643F9000003F04388208B216
:10C87000C07EE81057AE1502E000176B11003CEACD
:10C88000B76F3E623C901581E00214047101DFD461
:10C8900015023CEA3E6215813C90E0021408DFCCB0
:10C8A000E81057AEE001177FE001B70FC002096141
:10C8B000E0613F82E0613F02E7EF16FF3F5DE0612C
:10C8C0003F12E0613F0216FB3F5DE0613F12E8105E
:10C8D0005730B44EE0613F923882E0613E82E061C1
:10C8E0003F82E7EF177F3FDEE0613F92E0613F82EA
:10C8F000177B3FDEE0613F92E81057B0974FB708D3
:10C900001700964FE70ECE1EB64F964FE70DCE1E80
:10C91000B64F964FE701CE1EB64F964FE700CE1E9C
:10C92000B64FE0613E923882E81057AFE832577256
:10C93000E001B74F2406E001974F3C4EE001B44FB1
:10C94000388208B239693F83E7EE1700978ECFA08F
:10C95000B78EDFEBE200C901E81057AF01A9976F6E
:10C96000E700CF12B76F970FE706CF12B70F3B0064
:10C9700000000000000000000000000000000000B7
:10C980000000000000000000E81057AF1681976F0C
:10C99000E700CF1DB76F1680970FE706CF1DB70FC3
:10C9A000E7EE1700978E16DF3FDDB78E0961E810BE
:10C9B000572EE002972EE6AACF7E270A976F1681A0
:10C9C000E700CF1DB76F970FE706CF1D00D0E0013E
:10C9D000B74F00CEE8244F6CE201CF01E00001E246
:10C9E0003F69E201C7003FE82708E7EE170096CE4F
:10C9F0001601E702CE9CB6CEE00027C908B1E200DE
:10CA0000CF813C6901921480DF9DE7EE1780974F3C
:10CA1000E6ADCF7E2706974F1680E702CF1DB74FB2
:10CA20001780E8246FEC08E13F83DF7FE81057AE02
:10CA3000E810572FE00297AFE6AACFFF27A497EEA2
:10CA40001681E700CF9DB7EE978EE707CF9DB78E93
:10CA50003B0000000000000000000000000000009B
:10CA600000000000000000000000E81057AF168131
:10CA7000976FE700CF1DB76F1680970FE707CF1DA1
:10CA8000B70F00C4E001B7CE00E4E7EE1780974F80
:10CA9000E6ADCF7E2706974F1680E702CF1DB74F32
:10CAA0001780E8246FEC38821780E8676F9F1701C2
:10CAB000E86757EFE703CF9EE86777EF1780E81244
:10CAC00077B5E86757EFE707CF9EE86777EF3882DB
:10CAD000E8674FAA2F901701E8676F1FE81277B534
:10CAE000E8256FCEE8266FCAE8D94FB8E201C7FB48
:10CAF000E8D96FB83882E81057AEE00297AFE6AADF
:10CB0000CFFF27A808B1E81257B4E7FE177E3FDE33
:10CB1000E81277B4E7FF1781E8246FECE001148195
:10CB2000E81257B32F951401DF56E81257B4E2010B
:10CB3000C782278DE7EA1780972FE0D217F8E12FF9
:10CB40003FBEE81277B317C8E8666FDE08E114024B
:10CB500000EC3882E8674F9FE81057302FB097EE0F
:10CB6000E6AFCFFF2FB3E8674F823F6F2F821701E9
:10CB70003FEEE000C7E3E02F3FBEC7FDE201C7FF85
:10CB8000E8674F26C7FF3FBEE6A2CF8FE8206FA51C
:10CB9000E8204FA52F9D1781E8206FA5E8204FA51D
:10CBA000E8246FE41780E867576FE703CF1FE86753
:10CBB000776FE83A77E2E81277B1388297EEE6AF1E
:10CBC000CFFF2F84E8674F8300DC178200DAE8206C
:10CBD0004FA5E200CFFD05E3E00017FD00DEE81001
:10CBE00057AE1681E001972F3422E703CF1DE001F5
:10CBF000B72F3F68E150C700969EE150C404B49E31
:10CC000016809718B498E001972FE703CF1DE00135
:10CC1000B72F388208B4E81050AE1701E00197A191
:10CC20001200E703CF9EE001B7A1E7501780B20FD3
:10CC3000C784E040B21FE358CF8001FAE06516F0E8
:10CC40003E941708E02C3A7EE75017803F6CE8339B
:10CC50005628B70FB69FE750168411003FE23F9C5D
:10CC6000170AE02E3F72B70DC684E040B79DE3532C
:10CC7000CEBCC60101F3E0011780E065117AE754EC
:10CC80001700E201CF80E00001CF1500E06615FA41
:10CC90003EEA3E9B1608E02C3E7AB60EB69EC78151
:10CCA000E201CFF001EF1600E06616E03E9C1708A7
:10CCB0003FECE02C3E7EE756174CB60E3DEFB69E9D
:10CCC000E7561750B60E1508B69EE02416C23D9DD5
:10CCD000E02A3D7FE7571770E02416C0B50E3E9F4F
:10CCE0001408B59EE02C3FF8E7571774B60EE0D94C
:10CCF00014CCB69EE8824F6CE400C70AE00D3C9E5F
:10CD00003E9FE7571778E02C3FF8B60EB69EE757E0
:10CD1000177CB50EB59EE0019721E703CF1FE00118
:10CD2000B7210A61140039EFE054C180E009391FCE
:10CD30003EE83E99160831A2E02C3E78B603B69341
:10CD4000E7FF00AF08B1DF67E81057AF170096AFF5
:10CD50001582E706CE9EB6AF1681962FE705CE1D4B
:10CD6000B62FE81057AEE001962FE70BCE2BE0016F
:10CD7000B62FE7EE1780B68F16FFB6EF1685B6CF43
:10CD8000E00116EAE003B68FE001B72FE0613F0251
:10CD9000E002CF00E0613F12970FE7FE16FF3F5D14
:10CDA000B70F08E1E8884F0EE088178EE200CF0643
:10CDB000E00002C3E8884F0E1680E400C7163F1F4C
:10CDC000E002B46EE8884F0EE400C7163F1FE0088B
:10CDD000AC8EE8884F0EE400C7163F1FE007AEAEEA
:10CDE000E09E1694E8884F0EE400C7163F1FE0024D
:10CDF000B6FE1681E8884F0EE400C7163F1FE00715
:10CE0000AEBEE8884F0EE400C7163F9EE0A7171499
:10CE1000E003B70F3FE8C7FD3FFD0290E8824FEC0B
:10CE2000E8886F98E8824EECE8886E99E8884F8E23
:10CE3000C781E8886F8E14013882E201C47FE888D8
:10CE40006C18E8886C1900F3E088178E1700AF0F94
:10CE500016FFAF1FAEAFAF3FAF4FAF5FAF6FAF7F4C
:10CE6000E001AF0FE001AF1FE002AF0FE002AE9FA5
:10CE7000E002AF2FE002AF3F388208B23968DFE549
:10CE8000E200C904028D3121E000141039189782A4
:10CE90003F82E81254BF1400E201C4FFDF84178010
:10CEA000E8886FA1E088168E1780E8884F0E3FFE55
:10CEB00004930961E81254C91401E201C4FF00EFB0
:10CEC000E81254D31402E201C4FF00E914811403F0
:10CED00000E6148200FD3F6FE400C716C7813F1DC6
:10CEE000E0088E0EE8884F21E201C7FF3F1CE8886A
:10CEF0006F2100DC08B13DE9E002C5B217003D6BCF
:10CF000016803E6EE0013C1EE0C0979AC6012E8C52
:10CF100037C8AF813F6CC681E200CE9101F3C5DE18
:10CF20003CFB01EE08E1E201C7FFE200CE90AF81D9
:10CF300001728F8A3E18C702AF8C00EE08B215004E
:10CF4000E002C4323FEA38EFE001C781E00D37A8C4
:10CF50001780C08139683E6FE00B3F9AE200CE1027
:10CF60003D998F0B01913F1DE042B718C781C60163
:10CF7000E200CE11C17E01F1E200C8893D1FC45E0E
:10CF80003FE101E209612E0637283F11E040B71862
:10CF900000EE8D9BC78235A83F1BE040B71200E82A
:10CFA000E8CF4C5C2C14E8674F9FE200CF83010E62
:10CFB000E84F4FD5E201CFF90284C781E84F6FD522
:10CFC0001401E8674FA1E8266FDB3882140000FEE9
:10CFD000E8204FEAC781E8206FEAE8204FEAE867D7
:10CFE0006F8B3882E810579017003EEFE002C68042
:10CFF000E002C7A0AF0DAF0F388208B2E087112C56
:10D000001704E001B752E08217CEE001B70FE781C5
:10D01000167FE00196E2142B3EDCE001B6E2E0016F
:10D02000971F3F5CE001B71FE00194D2E005D2BA40
:10D03000E00194E2142C0921E0A500B408B2E087D5
:10D04000112C1704E001B732E08217CEB77F1640EB
:10D05000E00196E214293EDCE001B6E2E001971F10
:10D060003F5CE001B71FE00194B2E005D29BE00114
:10D0700094E2142C0921E0A5009508B3E1F8C074EE
:10D080003F68E400C70AE0D917CC3F9E89CFE20091
:10D09000CC02E401C1CD3CE0E001C1B2E07917CEA1
:10D0A0003C63E001151BE002C4A2E07E110EE062C9
:10D0B00039AFE005D1EE3CE03C63E001151BE00434
:10D0C000C4D839E0E005D234C182E00215201480D2
:10D0D0003C63E005DD163CE0E002C4A23C63DF0BEC
:10D0E000E86C5755E86C5651C77E3E123FE23FFC54
:10D0F000019839E0C1823CE0E004C4D83C63DEFB27
:10D10000E86C56D2E86C57563FE2E002C6A0C77EF4
:10D11000E002C7A0391D3FF2018EE007C00C09E113
:10D12000E080969EE202CE9F02843E938E8DAE8F6B
:10D13000C78100DEE080969EE202CE9F02843E938D
:10D140008E8DAE8FC78100E808B7E1FFC03E178023
:10D15000151E14807417E04E1476E8874914E84FC2
:10D160006FD3E84F6FD4E84F6F94E005DCCA153CED
:10D170001480E04F1416E005DCC4E200C901E000B1
:10D1800005FDE8CF44E7E8CF43E6E866554CE8CF35
:10D190004DE516007488E04C10EA7606E08214F43F
:10D1A00073877509758AE70014018F998E893DEFA1
:10D1B000E043398DE0433A0F3F6DE6A9CE0F3BE3E4
:10D1C000C5FFC77FC381E0433D8B3E2F3AE4E04378
:10D1D0003F0EC281738B758E760F550B3F7AE00040
:10D1E00005505786E180B411C781E201C7FF397F3E
:10D1F0007786C48201D9E8794E3BE200CE03760FF0
:10D20000E0010183E82757BAE3D4CFDF0284C78166
:10D21000E82777BA1780E00D37A1E08217743F1D29
:10D220008B8E8F1E738777093F6FE201C77F27863A
:10D23000E04E16763E1F8E0C2E06E04E16763E1FF2
:10D24000C701AF0CE04C176AE00E3E9E3E6FE04E09
:10D2500016F6C6013E9F760E7616769A771B578E87
:10D260005386E201C7FF3BFFE00002D257963F6FB3
:10D27000E201C77F3F7704D0E000C0420BE1E2004B
:10D28000CF00031E3E6DC601E0433E0C55073D7EB8
:10D2900002053E6DC601E0433E0C530A550F558E04
:10D2A0003B3CE201C57FE02C398C3DF5050BC70105
:10D2B000C6FFE0433F0EE201C6FFE7FF00903E6E6F
:10D2C00000E6E200CD80031E3FEAC781E0433F8FC6
:10D2D00053883BFB02053FEAC781E0433F8F2604AA
:10D2E000E0273A0F2B883F96538937A13F97978FB6
:10D2F000E0283C6FC581C57FE0433D8BE201C57FDF
:10D3000000D53FEB00E61780E7FF0084570EE08270
:10D3100017F437213F9E8B0F8F9F771077885787A1
:10D3200053883FA6E0413FAF7794E201C7FF778A79
:10D330005789E8204F56558A3FA7E0413FAF779580
:10D340003F7BE201C7FF778B05833F7F028F560843
:10D3500057893FCC2FB95787C7FAE200CF8502B46F
:10D360003FE6C7FAE200CF8502AF538A1781E12D6D
:10D370003FA726AF558BE12D3FAB26AB56973EDF3F
:10D3800026A8E84F4F143F1FE84F6F14E84F4F5344
:10D390003F1FE84F6F53568857093F4D2F0A5707D5
:10D3A000C77AE200CF050285C37AE200CB05058289
:10D3B000278B560EE04E17763E1E539A8F0C8F87A2
:10D3C000E0042F62AF8C570EC701770EE7FE00C94D
:10D3D000560A3F7C0283178000DF568B3F7D05FC99
:10D3E0005797E200C78227F8538A17825607E12E23
:10D3F0003FA7E12F3FADE00F3F5F3E767791E00022
:10D4000004FEE1253E16E0413AC5570856893EFE26
:10D41000E00004F8E1273E9EE0413BC75607E8CF15
:10D420004EE55789E866574CE0AF3E0D510937A1EC
:10D430003F9E978F3A6C7792E0FF11FF5788E0018B
:10D44000167FE0AF3B0D37A13F9E978F77931780F4
:10D45000E12B3B04E0002DD95488E12B3C82E00015
:10D460002DD453925613E2FFC9FF3B9C33810182B6
:10D4700039EB5710E04C17EA561B3F9E978F970CDD
:10D48000E00D318F3F1FE00F374F3F9E3781E00F98
:10D490003BAFE0413FAF3F6FE400C706718DE00353
:10D4A0003BA3E04139A339FE768CE000057AE00029
:10D4B0001164E0233992E0001178E0223F92395361
:10D4C000578656925713E200CF85E0293EEEE000E2
:10D4D00005FCE08217761780C781E201C7FF3E6E28
:10D4E0003EEF55063D7DE00002DF3D7FC70201F5BE
:10D4F0003AE9E004348FE00000EB1281E7FF008797
:10D500001381E7FF008D3C603CEC150CC43877823A
:10D51000770376047685E005DAF43B7469396A3C72
:10D52000578257035604568501AE3917E201C17F71
:10D53000693DE00069413C60C4383DEC1480888856
:10D54000E201C8FF010F8D18E201CD7F010BE0AAB7
:10D55000388DE201CDFF35213D1E950A011E3D7F2C
:10D56000021CC481E201C4FFE200CC83C40401E8D0
:10D570003D6035A2C5383D9A8A0B891BE02339DF0F
:10D58000E7FE00E854883A15E201C27F3CF26A38AF
:10D59000E0006A40015100CA3DE93FEA00E31100A2
:10D5A000E7FF0090E0408D2E8D8C3D7B010DC60283
:10D5B000E0408D1EE0408D9C3D7B0106C681E2016E
:10D5C000C6FFE7FF00903AE7E004338F5611E00012
:10D5D00026615706568F3EFEE00004E0E84E4FF20B
:10D5E000173CE200CF801780E00011CEE06F3922B7
:10D5F000E06339AE396FE8664FDA2F89E8674FCAC2
:10D60000E200CF8017A8E06F392339EF5606578F15
:10D610003FFC0485E84E4FF2E00027ED568A178361
:10D62000E12E3FADE0002767570BE12F3FAEE00052
:10D6300027E2578756071700E12F3FD63DEEE04D12
:10D6400014261081E12A3E6677903D7F03AA3F5B56
:10D65000E0002F4FE84D4FAAE200CF83E00002C95F
:10D66000E84D4FA9E0012F9FE84D4F28E0012F1F03
:10D67000E84D4FA7E0012F9EE84D4F2616BCE20073
:10D68000CF00E06D392339EDE06F3922396F00B2F8
:10D69000E00011CEE7FF00B111BC1100E7FF00ADC3
:10D6A0003EEFC6B936A13E98960DE200CE64021E4A
:10D6B000E3FFCE1B3EE1E06D3A2E3F6D5690E12D2B
:10D6C0003F9D268FE12D3D1F268C3EEFC6A736A13C
:10D6D0003E98968DE201CEC80504E3FFCE0804080B
:10D6E000C781E201C7FFE7FF00B23DE100E8118A10
:10D6F0001100570FE200CF0201AB5786E200CF8244
:10D7000001A7E8754F6FE8754FE13FAEE0413FAFCD
:10D71000E201C7FF1703E12F3F2F279AE8754FE279
:10D72000E8754EF03FADE0413FAFE201C7FFE12FAA
:10D730003F2F278E558AE12F3F2B278A560BE12E4C
:10D740003F2C27063AE9E004348FE00011D5E827A2
:10D7500057BAE200CF850587EFFEDE3E2C0417BDE9
:10D76000E02339EFE8674F85E200CF8101985692B8
:10D770005713E02F3EDEE00E378F77827703EFFE00
:10D78000DE2B570357823F7401833FF50114E200FB
:10D79000CC01E00002F23AE7E004338F1380E000AE
:10D7A00000C8118A396EE7FF00A61199E7FE00F064
:10D7B00011A800F9E200CC0105F2538A1783E12E8B
:10D7C0003FA7272D558BE12F3FAB27A9E82756B15F
:10D7D0003CE076993EE0C498C6B0170077183D69E2
:10D7E000561557943F6DE00E0E8EE00A0C8A3F9C52
:10D7F000E200CF84E00C3D1EE02B3CFD118F179E14
:10D800003F60E0633A2FC718E3FFCDFFE00E0D9CA9
:10D8100004370184E3FDCE5404B3110057915391B2
:10D82000E200CF801780E06F3922396F33A1E00822
:10D830003A33E00F318F3A68E0A43F85E08E39D566
:10D840001500E0083A1EE00015E43CEFE005D8FEC4
:10D85000550C3C7A02060184558D3CFB02821381F3
:10D8600056112E05E6AFC972E7FB2937E7FB23B552
:10D870001782E7FB00923A6E3AEFE7FF00A0110033
:10D88000138200D6E12E3F5FE04E15F51780E08051
:10D890008E9B8D0C3D7D0105539A8D073D7D018248
:10D8A000AF0BC7815686E201C7FF3FFD01F1E7FBE1
:10D8B000008C08B7C06C1180E88B4F7439FE04836C
:10D8C000C0140BE13B63E400C30EE075125A3966E5
:10D8D000E001C10CE06C12D039143A96150E3CE20E
:10D8E0003C657702E005D93FE00F3A16E0128F8FD2
:10D8F0005702E6ACCBCF3BFE03A43F67E400C7066C
:10D90000E06A16383F14E003C7243A67E400C20E09
:10D910008E8EE06B1744E0063A1E3A1C2E97150EC9
:10D920003CE23C66E005D91F150E3CE23C64E00594
:10D93000D91AE06A172EE00F3F178F0FC701AF0FFC
:10D94000C181E201C1FFE7FF00B9E200CE8101938E
:10D95000150EE00114FF3C66E005D8D3150EE0017A
:10D9600014FF3C64E005D8CDE06A172EE00F3F17A6
:10D97000170000E6E200CE8201E4E06A16AE3E97B0
:10D980008E0D2E0E1781150E3CE53C66AF8DE00521
:10D99000D8EA150E3CE53C64E005D8E500D2E2008B
:10D9A000CE030283C601AE0D3E633D67E400C60EA2
:10D9B000E400C50EE07516DAE06B15C43E9C3D9A96
:10D9C000E008966D950B911B3E7AE00896FD018369
:10D9D000397D011FE00B3EA2E3FFCDFC0424E200F1
:10D9E000CD840221E00B3E2AE3FFCDFC041CE200C3
:10D9F000CD8402193FE3E400C78EE07515DA3D1CC3
:10DA0000391D3F9B35413141E008B56FE008B17FDA
:10DA1000150E3CE63C64E005D8A6150E3CE53C66D8
:10DA2000E7FF00BC1580E005176E7583E00217F76D
:10DA30007585E400C38E7506E08A3D5E7604E08A53
:10DA40003E1FE06A16383E17940CE000167DE08811
:10DA50003C5C3C7A0286E00001EE3CFBE00005EB1A
:10DA60003FE03F60C786C70A3E6F3FEEE00C0D8C7B
:10DA7000E00F0F0FE0031574E0093E1FE0283DFEA4
:10DA80003E683E3AE08E3CDA3F1C3E63E400C60E40
:10DA9000E07515DA3E1B1500E00715E83C6E3CEF1B
:10DAA00076017682E005D80B560156821580E00893
:10DAB000B4ECE005166E7587E00217777589E08A89
:10DAC000395C7688E08A3E9EE06A16B8E00F3E97A1
:10DAD000961FE000147DE08C3E58710A3E7A028465
:10DAE00001AF3EFB05AD3FE03F60C78EC7123EEF82
:10DAF0003FEEE00D0E0DE00F0F0FE00B3E9FE02A12
:10DB00003E7E3FEAE00316743FBCE08C3DDC3E1FE6
:10DB10003FE3E400C78EE075115A1500E00715E8F1
:10DB20003C6C3CED391FE005D7CAE008B4F2E7FED3
:10DB300000F1E00F3DA9E12E3D78E7FF00A8E00DE0
:10DB40003DADE12C3D7C00E508B7C07617806F8ABB
:10DB50006F8BE8794FC32F8BE8794FBF2F88E87917
:10DB60004B402B05E86A4FADE004278BE86A4FACC9
:10DB7000E0691252E200CF80E06817F8E064392FC4
:10DB8000153EE00114FF3C64E005D7BB3C64151C66
:10DB90001480C43EE005D7B513003EE63F663BE681
:10DBA000E07515DAE88B4FF43FF7E0010284E8678F
:10DBB0004FCAE200CF81E00301B4E007AFE4E867B9
:10DBC0004FCDE008AF84E8674FCDE8666FE0E879B5
:10DBD0004FC0E200CF8101861780E8666FE1E00860
:10DBE000AF94E8794FBCAF14E68CCFCFE120C7806B
:10DBF00037C8E8794F4CAF842707E8674F2FE00319
:10DC00002715CF82AF84E8674FCAE200CF81E003D7
:10DC10000191E8794FC0E200CF810199E00017E45B
:10DC2000E8666FDE1100E86A4FAC3C64E02F3F828B
:10DC3000E86A6FACEFFED413E81057AEE002972FFE
:10DC4000E707CF12E002B72FEFFED3FFE8794FBF0F
:10DC5000278EE866495B290BE001150CE00114FFF3
:10DC6000E06B1444E005D74DE866695C1780E879FD
:10DC70006FC3E8796FBFE8796FC0E86A6FADE00104
:10DC8000150CE8664FDAE200CF81E003010FE07681
:10DC900014E6E067146AE005D766E0032B0BE001A9
:10DCA000150CE00114FFE067146AC00A0BA1E0AE96
:10DCB00000A83E67E400C60EE00F3D9CE0128D0F09
:10DCC000E200CD09E001029F3CEAE400C486E008DE
:10DCD000916FE00891FFE8684C76E07817FE3F9975
:10DCE0008A8F2C07E8664FDAE0002FDDE8666FD9EF
:10DCF000E200CA83E0010107E200CA810190E06707
:10DD000014EA17803C6988C9E6ACC8C138FAE0015A
:10DD100001FCE400C78E3F98E00F09033FE0C78293
:10DD20003CE03C60E00F0D9E3D67C48AC40BEFFEF3
:10DD3000D2393D60E8674FE9C502E00A0D8E2785BC
:10DD400017A86F8B178A6F8A3E1BE0128F8CE684B0
:10DD5000C9C3E201CFFFE00C37ACE684C942399C6D
:10DD6000E001015BE200CA810104C701E201C77F53
:10DD7000C30132AEE201C37F39153FEDE400C7862F
:10DD8000E00C31483F94AE2FE00C31C8AE4FC68155
:10DD90004E0BE201C6FFAE6F4E0AA93FA9DFAE7F70
:10DDA00000B1E8794FBAE8664CD9E200CF81E001D2
:10DDB00024800591E8664FD83FFAE7FF019BE20017
:10DDC000CA820186E833512BE83351AA3AE817801A
:10DDD000E7FF008E2F9CE8664CD83CFAE7FF018AEB
:10DDE000E200CA810188E833512BE83351AAE86781
:10DDF0006AE93AEF1780E200CA83E8666FD9E7FF65
:10DE0000018FC381E201C3FFE7FD00CEE8664AD27D
:10DE1000E83357ABE83350AAE200CA81E009392F52
:10DE2000E00A39A101A4E200CD000515E00A38AAF4
:10DE3000E200CD000418E200CD32020DE0093FA956
:10DE4000E200CC8038EA0411E205CCD0E00517CF1F
:10DE5000E06F3CA91500E8666D59396F39E13AE881
:10DE6000E7FE00DE150000EB178000F5E200CA8235
:10DE7000019CE200CD00036FE00A38AAE20CCD0C51
:10DE8000E00C113FE1223D5205E6E0093FA9E20026
:10DE9000CC800409E205CCD0E00517CFE06F3CA9A7
:10DEA00038E200D9178000FD3FE238E300D4E7FEF6
:10DEB00001A1E7FE2A9F3CE2C4EBE205CCA602D01A
:10DEC0003CE3C4EBE201CCB2028DE8666D58E83366
:10DED000712BE83371AAE8666FD9E8666FD2E7FF65
:10DEE00000923FE3E1F5C788E201CFB2E7FF02B954
:10DEF0001781E8666FD91782E8666D58E833712B91
:10DF0000E83371AA00EBC781E200CF8AC48EE7FD37
:10DF100001FCE7FE0085E180C100E7FE00B017804C
:10DF2000E007AFE4E7FC00DF177D3FDEE7FC00EC35
:10DF30002B05E86A4FADE7FD278BE81057B0916FCE
:10DF4000E6AFC97221061781E8666FDDE7FD008044
:10DF5000E86A4FAC3C64E02F3F82E86A6FACEFFEAA
:10DF6000D27EE81057AEE002972FE707CF12E0020B
:10DF7000B72FEFFED26AE866695CE7FC00E9E810BB
:10DF800057AE1681E002972FE001150CE707CF1D71
:10DF9000E00114FFE06B1444E002B72FE005D5B1B7
:10DFA000E8666B5CE7FC00EDE06C14D0E7FC00F386
:10DFB000C00A0BE108B7C07417806F8C6F8DE867DB
:10DFC0004FCAE0012F85E8664F5AE200CF01E0001A
:10DFD00001FFE06D115CE07512C4137F39EFE008BA
:10DFE0008F22E201CF7F0127E00A8FC2E200CF81BA
:10DFF00001A2E06C17D012003BEF8ECF3EFEE00096
:10E0000001E9E0039472EFFEDA2DE003B472E0045C
:10E010009402EFFED9F5E004B4023C64E400C40EBF
:10E020003CE2150EC4BE3C17E005D59DE008AB22CE
:10E03000E00AA9C2E000C1643AF201D2E8674FE900
:10E040002F8DE88B4DF4E06C16503EEFE078157E96
:10E0500014FD3EFBE00001C627BAE86A4AACE0685E
:10E0600017F8E200CA80E0691252E064392F153EC9
:10E07000E00114FF3C64E005D5443C64151C1480A9
:10E08000C43E1180E005D53D3F633BE33B63E06C5C
:10E0900016D0E88B4FF43FF602B9E7FF1790AF8434
:10E0A000AB94219511003C64E0253A82E86A6AACA1
:10E0B000EFFED1D5E81057AEE002972FE707CF1259
:10E0C000E002B72FEFFED1C1E866695CC00C0BE13E
:10E0D000C201E200CA0AC78EE7FF0191E7FF00AC68
:10E0E0008F4CE200CF09028CE400C7063F1A8F0E66
:10E0F0003F59E200CF010104C781E201C7FFC68199
:10E10000E201C6FFC60EE7FF00A63E66E400C60EAB
:10E11000E00F3E9C8FCFE200CF89E00002D63D6F3A
:10E12000E400C506E07815FE3D9A890BE8664DD8F7
:10E130003DFFE00001CFE8674FE9E00027CB150085
:10E14000E83357ABE83355AAE8676D6911013CE045
:10E150003C603D66C48CC40D7681760275837784FD
:10E160007705EFFED01F5681560255833E1D8D4C1C
:10E170005784E684CDCBE00C352C5705E684CFCF11
:10E180003E1BE201CD7F21360136E200C9010104C8
:10E19000C381E201C3FFC181E201C1FF312E391FFA
:10E1A0003FEEE400C786E00B31483F94ADAFE00B93
:10E1B0003648AE5FC7014E0DE201C77FAE6F4E0C11
:10E1C000A93FADCFAE7FC301E201C37FE7FE00E30D
:10E1D0003FE2E201C7FDE200CF810176E8664FD958
:10E1E0002FF3E00B3E9C978B959BE7FF00B211024B
:10E1F00000D001FEE780110000D308B7E1FEC04C5B
:10E20000E88C490C2908E8674FA1E200CF81012D75
:10E21000EFFED8B2E8874F947792E0012FD1EFFE5E
:10E22000D8CFEFFED8A91780E84F6FD21786E879CC
:10E230004945E8206FD6EFFED8CF24041788E820A0
:10E240006FD61680E08211F4E00117FFE8874A14C8
:10E25000E86652CCE8CF4B653BE3E0FF157F3DED30
:10E260003F6F3C6DE005008EE8874A147209225129
:10E27000E8674FA1E200CF810103E8674FA13A624E
:10E2800039E23AE2E0010085E0821774E00F3221C2
:10E290003F9E8D0F8F1FE00D35253E9EE08C17941D
:10E2A000E00C36A13E1F960CE0413E2CE202CE2C43
:10E2B000E000026E27093DEDC5FF35A1E200CF1E4B
:10E2C0003D9F928B02083DEDC58135A13D9F918B0D
:10E2D000E0002768E200CF1F3C65E06839A339E819
:10E2E000E0413CA3E0413DA5E12B3DE93642E000A1
:10E2F00014C6E12C3E693DFCE00003CAE200CD08F3
:10E30000E00002D33EEE1600140036A1E84C6E2465
:10E310003F9D3E6215893D6838E8930FE0413EA677
:10E32000E202CEAC02272706E200CF1EE040909F1B
:10E330000204951FE0002742E200CF1F3CE1E069A4
:10E3400039AA3D6936C2768BE0413CA1E0413EAA44
:10E35000E1293CED748AE00016C6548BE1293CEDBE
:10E36000568A3EF90387C6013302E201C67F1401D3
:10E37000B30FC5FFE201C5FFE000C7C02DCF2403E6
:10E38000E84C6E2414803C67EFFED7D2C2013BE418
:10E390005709E201C3FF3F77E7FE02F8E7FE00BA44
:10E3A0003AE3E7FF009FE200CD11E7FF02AE3EEE49
:10E3B000E002C6A0E7FF00A938EA00C5E8674FCA37
:10E3C000E7FE2FB1E8674F3CE200CF01E7FE012BEB
:10E3D000E8CF4E65E843574D3CECE8CF48E4E866AB
:10E3E000514CE84C4A26E84C4AA5E5FFC4FE3701EB
:10E3F000E0821474E00A3621710B740C778F7093ED
:10E40000721474957516771B729C558C570B8E9BE6
:10E410008B0B3FEDE0AF3B0C768937A13F9E938F8E
:10E42000579B3FF7E002023AE0433D86E0013DBCE6
:10E43000E0433D0DE00F3382E00E33813961E00EA1
:10E440003F9E391A3FE6520B3121C781E201C7FFD7
:10E450003A121180778A3EE3770D396B708E3FE672
:10E4600075973F667218751DE200CD00043654188A
:10E47000E00131A13C2174013CEB1400009D52816C
:10E48000508D9285E0213AA1728220A1E0253BA522
:10E49000229E3CFEC4013AE9C681E201C47FE2014A
:10E4A000C2FF03023F653CFF021651015295C4FFB3
:10E4B000391571013964E0433A09E200CA0003608A
:10E4C000C181240BC57FE0433D0A00CF3A72057934
:10E4D0003A6200EC3FE500EA54943B7903BC550AEC
:10E4E000549D508BE0A93D0C110034A138993A6A33
:10E4F000709855093D22E0433D0AE200CD00042B0F
:10E500005518E0013121E0013D211400550A009B1E
:10E51000548D9181E02539A9229AE0233BA32197CC
:10E52000C401E12E3D5EE12F3D6FC681E201C47F53
:10E53000E201C77FE201C7FF3A6A5296C501E201D4
:10E54000C57F389554933CFA02E400833D7404F689
:10E55000C1012C505089511C38F2E00003F73CE116
:10E56000C481520EE201C4FF3A1911807218E00A08
:10E570003C93E201C57F3D7C03A85518540B3D1325
:10E5800035213D18108054170099510D928AE022D0
:10E590003AA22133E0253BA522B03C7EC0813DE874
:10E5A000C681E201C0FFE201C5FF03023F6B3C7F71
:10E5B00002285295C47F3DE43D15E0433A08E2004D
:10E5C000CA000364C18128D455143B7A03BE508A23
:10E5D0003DE9E0AB388C39E1758E1080E00B3C9161
:10E5E000E201C5FF3DFC03B1550E520B3D11352133
:10E5F0001400558A3D1400A13A7B05653A6B00DA98
:10E600003FEB00D8520D910AE0253924229AE022EE
:10E610003BA22117C401E12E3DDEE12F3DEFC68173
:10E62000E201C47FE201C77FE201C7FF39EB5296E6
:10E63000C581E201C5FF3D155113397B02E400831A
:10E640003DF304F6C0812C4BE200CEA105A63FAEFF
:10E65000E200CF83052217945289E83277E61781CA
:10E66000E8656B49E8656FC8E8656FC6E8656ACA22
:10E67000E86549472930E8654FC8E7FB27D439E208
:10E68000E8874F943FF205A33C623CE3C101EFFEF3
:10E69000D64FE201C17F00F5578F540C5492C781C9
:10E6A000E201C7FFC4023CFF740C778FE7FD01AFA6
:10E6B000EFFED68600DE3C623CE3C101EFFED638B9
:10E6C000E201C17FE8874F943FF202F6EFFED65495
:10E6D000E7FB00A9110039E200F68E178C8738ECB1
:10E6E000E0A13C86E12E3CDEE12B3CEB30A1E201D7
:10E6F000C77FE201C5FFE12F3E5FE12D3E6D3895FA
:10E70000E00C3DAE9081E200CE07E201C7FFE201DE
:10E71000C6FFE02A3D510207E00C3EAFE200CE0703
:10E72000C382052CE00317F4E82677951780E826C6
:10E730007794E200CA01E00305AF1403EFFFD506AA
:10E74000E0012156E200C9010588E8204F55E82084
:10E750004FD63F7FE00102CCE84E4F72E0012F48D8
:10E76000E8874F94397FE00101B0E8874FAA3F7FE7
:10E77000E00101A01401E00100B9C401E201C47F7D
:10E780003C74E7FF01AC3FFD35211603E02A3D3C18
:10E79000E00001CBE00027C63E6FC67FE201C67FE6
:10E7A000E8CF4CE7C4FF3EF903053FEDC781E20126
:10E7B000C7FF3F7B01BE273B38EEC0FFE201C0FF31
:10E7C000E8CF4EE6C6FF3DFD03053F6BC701E20102
:10E7D000C77F16803DED3E7FE00005C8E8794FBB5E
:10E7E000E200CF82E00005C6E8265795E207CFE7B2
:10E7F0000284C781E8267795E002244EE400C583B1
:10E8000036A13DFD1700E0000549E8265794E826AB
:10E810007715E203CFF3E7FF028EC781E7FF008998
:10E820003E6FE7FF00BF3E6F3FED00C438EE00C90A
:10E8300038EE3F6B00CF3EECE0AD3C8636A13E9516
:10E84000968D3D7D0304C581E201C5FFC481E201CF
:10E85000C4FF3CFEE00D3C97E201C6FF05EDC6019A
:10E86000E201C67FE7FF00B93CE1E0073EA100F20C
:10E870000144E8265795E200CF820584C7FEE826CA
:10E880007795E8265794E203CFF3E7FF02B7C781F5
:10E89000E8267794E7FF00B2E8265795E207CFE72E
:10E8A0000284C782E8267795E8267714E7FE00C33E
:10E8B000C18EE00E8EC3E200CE900296C701E20147
:10E8C000C77FE7FE00D6E84F4F53E00E3FAEC701CB
:10E8D000397EE7FE0151E84F4E94E84C4F2C3FAD96
:10E8E000C7813F7F01841403EFFFD430E04E1176DF
:10E8F0001780E8874E143EE23CEF3E7FE00001FACD
:10E90000E866554CE8CF4DE575091681E082137431
:10E91000E04F1396758A15003CFDE00103B13FFA04
:10E92000E84F6D52E00105B11785E84E6FF2E04FF8
:10E930001496E8876D14E08214743521E005D11334
:10E94000E8874F941400E84C6FACEFFEDEF6E82049
:10E950006C55EFFED511EFFED50FE8674F85E0014E
:10E960002FA3EFFED5093EE0E8874A94C6BEE082B9
:10E9700014F43C6DE00A32A1E005D0F5E845577B80
:10E98000E84C4FAD770937A1E04C172E11003F9EA0
:10E99000E866534CE8CF4BE53EE839E2E00114FF6E
:10E9A000778A550A3D7EE00201CFE00115FF157F11
:10E9B000E200C989E00305913CE03C60153CE000C1
:10E9C000C4FAC43EE005D0CF1514E00114FFE04CBA
:10E9D000142EE005D096E0032904E200C90AE84CB1
:10E9E000692DE003029BE8876914E001C0340BE164
:10E9F000E1808F1DC781E1293CEEE201C4FFE20105
:10EA0000C7FFE7FE00FCE1808D943EFB01A2E00B16
:10EA100036213D96C701889BE201C77F8C0BE2003F
:10EA2000CF0155913AE1E06539AB559072913AE8E2
:10EA3000E06539AB72903DE1528AE0AB3C0552890A
:10EA400035A13D95958B3DF3050439EB741070911C
:10EA5000C6013DECE201C5FF3FFB02D6270BE00EED
:10EA60003521559056113F17C501E201C57FAD8E86
:10EA7000AE1EC681E201C6FFE7FE00D016003A6274
:10EA80003F6C39EC00E7E84E4FF2E7FE27D2C7FFB4
:10EA9000E7FE00CDE00017E4E8206FD5E84C6A2CD3
:10EAA000E7FE00D9EFFED498E7FE245DE08211F482
:10EAB000E0FF12FF11003A63E8874F943FF2E7FE50
:10EAC00005D2E00F3121E00E399F8D0E2507E8CFEA
:10EAD0004F64C77F3F7AE00001D6E8CF4CE53F9412
:10EAE0008F1FE0083CBAE866564CE00F3C1E37A189
:10EAF0003F9C978FE20ACF94E00002451780E00D1B
:10EB00003F2FE0433E8D3E9836A13E9C968DE2001D
:10EB1000CEE4050BC781E201C7FFE00D3F2FE043C4
:10EB20003E8DE200CE80036CE0013F2F3DE1E2012B
:10EB3000C5FFE00D3F9BE0433E8D3E9836A13E9CD5
:10EB4000968DE200CEE40509C781E201C7FF3D9F33
:10EB5000E0433D8B3CFB026BC7FFE201C7FF2D1773
:10EB60003F1937213E1E928C1704E12F3F9E278AC2
:10EB7000E0011795E02F3FA5278514803C62EFFE4A
:10EB8000D3D7C101E201C17FE7FF0098E8CF4EE48F
:10EB90003DEDC5FF3DFA01E9C6FEE0AE3E893721F5
:10EBA0003F1C928E00E23C6B768376047505758679
:10EBB00074877708EFFED3D15683560455055586E2
:10EBC000548757082417E0013621389D8C01E20153
:10EBD000CC7F011088918F9E3FA1888EE0413FAF8E
:10EBE000E00838A8E0413C283C1F3C7A03833D689C
:10EBF0003A6BC6013DECE201C5FF3AFB02D5E201EA
:10EC0000CA7F011E32213A1D8E148D843FECE0AF85
:10EC10003D87550937A13F96978F3FFA041138E099
:10EC2000E00F3121E000C0FA3F91147FC181C101A2
:10EC3000E201C1FFE201C17FAC04AD8FAE1FC7028C
:10EC4000E7FD00B11600E007157F3A6900D43C6D7E
:10EC500076837604750575867788EFFED37E5683B6
:10EC60005604550555865788241738E0E00E37A11D
:10EC7000C0BE3F118C8EE201CCFF010E8C1E3F689E
:10EC8000E0AE3C8737213F16970E3F7C05053A6D75
:10EC90003E6E7499741AC7813EEFE201C6FF3AFDD9
:10ECA00002D7E201CA7F01133C603F60E00F3121CF
:10ECB000E000C47A3221C73E5619569A3F983A1E50
:10ECC000C101E201C17FAD04AE0FAE9FC181E2017F
:10ECD000C1FFE7FC00EF17803A6B3E6F00DEE003F8
:10ECE00031213CE03D63C4BEE0821474E004DF3BAC
:10ECF0003CE03D63C4BEE04C142EE004DF341180E0
:10ED000012013C633CE4C181EFFED312E201C1FF7A
:10ED1000397301F8E7FC00E3178AE8876F94E7FC92
:10ED200000E608B7E1FEC026E81057833C603A6071
:10ED3000C41EC2323F60E07610E6C7283E643DE85C
:10ED40003D6F14FF1680ACCFC78E3FF1E180AC9BC6
:10ED5000E180AE9CE180AE9E01F7E8794E3AE8652D
:10ED60004FC4E0022E522796E0651630E065169CEF
:10ED7000E0761596E07517DAE0FF177FE01AB73FE7
:10ED8000C786E01AB71F3FFBE180B71CE180B71DC3
:10ED900001F6E8204FD7E06212B8E00527C2E8622A
:10EDA0004FB6E00527BE3F64E07511DA3965C70A42
:10EDB0003B653BE43EE316011580E1808F97E0055B
:10EDC0002781E007ADC23F77C101C30EC18601F6BE
:10EDD0003B60E8794FBAC33C150A14803C66E8658D
:10EDE0006FC4E004DE8E3FE0E000C7C6150A148061
:10EDF0003C6FE004DE863FE83C60E001150CE0017A
:10EE000014FFE000C4507781E004DE7BE832574D08
:10EE1000E07811FEC7627708E0621138E832574C9B
:10EE20001380C76277093DE7E1808F14E201C5FFD7
:10EE3000E200CF0175878F93E00501D71700E2004C
:10EE4000CF81E005AF0201831783AF938F93E20078
:10EE5000CF83E00501BDE0028FC28F023F7FE00556
:10EE600005B3E8624F37E200CF01E00501ADE87974
:10EE70004DBAE810568317003E6EE201C67F3E7B16
:10EE8000039F8D4D50873E6E3D71C701C68E01F5C3
:10EE9000E400C60EE075175A3E1E5589971C3DFECC
:10EEA000E0050492E200CF1DE005058E970C5608A0
:10EEB0003E7EE0050489E200CF1DE0050585C7819F
:10EEC000E002AFC23FE0C7BC17013F97AF0F178307
:10EED000AF833FE7E400C78EE064170C1300E00B3C
:10EEE0003F9EE8794D3A3B7AE00404A38F83C381C7
:10EEF000E200CB8AAF93C101C186E7FF0196110002
:10EF0000E07513DA3A6239E7E8794FBA3FF4E00581
:10EF1000029C3B60E000C3461200E06213B8E1804F
:10EF20008F963F64E201C77F27AC3FE51480E0097C
:10EF30008ECF3EFEE00501A9E400C48E3FE4E00E62
:10EF40003B99E400C786E00496CEE004975E3F93C9
:10EF50003C62E01AB6BFE400C40EE01AB74F3EE0D0
:10EF60003FE2E0631700E000C6D0C781E201C7FFBF
:10EF7000150E3C9E3C1D7781E004DDF55781396F0D
:10EF8000C201E200CA0A01CC3FE217003EEEE400F3
:10EF9000C6863E6EE003C6A43E938E8DE201C67F18
:10EFA000E200CE81018C3E9F38E0E400C78EE00095
:10EFB000C0D03F91AE4F3FEDE201C7FFC701E20075
:10EFC000CF0A01E53AE0E000C2D01200E06213B8D7
:10EFD000130E3C64E000C4483CE53D663C17E00489
:10EFE000DDC23CE5E00839943D66E004DDBCC20EBC
:10EFF000E201CA0CC28E01EEE879693AE86569441B
:10F00000E001C05A0BE12F9EE078167E1581E87969
:10F010004F3A3F7FE7FD05BF3F6FE400C70E3EEF6D
:10F020003F1AE400C686948E3E9CB49D949EB4AD77
:10F030003EE0C6B23E9FAFCEC781E201C7FFAD8DB5
:10F0400000E7E0CD171AE0CD15C2E0FF16FFB68E3F
:10F05000C704E040B69EE002B6AEE002B6BE3F7B1B
:10F0600001F73E7FE00003FA1181E1233F93108016
:10F07000E08C1294E065139C3F61E201C77F3FFE84
:10F08000E00002EFE075175AE0651630E065169C67
:10F09000E0761596396EE01A953EC706E180B51CFC
:10F0A000E01A951E3F7BE180B51D01F63DE8C58A5B
:10F0B0001501E1808F18E201CF7F01913E60C628E3
:10F0C0001700E1808E9C3CEEE201C4FFE0012EBD02
:10F0D00038E0C0A83F11E040AC98AD0E3C7B01EA9F
:10F0E000E0CD16C2E8794D3AE075165A17003DEDAD
:10F0F0003D7EC60EC684E00101AFE0CD171A374150
:10F10000770CE00E35C1770D3C60E0CD176A3741D2
:10F11000C416770E6F966D17E004D3D4170016014E
:10F12000E07815FEE8794FBA3FFEE00102A23E64A6
:10F13000C60AE07517DA3F64E0FF16FFE1808D9E96
:10F14000E200CD810105E01AB6BFE01AB6CF3F7CE0
:10F15000C78601F5E7FC009F1180E7FF008AE07891
:10F1600016FE1700951D3CEEE201C4FFE2FFCD7FC5
:10F170007487E00001633E60C6283E1E8E0CE000EE
:10F180002E5DE200C981912DE00001CDE00D372117
:10F19000E06516303E1D958CE2FFCDFFE000014397
:10F1A0003E97948DE00B3D2BE00C3D1BE009392987
:10F1B000E006364FE00D39192B04E00636CF231B4D
:10F1C000E00C35813E1AE00D3481E006364F3E9268
:10F1D0002B04E00636CF230FE00C35823E1AE00DFB
:10F1E0003482E00B364F3E922D84E00B36CF2583E0
:10F1F0003EE23E6AE00B30A23D953D6BE041C50624
:10F20000E041C588B60AB68B3EE0C69E3E60558793
:10F210003E91C6283F1CAD8D1681AE8EC081E7FEA3
:10F2200000ADE00D30A23E953E6DE041C606E041E6
:10F23000C688B50CB10D00E9C701E200CF0AC68649
:10F24000E7FF019200ECC701E200CF0AE7FE01BB35
:10F25000E7FE00C6E04094FCC701E040B4ADE20127
:10F26000C77FE04094ECE040B49DE7FE00C3E0CDF2
:10F2700016EA1780E180951D3F7A018D3CE0C49E1F
:10F280003F998F8FE201CFFF018BC701E201C77F5A
:10F29000E7FE00CAC781E200CF8A01ED00F73EEE2B
:10F2A000E400C68E3D603E92C532AFCD3D1FE40006
:10F2B000C786AE0A3F9B950DB51F969DB6AF00E67B
:10F2C000E0078FC2E7FB2781E8794C3A77813D68F8
:10F2D000C501E400C40E3FE0E8796D3AC7843CE61E
:10F2E000E00F0D9E150E3C1DE001C4D4E004DC3B94
:10F2F000E00D95265603E01AB533E00D9536E04053
:10F30000AE17E01AB5438D02E002AD425781C7FF48
:10F31000E007AFC2558256845705E7FA00D6150AB2
:10F320001480E0621474E004DBECE7FA00D33F667B
:10F33000E400C70EE07517DA3F9E8F4F56873F7D7A
:10F3400001998F7FE0018F8FE81056031680140318
:10F350007786770A3D7D01931782150EE007AFC2CD
:10F360003FEA3FB6E07514DA3C6B3C9FE004DBFB00
:10F370003DE8C301E201C37FE7FB00B53B7D011E11
:10F38000578A8F7C50863F2FE0018F8CE0413F2EC3
:10F390003FA11484E201C77FE0413FAFE1213CAED1
:10F3A000E201C7FF2084E1213CAF28E41085E12E73
:10F3B00038AE2704E12F3C2F2FDDC681E201C6FFC6
:10F3C000C60E00C91780AF83E7FB00922F83178218
:10F3D00000FBE200CF82E7FB018BAF831780E003E5
:10F3E000AFE2E7FB0085E201C7FD2FA6E0038FE255
:10F3F000E0018F223F7F0593E0068F222F10C78107
:10F400003F60E000C746E003AFE217823F17AF83DB
:10F410001781AF8EE005AF82E7FA00EA1781AF836C
:10F420001780E002AFC2E003AFE2E005AF82E00682
:10F43000AFA2E7FA00DD1783AF831780E002AFC207
:10F44000E003AFE200E83CE4E400C48E3DE03C971A
:10F450008FC9E001C5DA3F9BE0538FEF2F903C62EC
:10F460003B62E400C40E3E60E000C650C301E2010E
:10F47000C37F150E3C1CE004DB763966C201E20155
:10F48000C27FE7FA00C3C481E200CC8AC78EE7FAE4
:10F4900001D0E7FA00F708B1C078E0CD179A37C17C
:10F4A0007782E0CD17C237C17783E0CD17EAE866EF
:10F4B000744D37C13C60C4027784E0021781E8666E
:10F4C00074CE1480E8667561E86675E27781E004C1
:10F4D000D1CFE8665475C00808E108B7E1FDC06AFD
:10F4E000E8794E3A7603E001267EE82F579BC781E4
:10F4F000E200CFE4E00102F3E82F779BE8674F9F3B
:10F50000E200CF81E00101FB1783E85E6FB4E82FD2
:10F510005798E82F56993F6FE82F5799E201C77F18
:10F520003FAEE201C7FFE8794F417786E82F579950
:10F530007705E82F7798E0012F4F3C6015283CEEC7
:10F54000E000C464E004DADD57832784E8794FBB28
:10F550002FA1E05E17A6E05E149CE05E1508E05D5A
:10F560001674E05C1768E05C16DEE05E10B0140014
:10F57000158011FF1101E180AC1F38FFA9CEC70E25
:10F58000E180AC19E180B59AE180B59CE180A91DCC
:10F5900001F35606568617805705E400C614E400AA
:10F5A000C6A8E85C6FDC17BC7707768C778D76127F
:10F5B000E075125A568356073E7DE00104A73AE0F3
:10F5C000E001C28C3964E07613663FE539E4138EBE
:10F5D0003CE33C6F3D67E004DAC6C18E3B733FE815
:10F5E000C78E01F7E832554DE83254CCE05E131C6B
:10F5F000E04F1456E05C10E81680578357053F7FB4
:10F60000E00801BEE05C11E8E04F13D6E05D17F4BE
:10F610003963130E3CE23D663C677781E004DAA370
:10F620003CE53C623D66E004DA9E5781C10E3FF244
:10F63000C38EC28E01F01700E85E4E35E05E1508FD
:10F64000E05E10A6E05E129C3CEEE05D1374E05CB0
:10F6500013DE8FC3E200CF8902B23EEFE400C6861C
:10F660003E94E003C6A48D8D16FD3EDBE200CE8104
:10F6700001A6E200CD81E00D37A10190E200CF812B
:10F68000028DE0083D1D9408E200CC06E06B3AAE26
:10F690003F6B1594E06B3AAC3E6BE00B389F140067
:10F6A000AC0BE00B3A9FAC0BE00B3D1D3E963F9739
:10F6B000B48B15FFB48D1681ADC3AE8FC18E39F2F8
:10F6C00001C92703E85E6E3517805703E84F6FD5F1
:10F6D000E8796F3AE002C0160BE1E00017E4E7FEBC
:10F6E000008D5683E85E4FB5E82F769BE7FE2788AE
:10F6F000C7FFE85E6FB5E7FE0083E85E4FB4E7FE44
:10F700002788C7FFE7FE00835687E400C68EE00C1B
:10F710003A1D894CE6ACC942E200C909E00602A2E2
:10F720003FE2E400C786E00B31213A1F3FE4E003EB
:10F73000C7A48F0FE05E1788E200CF01E007010445
:10F740003F9B950FC501B50F2F0EE00A3122E05CFB
:10F7500017B43F9A950C961CB50FB61FE05D17F4D1
:10F760003D9FB70BE05C17E813808F4F3F72E006B8
:10F7700001E339E2E400C1F8E0531784E400C38EEA
:10F78000399FE075125AE05C17E83A1D3F97E00F89
:10F790000D0BE0040C09DE80E00E3122E05C17B4B2
:10F7A0003F9E3AE8E00F0D0BE0040C09DE75E00E19
:10F7B0003121E05D17F43F9E970F740E3F15E21F55
:10F7C000CF2002BB9684B70FE05D17F47689E00D79
:10F7D00031213F9D978FE05E1708778FE05C17E837
:10F7E0003F1D3B9F9787930E57098E6492143F2FBE
:10F7F000979776043E643E2FE05E17A63F92720A0A
:10F800008A0F77107611221C3BE4E400C3983C6019
:10F810003B933CE71518C4E8E000C44CE004D9A3CE
:10F82000E200CA01572B02953C6015181480C434BD
:10F830007702E004D9660095E01F172000C43C6001
:10F8400015183CE4E000C44CE004D95B3F6400EDD3
:10F850003CE73C601518C4D0C4347702E004D98377
:10F860003EE3160057025785C68A76083A7FC69847
:10F87000E00001F922055608E12C3E347608E05CF0
:10F8800016DE3E928F8DE0012F8BE0004ECC562B82
:10F8900036A23E7D058A4EB4561F36A23E7D0585B2
:10F8A00056B01794E12F3E9F7702E00113C8778B83
:10F8B000EFFDDD92568DE400C41E570257923C1DA9
:10F8C0003F9EE1283C573FF5740DE00004D63FEE23
:10F8D000E400C7833FF5E00003DC3AF8E00005D917
:10F8E000578BE0002FD95608E200CE0AE00005D67B
:10F8F0005230E200CA0AE00005D157A4E200CF8AE4
:10F90000E00005CC552956AA57AD55AE3F9A3D9D0E
:10F9100015005409548AE02B3DEAE02A3FEA7702B9
:10F92000DDBB57B15702E21FCF9F05AA178A3FB42C
:10F9300016803FF81201E0643A2D3FF817A8E06FF7
:10F940003D273BEFE85C4FDCE200CF810189E05EC0
:10F95000179C3F921680E00013EE1200AE8F16BC8B
:10F9600000A75088E041964DC781389CE201C7FF4F
:10F970007088E7FE00FDE00013E4E7FF00B6568460
:10F98000E200CE8A0583178600D3178300D1139433
:10F99000120000D9138A00FD120100D5C7FFAF8DF8
:10F9A000E00013F857851201E00016E4778BE05E63
:10F9B000161C3E128F8C2F8BE12D3A9DE00326F40E
:10F9C000E00322721701AF0CE00100FEE200CF81DC
:10F9D000E00301DB5624E200CE02029057ABE200C6
:10F9E000CFCF028CE200CB13029457A0E200CF9D50
:10F9F000028557ACE200CFCF05A9E200CB0957B092
:10FA00000288E200CF8805855784E200CF8E058CFE
:10FA100057B0E200CF8F05AAE200CE0F05A756042B
:10FA2000E200CE0902A3E0004FCC5606E12E3F3F94
:10FA300037423F3CE200CF78E00002C1E200CF8ACB
:10FA40000585E00017D0E12E3F6F3F75E00005CB44
:10FA5000E200CB0702B6E200CA9405B3E05E179C51
:10FA60003F921702AF0FE0010083E0004E4C572B8E
:10FA70005084E12E3F3C560637413F3CE0004E4E5D
:10FA8000362138FC050FE200CF9D028C4FB6E00F07
:10FA900038AFE0413FAFE200CF850504E00117C871
:10FAA00000D35604E200CE0F0586E00117C8E12E10
:10FAB0003F5F00CCE00017F800FBE000177800C6BD
:10FAC00057A0E200CFE4058BE200CA940588E2006B
:10FAD000CB1302855684E200CE9305C11781E00066
:10FAE00000D6E12D3A9DE00426A8E0042226E05E3F
:10FAF000179C3F921703E200CB1DAF0FE00202C339
:10FB0000E8504FE35720E200CF8205B3E0004FCF2B
:10FB10002FB0E200CF1D02BAE05014E4E0501662AC
:10FB2000E1808D193DEC3EEF009B3C6B570990D86E
:10FB3000C584E0013F21E0413F21E00010CFE12EEC
:10FB400038AE270B9768540AE00E3C2EE0413F2E5A
:10FB5000E12E38AEE7FF2F04C681E201C6FF3EFA70
:10FB600001E5C628E05215FA3DFC01DB1780008E46
:10FB7000E200CF1D02FC560EE200CE1D02F8E82F77
:10FB8000579BE0001777E12F3F2FE05E171C3F12D5
:10FB90008F0EE200CF01E00101EC5409548A552197
:10FBA00055A27781DC79E200CC3157810287E05E93
:10FBB00017A63F921700AF0F1780E05E171C3F1289
:10FBC0001680AE8E570CE20ACF00E00105F0E85E29
:10FBD0004F34560CE200CF00E00A1700E06E39AC5B
:10FBE0003F75038CE200CB031701E06E3CAF3FEEA4
:10FBF000E8794F3AE200CF020283E00027DEE05EC0
:10FC0000179C3F921700AF0FE8654FC42784C7FFCA
:10FC1000E8656FC43EE2E400C686E07817FE3F9DCB
:10FC2000E0021701B70FE07517DA3E9FE0FF177F7C
:10FC3000E01AB73DE01AB74D16803F6F3FEDE40084
:10FC4000C78E3E6FE002C61C3E1E8E0C3E72E00167
:10FC500001B13F9EE002C79C177FAF0F568326ACD1
:10FC60003FED5707C7FFE201C7FFE400C70E7783E8
:10FC7000E07517DA3F1F3C603CEE150EC426778115
:10FC80007702E004D77056835781E400C68E57028E
:10FC90003F9D3CEF150E3C6E7781E004D7645781A1
:10FCA0003CE03C6F150EC4A6E004D75D5787C7FF44
:10FCB000E201C7FF7787E05E179C3F928F8FE200DB
:10FCC000CF81E00001FEE200CBF8010B3F60E000D5
:10FCD000C764E00F31223F9E5729B70F572AB71F3D
:10FCE000E05E17A6391F8F02E200CF05E001018018
:10FCF0003FE33C63E000C7E017183968C1183D6E68
:10FD00003CE277817702E004D72E57813C62397F4D
:10FD1000570201F456845606570B5790E00CAE0379
:10FD2000E00CAEA35611568EE00CAF33E006B7B32D
:10FD30005709578AE006B643E006B6E35608568FE1
:10FD4000E00CAB93E00CAA43E006B2D3E007B31398
:10FD5000E006B773E007B783E007B623E007B6B362
:10FD60005787C781E201C7FF7787E7F800A3E20062
:10FD7000CF03E7FE01A9E05E171C3F121681E7FEE4
:10FD800000A2178000F9E200CF82018D4F34579F07
:10FD90005686E12F3FBE170037C13FBDE12F3F958B
:10FDA000E7FC00931780E7FE008F570CE7FE009AF0
:10FDB000C681E200CE8AE7FE01C3E7FE00D1E20081
:10FDC000CF82E7FF018FE0004FCDE200CFF8E7FFE1
:10FDD000010938E0571DE00F3122E000C0E437216F
:10FDE0003F91B70F571E3721E7FE00FB3FEEE400BF
:10FDF000C7985604399F5786568BAF83C7015790D3
:10FE0000AE23AEB35611568EB7B35789B643B6E399
:10FE1000560A5688B7F3578FAB93AA43B2D3E00183
:10FE2000B313E001B603E001B6A3E001B7B3AF023C
:10FE3000E7FF0098C381E200CB8AC78EE7F90197FC
:10FE4000E7FF0090E05E16A63E921600AE0DE05E63
:10FE5000169C3E923F9BAE0D1680B68FE05D17F468
:10FE60003D9FB68B3EE2E400C68EE05C17E83F9D06
:10FE700016FFAECFE05C17DE391F00DA8FC2E00E4E
:10FE80003B1F8D8E25AA1700E200CD8101B03E6E8A
:10FE9000E400C60EE0033E118BC33BFFE00001C748
:10FEA0003DE037A2E000C5E43D9F9703958B3F1BE3
:10FEB000E200CF00041AE02E3D5E3E11B7023F6023
:10FEC000E000C7643F1F971E979C3F9EE200CF80D3
:10FED000042BE02F3FD9B792C10E5785C781E201AD
:10FEE000C7FF7785E7F7008B3F6D00E8E200CD8222
:10FEF000019D3E6EE400C60EE0033E188BC33BFF3F
:10FF000001953DE037A2E000C5E43D9F9703958B46
:10FF10003F1BE200CF000406E02E3F5A3E18B70216
:10FF200000CF3F6D00FC3FED00D7C701E200CF0AD4
:10FF3000E7FF01AC00D2E200CB1DE7FB05E3178031
:10FF4000E7FC00AD08B5C060E76417C67782E70A32
:10FF5000178077831100E868578B17057784E001D5
:10FF600017807786E0041780778717843CEFE008D6
:10FF70001680151EE082144E3C907105E08611A19A
:10FF80007708E70E1265710B768C710E770F711082
:10FF90007789778A778DE004D5E669034F83E2009D
:10FFA000CF830583C0200AE13C60150C1480C41087
:10FFB000E004D5A74F03E0D917CCE400C70AE08BD3
:10FFC00012C43F9EE0018F9F4F0337A4C789E4000E
:10FFD000C7067784E02017A83F1F970E3CE07705FF
:10FFE000150C4F03C484E400C70671823F1F971E9F
:10FFF000720377064F034C03E400C7063C3A3F9E6A
:020000023000CC
:1000000097AF3C157787E004D5AE49034C83E401F4
:10001000C14D1503E400C48C3C6AE001C1003C956D
:100020003C12E003DAA24C833C62E400C48C15036A
:10003000C4863C95C40BE003DA984F83C7816F8375
:10004000E7FF00AE08B3E0613982E0613F82E7EF8D
:10005000177F3FDEE0613F921100E8886911E003FD
:10006000DE292403E824696DE8204962292AE00397
:10007000DDA11782E8886F92E8886F93E8886F9413
:10008000E8886F95E8886F96E8886F97E86757EF7C
:10009000E704CF92E86777EFE83257F4E70ACF92A8
:1000A000E83277F4E8206962E882696EE81057AEBA
:1000B000E8E06960E001972FE707CF12E001B72F72
:1000C000E061399209E1E86757EF1701E700CF9E39
:1000D000E86777EFE81057B097EFE6AFCFFF2F83D1
:1000E000E7FF00B2388208B33FE8E400C785E020AC
:1000F0001140391F8CA239E8E003D8F88D128C82A8
:100100003C63E003D90F8CB23C63E003D92C8CC272
:100110003C6309A1E07200C508B1E86657CCE8105D
:100120007791E8824FECE200CF8201B9E07E178E32
:10013000E8107790E0D017A0E810778FE0D914CEC0
:10014000E8824FEC1507E400C78AE06614233C9F61
:10015000E004D509E8824FECE02014A8E400C7864B
:1001600015063C9FE0661418E004D4FDE8824FECCD
:10017000E02014C0E400C78515053C9FE06614101C
:10018000E004D4F1E8824C6CDFAFE8824FECE86623
:100190006FA0E8664FDAE8656FFC08E1E07917CEFA
:1001A00000C808B43FE8E400C78AE0D9114CE00E6B
:1001B000391F39E88A2E2C821481391F8C42ACA257
:1001C000E003D7813C63EFFED315E02417EE31A2A4
:1001D000399F8C428C83E003D75C3C640A61E082E7
:1001E00017F434213C1F8E88E8CF4F658F98E0AF1D
:1001F0003E8EE866574C37A13F9E940F388208B375
:10020000C05C39683C60152239E9C4041480E004FC
:10021000D478E0CF17E08F5F8FCF3C606F8231C121
:1002200017843141C4026F03718471067787E0033C
:10023000DA5CC02409E108B7E1FFC02AE86654CCC3
:10024000E0951414DFDD3C60E8CF4BE61522148006
:10025000C434E8CF4B64E86651CCE8CF496773817A
:10026000E004D44FE8CF4FE53C606FB3E0CB179488
:1002700037C1779E178131C1E0006FC0C432E08082
:100280001780E0CC1214719C3AE4779F11806B3296
:10029000E003DBF8E00E33213FE4E01716B8E7E8AF
:1002A00016483B73E001019F3C6015221480C41086
:1002B000E866534CE004D425E8CF4FE533416F8F17
:1002C0003C60E8CF4FE4730A3B60C3346F8EE00FAD
:1002D0003341778C32C117811480C40E6F9C728BAE
:1002E000E003DB97E04D16ACE00C31A1178039FF3D
:1002F000E00101833C6015221480C410E86651CCF3
:10030000E004D3FFE8CF4FE531C16F8F3C60E8CF09
:100310004FE4718AE0CB11D46F8E1481E00F31C1AC
:10032000C40E778C728BE003DB74178056013E7F1E
:10033000E00001F5E0CB17D4E84D4F29E84D48A87F
:10034000E84D4BA7E84D4C26E00C31217703E08CBB
:1003500015941680E00211ACE0041258E0031290EC
:10036000E00713047602E0CB1714708473857406DB
:1003700053813BFDE00001E1E866564C17803EECFE
:10038000E004C680B78D3EECE8CF4F65E004C6C000
:10039000B78D3D6E3EEE3CEEE400C512E400C6941F
:1003A000E5FFC4FA3D1C3E9C3724958D3F1C979A6F
:1003B0003E99948D969E3F9B3E993F991483960A51
:1003C000E02F3FB93F9CB78AE00F3D9DE02F3FB93A
:1003D000968E3F9DB78E1781E8206FE3E000C056F0
:1003E0000BE1E00B3F9EB68FC181E201C1FFB60B6E
:1003F000C782E7FE00D8E1809716C7813DEEC58130
:10040000B584E0413D0EE00B3A1CE180B71DE201EE
:10041000C7FFC202B50BE7FE00ECE1809713E2FFD5
:10042000CF7F0106C781E201C7FFE7FF00813FE000
:10043000C7B4E7FF0083950EE200CD13020FE86713
:100440004E21E200CE01018A5082C681E201C6FF40
:10045000C782C7023D91E7FF008DE8664E5AE00370
:1004600013F4E200CE023CE338E7E0693927538316
:100470003C65E005163CE0683924E061392C2B9A94
:1004800056042E1853852B985606E200CE003E6384
:10049000E06C3927E20FCD5005113E11B60EE8662B
:1004A0004E5A2E02B28E960E950F3E7A0311B60F5B
:1004B00000933E6600F03E6400EEE207CD6805035F
:1004C0003E1800EDE200CD0005403E1900E8E04195
:1004D0003E4C3D7C046D950FE200CD00E0073501F8
:1004E00003193CEBC4FE1600397CE7FF012FE080C6
:1004F00090993BF1050BE201C89FE00838AA02057C
:10050000E001109FE0283C51B409C601E201C67F1A
:1005100000EC3C6BC47E1600397CE7FF0117E080DD
:1005200094983BF903033CAAB488C601E201C67F54
:1005300000F408B5C05C39683C603A6939EA148057
:100540001522C4043AEBE004D2DCE0CF17E08F5F61
:100550008FCF32416F8217823C6F31C131413C10E5
:100560006F036A857204718571067787E003D8BDD1
:10057000C0240AE1E8D94FB627BBE84C4FA3E200FC
:10058000CFAE0125E200CFE80124E200CF801700C2
:100590001782E06F39AEE84C4F223F7F01292C1BB8
:1005A0003F6FC701E400C716E04B16DAE200CC82C9
:1005B0003F1D950E0186E400C7963F9DE001955FC3
:1005C000E86654CC15803C69E7FF00B5178000E46D
:1005D000178100E2E200CC010189E400C796E04BFC
:1005E000175A3F9EE001954F00EC150000EA388253
:1005F00008B4C05C39683C603A6939EA1480152255
:10060000C404E004D27EE0CF17E08F5F8FCF3C6060
:100610006F823241178131C13141C4026F037204CC
:10062000718571067787E003D860C0240A61E84CC1
:100630004FA3E200CFAE0124E200CFE80123E200A5
:10064000CF8017001782E06F39AEE84C4F223F7F12
:10065000011B3F6FC701E400C716E400C796E04BDB
:1006600016DA3F1D3F9DE200CC00E86654CC970EA1
:10067000E001954F3C69E06A392EE7FF00BB178027
:1006800000E5178100E338823FE8E8654C6A2406FC
:10069000E201C7FD1400E1283F88388208B7C07E18
:1006A000E0D9114C3B683A69E0D912F413808FC24B
:1006B000E200CF8201158F1289823C6F399E3996F4
:1006C0003D643CE37781E003D519E8824C6CDFDDC3
:1006D0003D645781240A3CE73C6FE003D529C10AF9
:1006E000397501E6C0020BE13CE300F708B4E810FD
:1006F00057B0E04B125A916FE00111A0E6AFC972FA
:10070000E000216D1701E8666F5AE8826F6CE00126
:1007100097AFE6A4CFAFE8256FCFE003DB1B1780D0
:10072000E8676F9FE8256FCEE84B6FD8E84B4FDA4C
:100730003F6FE400C716399F3A1EE00CC19AE001F2
:100740008CB48C03DFACE8D94CD81402E003D4BBE2
:10075000E0021780150014811402E81077A5E00369
:10076000D5E1E00015481480E0251406E004D1C965
:100770001681E81276BF1700E8256F021602E825F9
:100780006F00E8256F01E8256F05E8256F03E81085
:1007900057B0E8256F0497EFE81276D3E6AFCFFFA6
:1007A000E8256E2AE00027C6E8256EA8E8256F290F
:1007B0001781E81277C91700E8256F96E8256F942E
:1007C000E8256F15E8256F99E8256F97E8256F18DC
:1007D000E8664C5A0A21E7C600D2E866695AE88200
:1007E000696CE825694FE867691FE825694EE003F1
:1007F000DA94E8D94CE21402E003D465E0061780ED
:100800003D6214831402E81077A5E003D58BE84B12
:100810004FDAE84B69583F6FE400C716399F3A1E1C
:10082000E00CC19AE0018CB48C03DF39E7FF009B38
:10083000E8256FA8E8256FA9E8256E2DE8256FABA0
:10084000E8256FACE7FF00B608B7C07CE810513070
:1008500097E2E6AFCFFF27841780E8266FD297E2B2
:10086000E6AFCFFF2F89E8264FD2E201CFC802843E
:10087000C781E8266FD2E8874E14E866554CE8CF6A
:100880004DE52617E84554FCE08216F417003FEDCD
:100890008C0F8F9FC682E0AF3C0B37A13F9A978F9A
:1008A0003CFFE0020426C701E201C77F3E7E01F063
:1008B0001700E86C57E3E84351CBE84350CCE86CB1
:1008C00056E0E70FCF9EE00E3991E12E3F1DE8255F
:1008D0004ED1E70ACF9EE02514D2E026170EE86C31
:1008E00052DF76823A69E86C77E33C6E1680578275
:1008F0003EFFE00201811401E08216F412003A7C0E
:10090000C682C702E0020191E84556FDE86C57E354
:100910003AEDE400C2861700E709CF98E70ECF9EB4
:100920003AFEE8256A51E86C77E3E8874F15E8431B
:10093000534F0302C2833282270A3AF60508E86C55
:1009400057E31601E70ECF9CE86C77E3E86C57E3BA
:100950003E6FE280C600260DC77FE200CF0102890C
:10096000E200CA0101861700E70ECF9EE86C77E32C
:100970001600E86C57D0E86C576337C2E70BCF1C02
:100980003FF3E86C7763E00104E53FF1E00104E246
:10099000E708CF1CE86C77631781E86C53E3E8D96C
:1009A0006FCAE200CB8003041780E8D96FCAE879E8
:1009B0004FBB27841780E8D96FCAE8CF49DC298369
:1009C000E8D969CAE8824C6C7681DE5F5681240ED4
:1009D000E8674F9FE200CF810189E8264FCAE20015
:1009E000CFBA02841780E8D96FCA3FE7E280C78098
:1009F000E0012FB9E8D96FC82183E6A6C9F776814F
:100A0000EFFDD4EAE200CC015681028229841780EE
:100A1000E8D96FC83AF6E00102293EF6E001022962
:100A2000E00F36CF3F9D3781E02F3F96C7813F676C
:100A3000E202C700E200CF00E84B4EDE1704E06E92
:100A4000392F3FEEE200CE8017013EEEE06D392FE8
:100A50003FED36BEE86C76E1E8D96F442206E2004D
:100A6000CB800403E86C77E1E8674F9FE200CF8119
:100A70000187E86C57E1E400C785E86C77E197E20D
:100A8000E6AFCFFF2F8CE8264FD2E201CFC7028717
:100A9000E86C57E1E400C785E86C77E1E8CF4F5D8B
:100AA000E8D94EC8E200CF04028EE02617CC3F9E64
:100AB000E00126998F0FE8D94E453E7EE00005DC27
:100AC000C701AF0FE200CE81E001018EE8264FD1D1
:100AD000E8D94EC517003EFFE8D96F4AE00105840A
:100AE000E8D96F48C781E8266FD1E00000C7170139
:100AF000E7FD00E13FE88B8F8F9FE1809314E0AF2B
:100B00003B8BC40237A13F9A978FE0063FA6E04196
:100B10003B263B750286C681E201C6FFE7FD00E980
:100B20001400E7FD00EBE0408A9DE0408B2D3FE59F
:100B3000E0AF3B0BC20137A13F9A978FE201C27F22
:100B4000E180B799E040AB2EE040AA9EE7FD00D9D6
:100B5000E86C57E31701E708CF9EE86C77E3E7FE00
:100B6000009D1781E7FE00C81784E7FE00E21783A7
:100B7000E7FE00DF1700AF0FE8D94FCAE200CF81D0
:100B800001B5E8204FA6E8D94F443F7F05AF1700D5
:100B9000E8D96F4AC781E866495AE8206FA6290E4E
:100BA000E8264FD4E200CF840289E003DA83E843E9
:100BB000714AE8D96948E8D9694AE8D94FC8278A0B
:100BC0001780E8266FD11780E81377A61787E8D932
:100BD0006FB8E8D94FCA278C1400C0040BA1E0738A
:100BE000009FAE8F1780E7FF0080178100D5C004FB
:100BF0000BE12503E7BC00A13882C47FE3FFCC7F73
:100C0000018F388200000000000000000000C7FFD4
:100C1000E201C7FF2FF800000000000000EF17847A
:100C200000F708B2E81057B0168AE008970F1100D5
:100C3000E70CCF4DE008B70F1685E006972FE000D0
:100C40001440E700CF12E006B72FE008970FE7083F
:100C5000CF4DE008B70FDFD2E81057B0E008970F8C
:100C6000E708CF42E008B70F096108B2C07E3968D3
:100C70003C60C402EFFDDE33E81057B016A8E00672
:100C8000974FE728CF0DE006B74FE001210AE006B5
:100C9000974F1683E704CF4DE006B74F1681E00665
:100CA000976F1612E700CF6DE006B76FE00B974F16
:100CB000E708CF6CE00BB74F1624E00B974FE70027
:100CC000CF6CE00BB74F1611E007974FE700CF7CD2
:100CD000E007B74F1623E00B976FE708CF7CE00BD8
:100CE000B76F1635E00B976FE700CF7CE00BB76F5F
:100CF000163CE006976FE728CF0CE006B76FE79841
:100D00001600E7F81700E002B60EE0011640B62E16
:100D1000960EE70BCE1DB60E960EE70ACE1DB60E4A
:100D20001600958EE70BCD9CB58EE002958EE70CF4
:100D3000CD9DE002B58E958EE709CD9CB58E95EFE1
:100D4000E6A4CDFB258DE002958EE700CD9DE00267
:100D5000B58EE00196EEE700CE9CE001B6EE1600FF
:100D6000E83A56E2E008970FE70CCF4CE008B70FDF
:100D70001601E006972FE700CF1CE006B72FE0082A
:100D8000970FE6ACCF7E2F07E83A57623F2DE2007F
:100D9000CF0A05F65401EFFDDD8DC0020961E006C2
:100DA00096CF1703E704CECEE006B6CF161EE006B8
:100DB00096CFE700CECEE006B6CFE00696EFE7008E
:100DC000CEEEE006B6EFE00B96CFE708CEEEE00BF6
:100DD000B6CFE00B96CFE700CEEEE00BB6CF170410
:100DE000E00796CFE700CEFEE007B6CFE00B96EF28
:100DF000E708CEFEE00BB6EFE00B96EFE700CEFE85
:100E0000E00BB6EFE00696EFE728CE8CE006B6EFF3
:100E1000E007968FE728CE8CE007B68F1681E007B3
:100E2000960FE704CE4DE007B60FE007960FE700F8
:100E3000CE4DE007B60FE007962FE70CCE4DE0074A
:100E4000B62FE007962FE708CE4DE007B62FE00952
:100E5000962FE728CE0EE009B62FE7F81700E088B6
:100E60001600E002B60EE0011640B62EE002966EC5
:100E7000E704CE12E002B66EE002966EE706CE12EE
:100E8000E002B66EE002966EE705CE12E002B66EA4
:100E900097EFE6A4CFFF278DE002978EE700CF9D66
:100EA000E002B78EE00197EEE700CF92E001B7EEE7
:100EB000E83A57E2DEB7E7FE00EF08B7C07E3F83AF
:100EC000E81057AF1181972F1100E70FCF13B72FFD
:100ED000167E972FE701CF12B72FE7E4170096EEA3
:100EE000E705CE92B6EE96EEE707CE92B6EEE7E8CD
:100EF0001700B12E968EE700CE92B68E968EE70141
:100F0000CE92B68EE81056AEB16E974D3F5CB74D9F
:100F1000E0613912137FE0613B11972FE708CF138F
:100F2000B72F972FE709CF13B72F972FE70CCF13C2
:100F3000B72FEFFCDA6DE06A3910E06A391CE06A1D
:100F40003918E06A399A1282E06A3A9BE06A3A9567
:100F50001203E06A3A11E06A3A12E06A3A1DE06A66
:100F60003A1EE06A3A17E06A3A19E06A3A16E8105F
:100F700057AEE001177FE001B14F16B7E002B74F5F
:100F8000E7FE167FE001B76FE002B76FE002B10F36
:100F9000E003B68FE002B72FE003B72FE00196CF52
:100FA000E8327177CEA0E001B6CFE00296CFE00143
:100FB000CE80E002B6CFE00196CF3EDCE001B6CFB6
:100FC0001677E002968FE001CE80E002B68FE00156
:100FD00096CF3EDCE001B6CFE002968FCE88E002ED
:100FE000B68FE01316C4B12FE81057AFE83276F68B
:100FF000E01016F0E001B14FE83276F2E0613E8297
:101000003EC3E0613E92E0613E82CE84E0613E926A
:1010100096AF138FE703CE93B6AFE7E51780B10F16
:10102000E0041688B12FB3CFE001B68F16B4E0010B
:10103000B6AFE001B14FE001B16F96AFE700CE93DC
:10104000B6AF968FE700CE93B68F96AFE701CE93FB
:10105000B6AF968FE701CE93B68FE0613F82E00195
:10106000CF80E0613F92E7E6178096CFE00F1677DA
:10107000E70BCE93B6CF96CFE720CEBCB6CFE0013C
:10108000162596EFE720CE8CB6EF968FE706CE9327
:10109000B68FE0613F82E020CF80E0613F92178011
:1010A0003CEE153EE0681478E8656FF07701E003E8
:1010B000DD285701153E3CEEE0691452E003DD21C6
:1010C000E06817F8E8656967E83377A8E865696656
:1010D000EFFDDE3AE810572F169B97AEE707CF9348
:1010E000B7AEE81076AD97AEE70ACF93B7AEE7EAB2
:1010F0001780968FE702CE93B68F968FE70BCE922E
:10110000B68F968FE701CE92B68F968FE708CE9274
:10111000B68FB14FE0613E82E008CE80E0613E9242
:10112000E81056AD143CB6AF968FE700CE93B68F5D
:10113000968FE707CE93B68FE81057AEE00196AFD3
:10114000E707CE92E001B6AF97AEE70CCF92B7AE0D
:10115000DD55E81057AE140AE001972FE702CF13D0
:10116000E001B72FE001972FE702CF12E001B72F80
:10117000E81057AF972FE70CCF13B72FDD3FE810DC
:1011800057B0E0E01747E001B76FE00216DEE0027B
:10119000B68FE0201700E002B12FE7801691E0043F
:1011A000B14FE002B74FE001171CE004B6EFE00FCB
:1011B00016D0E002B16FE003B70FE003B32FE003F6
:1011C000B34FE009B6EFE00016DFE004970FE72029
:1011D000CF4DE004B70FE0101708E004B72FE0E0B0
:1011E00016FFB32F1707B6CF1684E00CB74FE00CED
:1011F000B6EFE005972FE703CF13E005B72FE867B9
:10120000716FE865696AE8327174EFFDDE1FE00313
:10121000D4D1E0613F82E010CF80E0613F92E810DE
:10122000572EE01016A0978EE000165AE709CF93CC
:10123000B78E3C63978EE709CF92B78E978EE70AF9
:10124000CF93B78E978EE70ACF92B78EE7F81780C5
:10125000B68FB12FE001B16FE00196EFE701CE93B9
:10126000E001B6EFE00196EFE708CEA5E001B6EFAA
:10127000E00196EFE706CEA5E001B6EFE002B10F80
:10128000E00296AFE728CE8CE002B6AFE00296AF60
:10129000E706CEA2E002B6AFE00296AFE704CEA525
:1012A000E002B6AFE00296AFE702CEA2E002B6AF30
:1012B000E00296AFE700CEA5E002B6AF968EE70655
:1012C000CE92B68E968EE701CE93B68E968EE700BE
:1012D000CE93B68EE81056AFE001964DE705CE13DB
:1012E000E001B64DE001964DE70BCE13E001B64D9F
:1012F000E003B14EE00596CEE70DCE93E005B6CE05
:10130000E002974FE708CF34E002B74FE002974F73
:10131000E70BCF57E002B74FE002976FE700CF34FB
:10132000E002B76FE002976FE706CF12E002B76FF7
:10133000E002976FE705CF12E002B76FE002976F08
:10134000E704CF12E002B76FDC91E003D51F3B004A
:10135000E72B153D14A01412E003D155E700153911
:1013600014A01412C0020BA1E06200F208B4E00164
:10137000117A39E8121CC1FFE3FFC9FF010C3C627E
:10138000DC3D3C62DC3B3C62DC393C62DC373C648B
:10139000DC3500F20A6108B3E82449C0E200C9DA8A
:1013A000E00001CAE81057B0916FE6A4C972E000EE
:1013B00029431781E8E06FE11681E81057AFE82470
:1013C00069403CE2972FE0501400E704CF1DB72F8F
:1013D000972FE70ECF1DB72FE003D5513CE2E02059
:1013E0001400E003D54CE0011448DFC13CE3E7EE14
:1013F0001400E003D544E00114A5E7EE1401E00376
:10140000D53EE0011495E7EE1402E003D53814A7A9
:10141000E7EE1403E003D5331432DFA9E81057AF29
:10142000972FE704CF12B72F972FE70ECF12B72FC2
:10143000E8E0696109E10EBFC076E0603E88E060E7
:101440003F097685E0603E8A77047683E0603F0C52
:10145000E0603E8B770276813B00E81057B0168043
:10146000E008970FE700CF1DE008B70F170196AF10
:10147000E708CE9EB6AF97EFE200C7C02787E867C0
:1014800057EFE708CF9EE86777EF17A0E0613F913D
:101490003E8356855704E0603E985683E0603F19CE
:1014A000E0603E9A57025681C00AE0603F1CE0604F
:1014B0003E9B0FAD380008BFC05AE0603888E0603E
:1014C00039097093E060388A71127091E060390CCC
:1014D000E060388B7110708F3B00E81057B0974F69
:1014E000E6ADCF7E272A970FE6ADCF7E2726972F32
:1014F0001681E702CF1DB72FE812579DE200CF8E6D
:10150000E00305FD17BCE8206FA41780E812779D63
:10151000E8824F6E2712E8674F1FE200CF01E00418
:101520000181E8824F6EE200CF01E00301FBE88217
:101530004FEEC781E8826FEEE81057B0974FE6A9EB
:10154000CF7E270A970FE6A9CF7E2706972F168111
:10155000E706CF1DB72F974FE6AACF7E2712970F2A
:10156000E6AACF7E270E972F1681E705CF1DB72F4E
:10157000E8E04FE027861200E8E06A60E003D37BF2
:10158000E81057B0974FE6ABCF7E270A970FE6AB30
:10159000CF7E2706972F1681E704CF1DB72F974FD1
:1015A000E6ACCF7E270A970FE6ACCF7E2706972FB3
:1015B0001681E703CF1DB72F974FE6A3CF7EE0023A
:1015C000271F970FE6A3CF7EE002271A972F1681D9
:1015D000E70CCF1DB72FE088110E978FE8325774B4
:1015E000E6A4CFFFE70ACF1FE8327774E83257F45A
:1015F000E867576FE6A5CFFFE704CF1FE867776F6F
:10160000E8884F913FFD01ABE8884E0FE8886E10E7
:10161000E8884F9F3F9DE8886F9FE8884F9E3F9DD9
:10162000E8886F9EE8884F1EE8884F8FE400C796D1
:101630003F92E0088F8F3FFE02921780E8886F9EEE
:10164000E8884F8F3F9DE8886F8FE8884F8FE88844
:101650004F0E3F7F05841203E8886A11E888499F8E
:10166000E8884F90E8884E91E200CE81E00101C603
:10167000E8884F10E8884E0E3E7EE00105B3E40096
:10168000C78BE8884F103F93E400C716C79737A170
:101690003F123F92E002976E928FE00122A3E6A8EC
:1016A000CF8EE200CF86E8246EB9E001029BE00F06
:1016B00036BFE200C7DFE0012795E201C77FE20005
:1016C000CF04E0010106E8884B1FE8244FB9E00190
:1016D0002780E86C565AE81057AE7601E001972F44
:1016E000E86C53D9E707CF1DE001B72FE74017801B
:1016F00097AFE68BCFBFE002C78037C8E8676FAB14
:10170000E8824C6CEFFFD7C22C03E84B4B58E82023
:101710004C543EE63F68E401C692E400C712E0D9AB
:1017200016743F1DE00F3E1D3F1CE86C56503CEF09
:1017300015803621E001C490E8254B50E740169C07
:10174000C63038E9E009B58FE0012B74E201CC7FA7
:101750000109950DE002B52EE00A3E1D950AE0054F
:10176000B55EB58FE001B59FE180951F92093D748C
:101770000582B5099201E001950F3D740582B5011E
:10178000C682E340CEAEC70201E0E8CF4FE5560186
:101790006F8BE1243E57E8CF4FE43C60C2186F8A5C
:1017A00032C1E02017801480C404E681CA14778C0B
:1017B0007208728BE003D198E810572E1780E00171
:1017C00096AEE707CE9FE001B6AEE8246FB93913B5
:1017D000E86757EFE6ABCFFFE00127BF1782AFC244
:1017E000E8884F8FE8884F0E3F7F02871602E8880F
:1017F0006E111780E8826FEFE003D1DCE81057B07C
:10180000974FE6A4CF7E270A970FE6A4CF7E270640
:10181000972F1681E70BCF1DB72F974FE6A5CF7EE9
:10182000270A970FE6A5CF7E2706972F1681E70A8E
:10183000CF1DB72F974FE6A6CF7E271A970FE6A6A4
:10184000CF7E2716972F1681E709CF1DB72FE8887F
:101850004F113F7D018DE844569DE200CE82018804
:101860001200E8826A6FE8886F12E8886E91974FDD
:10187000E6A7CF7E2710970FE6A7CF7E270C972FDE
:101880001681E708CF1DB72FE867576FE708CF1D10
:10189000E867776F974FE6A8CF7E270A970FE6A8ED
:1018A000CF7E2706972F1681E707CF1DB72F0000A1
:1018B0000000000000000000000000000000000028
:1018C000000000000000000000000000E010178091
:1018D000E0613F91388350935112E0603898509105
:1018E000E0603919E060389A5110508FC026E060EE
:1018F000391CE060389B0FA13800E812579DE200C8
:10190000CF880585E00017DAE7FB00FFE812579D56
:10191000E200CF86E7FB05FBE00017F8E7FB00F5E8
:10192000E8826FEEE003D1A7EFFDD916E7FC008651
:10193000950DE002922E3D24E0413D2AB50FE00ACC
:101940003E1D950AE005925E3D24E0413D2AE001FE
:10195000B51FE7FE008B1201AA42E7FE00C30C3858
:101960000FBFC076E0603C08E0603F897405E0602E
:101970003C0A77847403E0603F8CE0603C0B778224
:1019800074013B00E00017C0E0613F913C03540547
:101990005784E0603C185403E0603F995782E06050
:1019A0003C1A5401C00AE0603F9C0FAFE0603C1B52
:1019B0000C28380008B10C3FC076E0603888E06041
:1019C0003C097085E060388A74047083E0603C0CE8
:1019D000E060388B740270813B00EFFDD9B5EFFCFD
:1019E000D517E0201780E0613F913883508554047B
:1019F000E06038985083E0603C195402E060389A07
:101A00005081C00AE0603C1C0FA8E060389B08A130
:101A1000380008B50C3FC066E0603888E0603909DE
:101A2000708DE060388A710C708BE060390CE0607A
:101A3000388B710A70893B00E81054AE1700E00142
:101A400091A9E00197A9E7FE1580E707CF9EE00185
:101A5000B7A9E7EE1780970FE6A8C9F3E001CF001A
:101A6000B70F972F3F5B2737970F1681E703CF1DDF
:101A7000B70F972FE20CC7002705970FE702CF1D7E
:101A8000B70FE7EE1780177FB76FE7FE16FF970FC8
:101A90003F5DB70FE81057AEE001972FE707CF1370
:101AA000E001B72FE0021780E0613F913883508D4D
:101AB000510CE0603898508BE0603919E060389A3A
:101AC000510A5089C01A0FA8E060391CE060389BA9
:101AD0000AA13800958FE703CD9EB58F958FE70259
:101AE000CD9EB58F972FE200C708274CE001916F7C
:101AF000E201C17FE00E3122E150C700921EE001F9
:101B0000976FE200CF00E0010331E8654F70E6A96E
:101B1000CF5E2F2A2905E8654FF0E7FF00B4E20009
:101B2000C903028AE00297A91701E707CF9EE002E6
:101B3000B7A9E7FF00A8C12DE201C17FE200C901FA
:101B4000E7FF02A1E81157FCE200CF81E7FF029B0B
:101B5000C781E200CF81E81177FCE7FF0194E867D5
:101B60004FCDE7FF0090E200CF04E7FF018CE200D9
:101B7000C95C0287E06517F0391F8F82E7FF008399
:101B80003F62E1FFC716E200CF010293E00397CF67
:101B9000E812571BE81054913F9EE812779BE00033
:101BA000146AE812579B3C9FEFFDD81BE7FE00EB41
:101BB0003F62E1FFC712E200CF010290E00397CF3E
:101BC000E8125719E81054903F9EE8127799E00008
:101BD000146EE81257993C9F00E83F62E1FFC7147A
:101BE000E200CF010290E00397CFE8125718E81007
:101BF000548F3F9EE8127798E000146CE8125798D3
:101C00003C9F00D3E201C94AE7FE013D3FE2E0000C
:101C1000C7FFE201C7FFE200CF81E7FE05B4E201A2
:101C2000C906018DE7F81780E00297CFE6A5CFDF60
:101C3000E8206F9CE8204F9CE7FE00A5E201C91652
:101C4000018CE7F81780E00297CF37CBE8206F9B35
:101C5000E8204F9BE7FE0097E201C97DE7FE019374
:101C6000E8244FC0E7FE008FE8654FF0E6A9CFDF1C
:101C700029042F91EFFDD7D0E8654FF08C04E6A939
:101C8000CFDFE0022FFDE002290BEFFCDCAB178178
:101C9000E00200DAE200CF8401F0E00197A9170129
:101CA000E703CF9EE001B7A93C62E7501780B40F6D
:101CB000C784E040B41FE358CF8001FAE06515F017
:101CC0003D981708E02A3C7EE7501780B50F1401B5
:101CD000E06512F0B59F38E81600E054C080E00DD2
:101CE0003C15E00B3E9C1708E02A3E7E30A2C40162
:101CF000B501E200CC5CB5913FEC01EEE06516F277
:101D00003E9C150AE02C3E7AE7501700B64EE7508D
:101D10001608B69CE06515F33EEF3E9B160AE02CD4
:101D20003E7FB66EE750170CB69EE06616CC3E9F1F
:101D30001508E02C3FFAE7521770B60E150AB69E4A
:101D4000E7531728E8105691E0D915CC3E9FE02CB8
:101D50003FFAB60E1508B69EE753172CB60EB69E80
:101D6000E7531738E81056903E9FE02C3FFAB60E26
:101D7000B69EE753173CB60EB69EE7531730E810F1
:101D8000568F3E9FE02C3FFAB60E150AB69EE753DB
:101D90001734B60EB69EE06516EA3E9FE02C3FFA79
:101DA000E7531740B60EB69EE06516E83E9FE02C5E
:101DB0003FFAE7531744B60EB69EE02316FC3E9F4B
:101DC000E02C3FFAE7531770B60E1508B69EE7539E
:101DD0001774B60E160EB69EE7541704B60EE00240
:101DE00016A0B69EE7541708B60EB69EE020169CC5
:101DF0003E9FE02C3FFAE7541718B60EB69EE0203F
:101E0000169B3E9FE02C3FFAE7541758B60EB69E3D
:101E1000E02316FB3E9FE02C3FFAE754173CB60E3A
:101E2000B69EE02616DC3E9FE02C3FFAE7541748AA
:101E3000B60EB69EE754174CB60EB69EE02616E6D2
:101E40003E9FE02C3FFAE7561728B60EB69EE024D8
:101E500016C03E9FE02C3FFAE7571774B60EB69EA9
:101E6000E8824F6CE400C70AE00D3D9E3E9FE02CE7
:101E70003FFAE7571778B60EB69EE02416C23E9F8B
:101E8000E757177CE02C3FFAB60EB69EE001972983
:101E9000E703CF1FE001B729E7FD00F03EE2E401D0
:101EA000CE80E200CEEF029B3FE2E000C7DD3F6F55
:101EB000E201C77FE200CF0C0286178137BEE23015
:101EC000C7A92F941781E200CEA5E8236FFA018EEF
:101ED000E8246FBEE8206C19E7FD00DBE201C97D54
:101EE0000185E8246C40E7FD00D4E201C97CE7FDF0
:101EF00001D0E200CC66012B029EE200CC55E7FD4A
:101F000001C8E8204F9AE200CF85E7FB01BC3C60A6
:101F10001510E000149AC402E003D62516003CE038
:101F200015811510C4823C6CEFFDD487EFFDD4A160
:101F3000E7FB00A9E201CC080118E201CC2AE7FD89
:101F400001A81785E8206F9AE7FB009DE8204F9ACB
:101F5000E200CF85E7FB0197E81057AEE001177F5D
:101F6000E001B70FE7FB008FE8204F9AE200CF8532
:101F7000E7FB0189EFFDD47DE7FB0085E200CF841C
:101F8000E7FB0181290EEFFCDB2DE812579AE7FAF7
:101F900027FAE8654FFECF82E8656FFEE7FA00F3A7
:101FA000E200C901E00001CEE8244FB82F85E866C1
:101FB00057CCE81077911100E812711BE201CC2D8B
:101FC000E8656C71E8105211010BE201CC2E01287A
:101FD000E812549B3C94E000146AE00100C5E8124A
:101FE000711BE000146AE812549B3C94EFFDD5F994
:101FF000E8127119E000146EE8125799E810549035
:102000003C9FEFFDD5EEE8127118E000146CE81269
:102010005798E810548F3C9FEFFDD5E300DAE86C49
:1020200057D037A1E812779BE812579B37C9E8666B
:102030006F8CE812579BE6A7CF8FE8666F8D00C9BB
:10204000E200C9090191E200CC02E7FA029CE865CE
:102050006C792C05E8666C1EE7FF0099E200CC0164
:10206000E7FF019500F8E200C95CE00102C4E2006C
:10207000C9300199E200CC03E7FA0285E06517F068
:102080003F92AC0F3FE2C7E93F6FE201C77FE2003A
:10209000CF2237A8E00102A537C7E000172A3F9EEC
:1020A000978F3F82E200C926E7F9016D0292E200B4
:1020B000C907E7F90168028617FE3F92E200CF8167
:1020C00000853FE2C7F4E200CF8202D9E7F900DBE6
:1020D000E200C935E7F90157028317D500EF3FE267
:1020E000E1FFC7B0E200CF8300F1E812579AE700A2
:1020F00017003FCEE812779AE7FE00C9E812579A18
:10210000E040CF80E812779AE200C90AE7FE01BFFB
:10211000E812579AE008CF8000EEE812579AE002E2
:10212000CF8000F1E7FF17AAE8666FA1E7FE00AFD6
:102130001722E8666F22E7FE00AAE812579ACF84BA
:1021400000DAE812579ACF8800D6E812579AE08052
:10215000CF8000D1E8666C07E0011401E8664C8787
:10216000E002C4A0EFFDD53DE7FE0091E8664F8890
:1021700037A83C1FE8127419E000146EE812579952
:10218000E81054903C9F00EFE8664F8A37A83C1F48
:102190003421E8127418E8125798E8127797E81279
:1021A0005798E810548FE000146C3C9F00DCE86600
:1021B0004F8CE810549137A83C1F3421E812741B4F
:1021C000E812579B3C9FE7FE0088E8246C2CE02334
:1021D00014FCE8244FACE000147C3C9F00C4E200F7
:1021E000C957E7FF0593E812579AE004CF80E7FF4D
:1021F00000833FE2E1FFC794E200CF810293E8123F
:10220000579AE001CF80E812779AE7EE1780E00353
:1022100097CFE81257173F9EE8127797E812579723
:1022200000C13FE2E1FFC792E200CF810291E812D4
:10223000579ACFC0E812779AE7EE1780E00397CF5E
:10224000E81257193F9EE8127799E7FF0097E201DD
:10225000C9060197E8206C1CE7F81780E8204E9C1F
:10226000E002974FE708CF3DE002B74FE8204E9CD1
:10227000E002976FE700CF3DE002B76FE7FD008710
:10228000E201C916018FE8206C1BE7F81780E820EF
:102290004E9BE002974FE70BCF5DE002B74FE7FCA4
:1022A00000F6E201C90F0187E1FFC400E8236C7B5F
:1022B000E7FC00EDE201C97DE7FC01E9E8246C40A0
:1022C000E7FC00E508B20C3FC076E0603888E060CB
:1022D00039097085E060388A71047083E060390CD8
:1022E000E060388B710270813B00E81057B0E00C61
:1022F000976FE6ADCF7E2723E00C972FE6ADCF7E1C
:10230000271EE00C974F1681E702CF1DE00CB74F58
:10231000E03E1400E002DDC839681480E7F614607E
:10232000E002DDE0E200C93C0184E8206924008786
:10233000E200C95A017BE200C9780178E81057B081
:10234000974FE6AECF7E270C970FE6AECF7E2708DD
:10235000972F1681E701CF1DB72FEFFEDEB6E810ED
:1023600057B0974FE6AFCF7E2719970FE6AFCF7ED6
:102370002715972F1681E700CF1DB72FE867576FF6
:10238000E700CF1DE867776F97EFE6AFCFFF2783B2
:10239000EFFEDE5A1780E8246FEDE81057B0E00C2E
:1023A000976FE6AECF7E270DE00C972FE6AECF7E7F
:1023B0002708E00C974F1681E701CF1DE00CB74FBF
:1023C000E00C976FE6AFCF7E270DE00C972FE6AFBE
:1023D000CF7E2708E00C974F1681E700CF1DE00C59
:1023E000B74F974F374F2717970F374F2714E001F5
:1023F000976FE00196EFE6A9CF7EE400CF01E706F4
:10240000CE9EE001B6EF1681972FE70FCF1DB72FB5
:10241000EFFEDE5BE81057B0974FE6A1CF7E2712A4
:10242000970FE6A1CF7E270E96AF1701E70ECE9E3F
:10243000B6AFE86757EFE701CF9EE86777EFEFFEAB
:10244000DE03E81057B0974FE6A2CF7E2712970F12
:10245000E6A2CF7E270E96AF1701E70DCE9EB6AF50
:10246000E86757EFE701CF9EE86777EFEFFEDDEC17
:10247000000000000000000000001784E0613F91B0
:10248000388350855104E06038985083E0603919F2
:10249000E060389A51025081C00A0FA8E060391CF0
:1024A000E060389B092138000EBFC076E0603E88AE
:1024B000E0603F097685E0603E8A77047683E060DD
:1024C0003F0CE0603E8B770276813B00E7EA1780A5
:1024D000970F1680E702CF1DB70F1681970FE70001
:1024E000CF1DB70F970FE70CCF1DB70FE83A57E294
:1024F0003F9DE83A77E2E812579D3F9DE812779DAD
:10250000E82F57993F9DE82F7799E81157FBE3FF94
:10251000CFFF01043F9DE81177FBE8244FE42790AB
:10252000E8244FE4C7FFE8246FE4E8244FE42F8851
:10253000E86757EF1701E703CF9EE86777EFE86694
:102540004FDCE200CF81E00002C3C781E8666FDCA8
:10255000E81257B5C781E81277B5E812579E27866B
:10256000E812579EC7FFE812779EE81257B32786F6
:10257000E81257B3C7FFE81277B3E7EA1780E8100D
:10258000572DB72F1701968FE700CE9EB68F968FE7
:10259000E707CE9EB68F968FE702CE9EB68FE008F5
:1025A0001780E0613F913E8356855704E0603E9876
:1025B0005683E0603F19E0603E9A57025681C00A98
:1025C000E0603F1CE0603E9B0FAD3800E200CF8230
:1025D00001C0E81057AE1681E002972FE707CF1D24
:1025E000E002B72F1783E7FF00B308B10C3FC076B6
:1025F000E0603888E0603C097085E060388A7404E7
:102600007083E0603C0CE060388B740270813B00AA
:10261000E7E5178097CFE6AFCFFF2798E83257F767
:10262000E8325776C7813FFEE83277F70388E7E65E
:102630001780970F1681E706CF1DB70FE7E51780C4
:10264000974F1681E700CF1DB74FE7E5178097CF6B
:10265000E6AECFFF279AE81257B1C781E81277B1EB
:10266000E8204FA4E200CFDAE00001D0E81257B131
:10267000E200CFB60583EFFBDF40E7E51780974F19
:102680001681E701CF1DB74FE7E51780974FE6ADFD
:10269000CF7E270F970F1680E702CF1DB70F168149
:1026A000974FE702CF1DB74F970FE702CF1DB70F28
:1026B000E7E51780974FE6ACCF7E270F970F168080
:1026C000E703CF1DB70F1681974FE703CF1DB74F15
:1026D000970FE703CF1DB70FE0011780E0613F912F
:1026E000388350855404E06038985083E0603C198A
:1026F0005402E060389A5081C00AE0603C1C0FA888
:10270000E060389B08A13800E200CFBCE81257B166
:102710000185E200CFD0E7FF00AFE200CFA8E7FFDE
:1027200000AB0E3FC076E0603E08E0603E89760573
:10273000E0603E0A76847603E0603E8CE0603E0B0B
:10274000768276013B00E81057AFE001974FE6AF85
:10275000CF7E2713E810572E972EE6AFCF7E270D9A
:10276000E001974F1680E700CF1DE001B74FE81258
:102770005734CF01E8127734E001974FE6A8CF7EB7
:102780002714E810572E972EE6A8CF7E270EE001DB
:10279000974F1680E707CF1DE001B74FE812573477
:1027A000E001CF00E8127734E001974FE6ADCF7E2D
:1027B0002713E810572E972EE6ADCF7E270DE001A8
:1027C000974F1680E702CF1DE001B74FE81257344C
:1027D000CF04E8127734E001974FE6A6CF7E271B9F
:1027E000E810572E972EE6A6CF7E2715E7E61700AE
:1027F000968E1601E706CE9CB68E1680E001974FA6
:10280000E709CF1DE001B74FE8125734E004CF00CD
:10281000E8127734E001974FE6ABCF7E2713E8103C
:10282000572E972EE6ABCF7E270DE001974F1680EF
:10283000E704CF1DE001B74FE8125734CF10E8127C
:102840007734E001974FE6A4CF7E2718E810572E83
:1028500096AEE6A4CEFD2692968E1601E701CE9C9A
:10286000B68E1600E00396CEE704CE9CE003B6CE0B
:10287000E8125734CF40E8127734E001974FE6AAC8
:10288000CF7E2718E810572E96AEE6AACEFD2692E8
:10289000968E1601E700CE9CB68E1600E00396CE0B
:1028A000E705CE9CE003B6CEE8125734CF20E812FD
:1028B0007734E001974FE6A5CF7E2714E810572E16
:1028C000972EE6A5CF7E270EE001974F1680E70AE8
:1028D000CF1DE001B74FE8125734E008CF00E812EF
:1028E0007734E001974FE210C720E001B74F17811E
:1028F000E0613F913E0356055684E0603E18560362
:10290000E0603E99E0603E1A56825601C00AE060DF
:102910003E9CE0603E1B0FAC380008B1C05CE02478
:10292000176EE00D34A23FE93F1DE400C78A949E74
:10293000170C6F04E0D9174C3F9E8FAFE200CF8495
:102940000110E8CF4FE434416F82E8CF4FE57404C3
:1029500074063C606F83C40217807783E002D70A55
:10296000C02408E108B3E81057B0916FE6AFC97210
:10297000293FE002970F1181E70ECF13E002B70F56
:102980001602E002970FE0001464E70FCF13E00295
:10299000B70FE7F81700E00196EEE706CEACE001CE
:1029A000B6EEE00196EEE708CEACE001B6EEE0024E
:1029B000970FE704CF12E002B70FEFFFD120EFFD32
:1029C000D33FE81057B03CE3E001976F3C63E70466
:1029D000CF13E001B76FE002D525EFFDD310E8106B
:1029E00057B0E001976FE704CF12E001B76F09E13C
:1029F000E86757EFE6AFCFFF279708B1EFFEDB247C
:102A00001780E088168EE8884F213FFE048314006B
:102A100008E1E00E3E9F8F4E2F05C781E201C7FF00
:102A200000F3140100F61780E088168EE8884F2125
:102A30003FFE048314003882E00E3E9F8F4E2F0528
:102A4000C781E201C7FF00F314013882E8664FDD59
:102A5000E00027D3E81057B097EFE6AFCFFFE000D4
:102A600027CC1780E8325677E83256F6E00115C8D1
:102A700015013CEFE8664F5D2F08E00027C3E83200
:102A80007677E83276F638823EEB3FEA3E6900F32D
:102A9000E824696CDFAE2C2FE86757EFE6ACCFFF78
:102AA0002FAA3CE3EFFCDF98E81057AEE00297AFA7
:102AB000E6AACFFF27EEE81257B4E7FE177D3FDE08
:102AC000E81277B4E00514851402E824696CEFFC81
:102AD000DF83E81257B4E201C782278DE7EA178047
:102AE000972FE0D217F8E12F3FBEE81277B317C84F
:102AF000E8666FDE09E108B3E7FF110111FF00D5B9
:102B0000388208B2E7FE1100DF742402096197E2FF
:102B1000E201C7FF2FFADF9B00F808B2DF6A2C0240
:102B2000DFF1E81057AF1680972FE709CF1DB72FB9
:102B3000E81057B097EFE6A4CFFF2790E7F817808B
:102B4000E002970F1601E700CF1CE002B70FE0018B
:102B5000976FE700CF1DE001B76F1100E83A57E229
:102B6000EFFFD061E81057AF143C972FE70CCF125E
:102B7000B72FEFFFD044E81057AE1681E001972F32
:102B8000140AE702CF1DE001B72FE001972FE702FB
:102B9000CF12E001B72FE81057AF972FE70CCF1DEA
:102BA000B72FEFFFD02CE86757EFE6ACCFFF27AD8C
:102BB000E81057B0E83A5162E008970F1680E70C2A
:102BC000CF4DE008B70F1681E006972FE700CF1D25
:102BD000E006B72FE81057B0E008978FE6ACCFFFBC
:102BE0002F89EFFCDF8AE83A57E23FA2E200CF8A62
:102BF00005F2E8664FDE2F94E81057AF1681972F45
:102C0000E709CF1DB72F0961E8674FCA2787E86634
:102C10004FDE2F84EFFCDF7100C7DF1900C5E866C7
:102C20004FDEC7FFE8666FDE00E808B23968E88863
:102C30004F91E200CF810105210E0921E04F00BA3A
:102C4000E86757EFE6AFCFFF2783EFFED9FDEFFF31
:102C5000D3A400EE0961E86757EFE6A8CFFF27AEDF
:102C600008B1E86757EF1700E707CF9E1401E86740
:102C700077EFDFDCE81057B097EFE6AFCFFF27998B
:102C80001781E8826FECE8666FDAE8654FEAE200E8
:102C9000CF81018AE8824F6CE02417FEE400C7145C
:102CA0003F9E1702B70FE8664C5A08A1E7A100E75C
:102CB000E8826FECE8666FDA00F7388208B3C05636
:102CC0001780E8886F91177FE8886F8F3C60E888ED
:102CD0006F10C416E8886F9EE8886F1FE8886FA0A1
:102CE000E8886F92E8886F93E8886F94E8886F951A
:102CF000E8886F96E8886F97EFFCDDF1E8884F8FE2
:102D0000E8884F0E3F7FE00105C4E8884F8FE088D8
:102D1000118EE400C7963F93E002916FE8664FDAA8
:102D2000E201C17F2F97E812579E2FFEEFFCDF14C0
:102D3000E8204FA5E812779EE8674F03E8674FA6A3
:102D40003FBEE812571EC7BF37863FFE0383E81217
:102D5000779EE200C904E001029CE00017F03121F7
:102D6000391F97823F82E81057B0916FE6AFC97262
:102D700029223CE21403E002D355E0001464EFFE84
:102D8000DF3EE81057B01681E002970FE0001464B0
:102D9000E70ECF12E002B70FE002970FE70FCF1256
:102DA000E002B70FE002970FE704CF1DE002B70F74
:102DB000EFFEDF251514E02414FE3C60C402E0029F
:102DC000DED23C60C402E002D7151781E8886F911B
:102DD000E8826FEFE8105730E8206FE2976EE6AFB9
:102DE000CF7EE0002F52E002D746540BEFFCDD62AD
:102DF000C02A09E11514E025149200E0E81057B04C
:102E0000916FE6AFC97229223CE21403E002D30AB3
:102E1000E0001464EFFEDEF3E81057B01681E00224
:102E2000970FE0001464E70ECF12E002B70FE00244
:102E3000970FE70FCF12E002B70FE002970FE704FA
:102E4000CF1DE002B70FEFFEDEDA1514E02514A661
:102E5000E7FF00B5E8664FDAE02414FEE400C7940B
:102E60003C603C9F1514C418E002DE7DE8884F8F5B
:102E70003CE0E400C7961514399FE0088F83C4989E
:102E8000778CE7FF009CE8826FEEE7FF00B01783C6
:102E9000E8886F91E7FF00AB08B2150039683CE89D
:102EA000E0871430E002D21115003CE2E0821450B9
:102EB000E002D20BE84354D81420E002D2D5E84116
:102EC00054A814200921E046009E08B4E81057B029
:102ED000E0061700B72F3968974F39E93A6A241886
:102EE000E006CF00B74F1403DFD8E8824F6CE0D97B
:102EF00017CCE400C70A3CE23F9E8C4F3DE43D63A3
:102F0000E002D17614803C620A21E04D00BEE7F970
:102F100016FF3F5D00E808B4E1FFC01C3960C10442
:102F20003C62E00015601480C402E002DDEAE005C6
:102F30001706E002B702E76417C6E845577B7782B9
:102F4000E687CF7EE002B712E0011720E002B72249
:102F5000E0721739E70A1782E002B732E02A171544
:102F60007784E0001562E868578AE002B742E02AF9
:102F70001700E002B7523CE2E8D94F627785E0865D
:102F800017817789E400C74BE0411781778AE00613
:102F900017B0778BE0101785E003B732E701170011
:102FA000778C1784E004B742E087142CE004B75212
:102FB000E0011700778D39E2778FC18EE005B7D237
:102FC0001785E005B722E0081700E005B7F2E00535
:102FD000B742E002DDC81403DF6017806F834F83C0
:102FE000E200CF830584E000C0640A61E00015546C
:102FF00014803C63E002DD854E834F034E0317844B
:10300000E400C70AE400C60AE400C68AB782E0D931
:1030100017CC3F1F3E1F3E9FE0018E0C8F0E8EBDD2
:103020003F1C36AB3F1DB7124F034E83E00C3722D7
:10303000E400C68AE024176E3F1C8F0E3E9F8E9DD3
:10304000372C3F1DB722E0861721B732E70E1765F0
:10305000B7424F03E400C70A3F1FE0018F1E372429
:10306000C709B7524F034E83E400C70A4D833F1F81
:103070008F2E4E03C701B762E400C6851701E40036
:10308000C585E001B702E400C605E02017403E9E7A
:103090003D9E8EAD8D8B3E1E8E1C35AC36AE3E9B5E
:1030A000362A3E9CE001B6924E834E03E400C6856C
:1030B000E400C6053E9E3F1C8EBD8F4E36AC372ABF
:1030C0003F1D4E83E001B722E400C686E0201728AA
:1030D0003E9E968DE001B6B24E83E400C6863E9ECB
:1030E000969DE001B6C24E83E400C6863F1D972E32
:1030F0004E83E001B7521702E001B762E001B772F8
:103100004F034E034D834D83E200CD820113E40053
:10311000C68AE400C70A3E9F3F1F8E8D8F1E3F1D4B
:103120003EECE400C68A3E9FE0018E8D3F1DE0022A
:10313000B702E0441705E002B7121706E002B72213
:10314000E0201712E002B7321712E002B742E0891E
:103150001254E002B7521708E002B7621701E0020A
:10316000B772E018171AE003B702153C4F034E83FD
:10317000E400C70AE400C68A3F1F3E9F4E038E9DAF
:103180008F0E3CE23F1D3EECE400C68A3F9DE0010D
:103190008F8F3F9E37A1E080C780E003B7924F83B7
:1031A0004C03E7BE17803C3AE003B7B23C14E0148E
:1031B00017AEE003B7C2E003B7D2E002DCD44C03A1
:1031C0004C83E401C44DE400C4BC151E3C94E001F2
:1031D000C400E002D17B4F83C7816F83E7FE00818B
:1031E00008B31400DE5AE0CF1160E0011180E00264
:1031F00095623C63E0D014A0E002D168E00294E262
:10320000E0029572C4A034A13C633C92E002D1ADCF
:10321000140309A1E7FC00C208B4E1FFC03839601B
:10322000C102E000154814803C62E002DC6A14032D
:10323000DE34E86C56D1E86C565536A13E9C1581BB
:103240003E7D01AFE86C56D2E86C565636A13E9CE6
:1032500015813E7D01B23CE0C482E0029719E00492
:1032600097B9E7F716FF3F5D3FDDE001119E396931
:103270001212E002B719E004B7B93C633D643CE2C6
:10328000E002D1243CE03C633D64C4A6E002D16D81
:10329000E001C1CDE207C9D201F1E000C0480A61F6
:1032A000E180971CE00F374437A13F92950FE00E65
:1032B00035BE3F4AB70F00C5E180971C3D60E00F67
:1032C0003744C792C50237A13F9A950FE00E35BE2D
:1032D0003F4AB70FE7FF00BF08B4E1FBC02A3F69D0
:1032E000E400C70AE0D917CC3F9E89CFE200CC8228
:1032F000E401C1CDE001C1B2E000015239683E6095
:10330000C602E00215203C6C1480E002DBFAE86C97
:1033100057D7E86C56D53F92E86C55513E68C6FECB
:103320003F6FE00B3F2F3D7B02BF3A60C2023C6023
:103330003CE4E002C422EFFCDE031403DDAE3CE01B
:10334000E001151BE002C4A23C63E002D0BFE00232
:10335000152014803C64E002DBD4E86C5458E86C1F
:1033600057563918E86C5652C77E3FE2E00D3FA22F
:103370003E7D02A53CE03C60C482E002C422EFFC3A
:10338000DDDF1403DD8A3CE0E001151BE002C4A28E
:103390003C63E002D0EAE004C0560A613968E00408
:1033A000C140E7FF00AEE080959DE202CD9F028420
:1033B0008C8E3D9CAC8BC701E7FF00B5E080969EEC
:1033C000E202CE9F02848D8F3E94AD8DC78100CFE7
:1033D00008B7C078E0D9134C39E8E0D917F43F6654
:1033E000E020168AE7F812808E46E08913D4E00BBD
:1033F00036213D9D920B3DECE400C5BCE400C60ABD
:103400003B9B91173E1EE001A986E00B3955890CC4
:1034100014033913394B7701C30A76827783760414
:10342000DD3C3C643CE2C401E002D01E5604B1170E
:103430003C64E0039117C419E00B3955890C8E1CCC
:10344000391C39133121394B3CE2E002D00D57834E
:1034500057013B7F5682E003B11701C7C0080BE15B
:1034600008B63AE9E400C296E04B115AE004391577
:103470003B688C6439E9DFAD8CF4E81057B0E8D9CB
:103480006CD897EFE6AFCFFF2797E200CB0101851D
:103490003C66EFFED6888CF41402E001DE14E00DE9
:1034A00017BA3F933915E0018CB28C0FEFFED8F8B4
:1034B000E82069D40B61140100F108B2E84B4FDD3C
:1034C00039682789E8824C6CE84B4CDADFCA1780F0
:1034D000E84B6FD8E04B1744E04B16D81780E180DB
:1034E000AF9E3EFE01FD177FE84B6F5F1700E84B74
:1034F0006FDBE84B6FDCE84B6FDEE84B6FDDE825F8
:103500007774E8257775E84B6FE6E825777FE8263E
:103510007700E84B6FFCE826770AE826770BE84C43
:103520006F9221061787E8D96FB7E8D96FB809619C
:1035300008B61109E866697A1688E8666EFBE0004D
:103540001746E0001569E00C148BE0671400E8668C
:103550006F7FE002DB08E00017E6E8676FAEE7FF89
:103560001125E81057B0E867695E97EFE6A4CFFF32
:103570002FA91781E8E06FE11681E81057AFE02628
:1035800011DC972FE7E91130E704CF1DB72F972FF4
:10359000E70ECF1DB72F3C62E002D455C101E3E92D
:1035A000C93AE180AC1301F8E81057AF170096AFA5
:1035B000E704CE9EB6AF96AFE70ECE9EB6AFE8E07C
:1035C0006F611180E86569F01692E8656EF217A0E8
:1035D000E8656FF31701E866699FE7FF12AAE866DE
:1035E0006F161122E8666AA11709E8666922168A31
:1035F000E8666F401203E8666FC1E0041158E866A0
:103600006F42E0091540E8666FC3E002148CE8657C
:103610006EF5E0CF1460E86569F6E08C1314E86697
:103620006A00E86569FFE8664F5AE8656F7CE882E2
:103630004FECE8666FA0E02017C0E86569FDE8651B
:1036400069FEE8824F6CE400C7053F1F8F0EE866F5
:103650006F10E8824F6CE400C7053F1F8F1EE866BD
:103660006F11E8824F6CE400C7053F1F8F4EE8667C
:103670006F14E8824F6CE400C7053F9E8FBFE86679
:103680006F93E02017A8E8824F6CE400C7063F1F45
:103690008F1EE8666F18E8824F6CE400C7063F1F74
:1036A0008F3EE8666F19E8824F6CE400C7063F9EC4
:1036B0008FDFE8666F9A17BCE83371251100E826A2
:1036C0006FE6E866699EE002DA4EE8676944E00466
:1036D00017C0E0D01720E8676AB7E0B91294E86C29
:1036E00077D0E0091500E00217A0E86C77553CE2BE
:1036F000E0D417603C65E86C77D1E86C77D2E86C71
:103700007756E86C77D8E86C77DAE86C7154E86C37
:103710007157E86C7159E86672CBE866734CE00249
:10372000D9F0E00915003CE23C66E002D9EA151E3A
:10373000E00B14CCE0D9144CE8CF695CE002DA135A
:10374000150AE00B14D6E0D9146AE002DA0C3C62E8
:10375000E8D96A6EEFFCD84E1401EFFCD84B140286
:10376000EFFCD8481403EFFCD845E00217ACE86C36
:1037700077DFE0001748E84577FBE0021798E84557
:1037800077FCE7FD17E8E84577FDE0031790E86C64
:1037900077601702E8467781E7FC17F0E86C7761FD
:1037A000E0021705E8467782E0041538E80C4FB7C9
:1037B000E86C77623CE2E86C5763E88C6F8817949A
:1037C000E70ACF12E88C6F89E00017E4E86C7763B2
:1037D000E0821474E0141720E8467785E01117D4CE
:1037E000E845777AE8467783E88C698CE88C698DC0
:1037F000E002D987E0031524E00114FFE083147090
:10380000E002D97FE001150CE00114FFE075145AC5
:10381000E002D977E001150CE00114FFE0771472A3
:10382000E002D96FE001150CE00114FFE0761466A8
:10383000E002D967E07817FEE079163A3F64E0FFCE
:1038400016FFAF0FC786E040AF5FE040B6AFE04085
:10385000B69F3E7F01F7150A1480E0621438E0023B
:10386000D950150A1480E0621442E002D94A150AC0
:103870001480E0621460E002D944150A1480E0620A
:10388000146AE002D93E150A1480E062144CE0028A
:10389000D938150A1480E0621456E002D932150AAC
:1038A0001480E0621474E002D92CE001150CE001F0
:1038B00014FFE0631400E002D92415141480E079A9
:1038C000143AE002D91E1180E83271E6E0D9124CB8
:1038D000E83271E3E83271E4E86569CAEFFED708BF
:1038E0001401DDECE04B17DAE84B4D5AE00D14BA49
:1038F0003DEF3E6310813C63E8824EECE1808F191E
:10390000E400C68A396C3E94E0018E8DAF6B3EFEBA
:10391000C601E06239AA3EFE8F393EE1AF7BE2018B
:10392000C67FE8824F6CE06D39A3E8824F6CE200FD
:10393000CE03B44B3D62B45B39EDE8824F6CC59663
:1039400001DC2683E84B695AE84B4F5AE200CF026C
:1039500005841700E84B6F5A1680E84B4E5AE07901
:1039600015CEE0093622E0011408E0261568E0C211
:1039700010943F6DE201C77F3E7EE00001D5E0017B
:10398000B5AFE001B2BFE001B0CFE001B2DFC68168
:10399000E200CE83C79601EEE84B4FDA1100E84C07
:1039A0006FA2E0DA121811B63D631480E0083A12F3
:1039B000E002D8A7E0DA144E3C123D631480E00226
:1039C000D8A0E001C112E206C96C01EF1524E001A4
:1039D00014FFE04B140CE002D8941524E00114FF0E
:1039E000E04A1468E002D88D1788E84B6F9417807E
:1039F000E84A6FF01709E84A6FF1E00517CFE8329F
:103A000077CDE00C17BFE83277CCE8CF4FE4E84B36
:103A10006F15C7FFE84C6FA6E8CF4FE5C7FFE84C2E
:103A20006FA50B61E00E3C9D3F188F0EE001B5AF16
:103A3000E412C700E0033F1AE009C7003F1AE001A3
:103A4000B1BFE001B74FE001B1DFE7FF00A208B16D
:103A5000C07EEFFEDCA23C60C402EFFCD740E8670A
:103A600057EFE6AECFFF2788E86757EF1700E7016B
:103A7000CF9EE86777EFE86757EFE6AFCFFF27986D
:103A80001401D8D4E86757EF1700E700CF9EE86726
:103A900077EFEFFED62DEFFED3411401DD0F178730
:103AA000E8D96FB7E8D96FB81782E8256FD054010D
:103AB000EFFCD700E8824F6CE8D94FB837DEE6AFAD
:103AC000CFFF2F89E8824F6CE8D94FB737DEE6AFDA
:103AD000CFFF2782D8C1C00208E108B7E882496C4D
:103AE000EFFFD788247EE8884A20E088178EE00E12
:103AF0003F94E00789AE8ECE26BB8ECEC6FFE86629
:103B00006E9B8F4EE200CF01E00001F83F94E8CFBA
:103B10006F5C1700AF4FE001892F3C62E8626937A4
:103B2000EFFED5B43CE2E000246C3C63E002D6BC7E
:103B30003F64C703E00F3721E04E17603F1F3FE4AB
:103B4000E401C792E0D916F43F9DE009978FB78E44
:103B50003F62E400C70AE0D917CC3F9EE0018F8F97
:103B6000E84C6FA3E8884FA0C781E8886FA0E8CF32
:103B70004FDCE200CF810107E8264FDBE200CF8374
:103B8000E00001F2E866544A3CE2EFFFD6C8E826BE
:103B90004FDBE200CF83E00001C3E8664A013C62EC
:103BA000EFFED574E200CA010118E8654FF9E200A2
:103BB000CF81242C05AFE200C98102B3E8264FD3A0
:103BC000E00117043F1FC781E201C7FFE200CF8376
:103BD0008A0E029AE8266FD33C62EFFED557E005C5
:103BE0002418E200C981019FE82757B3E82757341A
:103BF000E12F3FEEE00500911700E7FF0089E84B59
:103C00004C58E7FF0095178000E60584E0243988CA
:103C100000E4E8654A79E024398400DF120100DD20
:103C2000120000DB3FE3C783E00E37A1E04E17E050
:103C30003F9E978FE82757313FFE0583E82777B1EE
:103C40002212E002D64C3C62E8CF69DDEFFED51EC1
:103C50003CE2E00024763C63EFFED48EE866699C8B
:103C6000E8626936E8884FA0E8884F213F7FE0018D
:103C700002DBDEEEE84B4FDDE8824B6CE04B125A84
:103C800027A0E84B4ADBC281E201C2FFE200CA8200
:103C900005821280E84B4FDA3FF50190E84B4FDC8C
:103CA0003C66C781E84B6FDCEFFED4F02C07E84B95
:103CB0004FD8E0283F88E84B6C583CE53C66DBD1A8
:103CC000E84B4ADD3C66EFFED4E12A882C07E84B3E
:103CD0004FD8E0283F88E84B6C583C66EFFED4D6BE
:103CE0003BE8E0002C4FE84B4FDAE8105730E40097
:103CF000C79692EEE84B4B583F94E0018D3F94CF2E
:103D0000E6AFCAF5E0022B2C22A5E8D94FD7E8D9B7
:103D10004B563C653B1FE8D94FDE3B1F3C96E0010C
:103D2000D9EDE84B4FDAE400C7963A1F94C4E0019E
:103D30008D343C963C6500A31700E00300F9E84B86
:103D40004C58EFFED419E84B4FD8E8666F9CE7FF5C
:103D50000089E8D94FCDE8D94ACC3A9FE8D94FD469
:103D60003A9F3C95E001D9CAE84B4FDA3C66E40043
:103D7000C7963A1F94C4E0018D343C95E001D9D830
:103D8000E8264FDBE200CF810183EFFFD799E8827D
:103D90004FECE0002FC91401EFFFD749E81057B0EE
:103DA000926FE6AFCA742A3FE002970F1281E70EC6
:103DB000CF15E002B70F1602E002970FE00014647F
:103DC000E70FCF15E002B70FE7F81700E00196EE16
:103DD000E706CEACE001B6EEE00196EEE708CEAC29
:103DE000E001B6EEE002970FE704CF14E002B70F50
:103DF000EFFED705EFFCD924E81057B03CE5E00111
:103E0000976F3C65E704CF15E001B76FE001DB0A6F
:103E1000EFFCD8F5E81057B0E001976FE704CF1436
:103E2000E001B76FE8264FD4C781E201C7FFE20186
:103E3000CFC8E00102B0E8266FD4E8664FDA2F87DA
:103E4000E8264FD4E200CF84E00005F0E8D94FB671
:103E5000E00027ECE8674F9FE200CF81E0000166B9
:103E6000E8674FA1E200CF83E0000160E8794A4CA7
:103E7000E0002A5C3C62EFFED409E1283C043C737C
:103E8000E00001D4E00417D8E81377ACE84B4FDD2D
:103E9000E82752B12FBDE8264FD6E8264F57C781F5
:103EA000C701E201C7FFE201C77FE200CF93E82626
:103EB0006F57E00002F3E8266FD6E207CA84E826CF
:103EC0004ED6E04B17C43F9DE00005EC1682AE8F46
:103ED000E04B1658E04B16C41780E1808D9D3E7D67
:103EE0003F9B01FCE200CF87E00005E51780E82654
:103EF0006FD71514E84B4FDE1480CF81E84B6FDE8F
:103F0000E04B14441781E84B6FDDE002D5FAE84B33
:103F10004F5DE04B135AE200CF013FE6E00001574E
:103F2000E200CF02E0010107C183E00F31A1E04EC2
:103F300011E0399F9783E20FCFD0E00105E3E879E4
:103F40004FBB278CE8264FDAE200CF8202871700AA
:103F5000E8CF6F5CC781E8266FDA0BE1228E3C6503
:103F6000E001D8CCE84B4FDAE400C7963A1FE001F5
:103F70008D3494C4E7FD00E0E001D8C0E84B4FDA8F
:103F80003C67E400C7963A1FE0018D3494C4E7FD16
:103F900000F717C8E7FE00D1E8266A56E7FF008F52
:103FA000E204CAD805841681E7FF00931680E7FF74
:103FB0000090E200CF1FE7FF05B917A0E8266FD7F2
:103FC0001780E84B6FDEE7FF00A417FFE84B4A5A63
:103FD0001700E84B6FDF3C621780E84B6A5BE84BE9
:103FE0006F5CE82577F4E82577F5E84B6FE6E82580
:103FF00077FFE8267780E84B6F7CE826778AE8260B
:10400000778BE84C6F12EFFED3412C0F3FE4E400B6
:10401000C796E84B6C583B1FE00D17BA3A1FE001FA
:104020008CB68C04EFFED33C1782E84B6FDDE7FEC5
:1040300000FDE84B4F5B3EEEE400C696E00B3B1DF7
:10404000967B3E15E2FFCE7EE00002D33E9FB67B1C
:10405000E001960D3E750383E001B28DE200CF01D1
:10406000E00002CBC701E84B6F5BE84B4F5CE2001E
:10407000CF01E7FE05DBE82556F4E3FFCEFF013F65
:10408000E8255775E825567F3EFC0585E82657004C
:104090003EEC1201E826560A3EFC0584E826570B42
:1040A0001202E84B4EDA3EF40120E400C6963F9D32
:1040B000E001978F3FFE05991401EFFFD5B8E84B5B
:1040C0004FDAE200CF82028C3CE43C62D9CA17800E
:1040D0001701E84B6FD8E84B6A5AE8266F55EFFF97
:1040E000D5EF1780E84B6FDE1780E7FF00A0E0FFF9
:1040F000167FE7FF00AD1700E7FF00B7170000C30A
:10410000E206CF9FE7FE02AB1780E7FE00A6E7FBC3
:10411000298BE82757B3E82777B1E82757B1E2049E
:10412000CFD8E86C57E3E7FC05891701E705CF9E78
:10413000E86C77E3E7FB008608B7C0747403DC889B
:10414000E8D94FB7E00327E3E7F81180E882496C2C
:10415000EFFCD3443A68E0032C27E8D94FB737D2B5
:10416000E6AFCFFFE00327D3E200C9020108E8D998
:104170004F38178137B23FCEE8D96FB81401EFFF3F
:10418000D556E8D94F3716803752E84C4DA2E83A59
:1041900076E2E6AFCF7EE04B17DA16013DF4E0039E
:1041A000018DE002AEAFE002AEBFC201E201C27F0C
:1041B000E200CA03C79601F33B621780E400C30A1A
:1041C000E84B6FECE0D916CCE84C6F821601E84C56
:1041D0006F98178077843BED77857786E00F3E9662
:1041E0008ACFE81057B0E005972FE706CF1CE0050F
:1041F000B72FE0401720E005B74FE005976FE70EB7
:10420000CF25E005B76FE005972FE700CF1CE0054D
:10421000B72FE0031774C77FE3FFCF7FE00201D61B
:104220003D603CE0C508C48A3C65E001D79B4D0871
:1042300054853C65E001D77CE81057B0976FE8677C
:1042400056EFE6A5CF7EE705CE9EE86776EFE00E57
:104250003B968EAEE005962F3F6DE6ACCE7CE40B30
:10426000C75CE400C6B8E00326413F2DE005B74F28
:104270001681E005972F1206E70CCF3DE005B72F1A
:10428000E005972FE708CF34E005B72FE005972F1B
:10429000E701CF1DE005B72F1780E83277F7E0136D
:1042A00017C4E83277F6EFFFD50B1401EFFFD4BF48
:1042B000E810573097EEE6AFCFFFE0002FC1E002E5
:1042C000968E1481E70ECE99E002B68E1602E002B9
:1042D000968EE0001464E70FCE99E002B68EE001FE
:1042E00096E3E706CEACE001B6E3E00196E3E7082B
:1042F000CEACE001B6E3E002968EE704CE9FE0028A
:10430000B68E77817482EFFED47AEFFCD699E810EE
:1043100057305482E00196EE3C69E704CE99E00103
:10432000B6EEE001D87FEFFCD66AE810573057812F
:10433000E00196EEE704CE9FE001B6EEEFFCD24E30
:104340002C06C27FE201C27FE7FF2A28E81057B09F
:104350001201E005972F1680E706CF14E005B72F6E
:10436000E005972FE701CF1DE005B72FEFFCD23610
:104370003FE8E0012C0F3C627781EFFCD680E20041
:10438000C9025781E0010106E83277F7E01317C44C
:10439000E83277F6EFFFD4943C64EFFFD448E8109E
:1043A000573097EEE6AFCFFF2FBEE002968E160293
:1043B000E70ECE94E002B68EE0001464E002968E22
:1043C000E70FCE94E002B68EE00196E3E706CEACAE
:1043D000E001B6E3E00196E3E708CEACE001B6E326
:1043E000E002968EE704CE9FE002B68E7781EFFE64
:1043F000D406EFFCD625E81057303CE4E00196EEF9
:104400003C64E704CE94E001B6EEE001D80BEFFC8B
:10441000D5F6E81057305781E00196EEE704CE9FBD
:10442000E001B6EE3B178F26E00D3122E02417EEB7
:104430003F9DE00B165CE08C3F5C8B8F3C6C3CED51
:104440003D677702E002D37A5702E00017F0E08E72
:104450003F5F3B693D673C6E3CEFE002D36FE00D90
:1044600034C1E079164EE86C5250E00B3B2DE09ED3
:1044700015143E963F6C143FE00F3F2C3A7FE0014D
:1044800002B83CE2E079144EEFFFD728EFFCD1A64A
:104490003C62EFFED0FB24214D0954863C65E001CF
:1044A000D647009B1780E83277F7E01317C4E8324D
:1044B00077F6DACEE7FC00CCE7FC2779E002AE2FF6
:1044C000E002AE3FE7FC00F3E00596AFE6A9CEFDC3
:1044D000E7FD26A3E7FD2F26EFFCD1803A682C6389
:1044E0001781E00237B2E8D94FB7E3023FD2E8D9EB
:1044F0006937EFFCD331E8824FECE200CF82010351
:10450000E8266A541700E8127735E8D94FB8E00278
:1045100027E1E8254FD0E200CF8201841780E8250B
:104520006FD0E882496CEFFCD1593B68E0002C5415
:10453000E8D94F383752E6AFCF7EE002274B14015F
:10454000EFFFD375E8D94E37E8D94DB8365235D29A
:10455000E04B11DAE84C4D22E6AFCE7CE6AFCDFB66
:104560003EE33F663CE63D7EE00001E6E002ACBD96
:10457000C701E201C77FE200CF03C69601F5E04B19
:1045800013DA3A661281E0028EB726973C65EFFF98
:10459000D34E3CE43C62EFFFD7651700E200C9024E
:1045A000E84B6F58E00001D3E0019457E00194C755
:1045B0003D623B65E001DCD9EFFCD1103EE8E00054
:1045C000244A2309E84B4CDA3C62EFFFD74B1780B3
:1045D000E84B6FD81780E83277F7E01317C4E8325A
:1045E00077F6DA36E7FF009F3F1DE7FC00C1E18068
:1045F000979A3FFB0391E00F3DAFE12F3FB9888EC3
:10460000C781E201C7FF3FF10284E00F38AFAF8EF0
:10461000C701E7FE00B33FFD05FC3FADE12F3FB909
:10462000888EC781E201C7FFE0063C2F38F6027191
:104630003F9100EE26041781E002AFBDE7FF259A07
:104640001781E002AFBDE7FF0095E0019437E7FF77
:1046500000AFC201E201C27FE200CA03C396E7FFD6
:104660000194230AE84B4CDA3C627682EFFFD6FADB
:104670005682E84B6ED83C62E84C4CA21200EFFF29
:10468000D6F13CE21400E84B6A58E002D10DE8662E
:10469000544B3D62E0C21494E001DC67E7FF241C48
:1046A000E84B4CDA17813C62E8256FD0EFFFD6DA91
:1046B000E84B6A58EFFCD092E7FF2C0E5703E0005E
:1046C0002751EFFFD2FDE81057B097EFE6AFCFFFCD
:1046D0002F841401EFFFD2ABE81057B0926FE6AF12
:1046E000CA742A3FE002970F1281E70ECF15E0024D
:1046F000B70F1602E002970FE0001464E70FCF1522
:10470000E002B70FE7F81700E00196EEE706CEAC3F
:10471000E001B6EEE00196EEE708CEACE001B6EEC1
:10472000E002970FE704CF14E002B70FEFFED26765
:10473000EFFCD486E81057B03CE5E001976F3C658C
:10474000E704CF15E001B76FE001D66CEFFCD4575A
:10475000E81057B0E001976FE704CF14E001B76F9E
:10476000E04C129C12011300E0028FB32796E20086
:10477000C90201B1E00194D33C693DE4E0B91514EC
:10478000EFFDDED9E00194C33DE4E0C215143C69BD
:10479000EFFDDED1E002AB33C19639F501E614003E
:1047A000EFFFD68D1781E00237B2E8D94FB8E302A8
:1047B0003FD2E8824FECE8D96938E200CF820104A9
:1047C0001780E8266FD41780E81277B5EFFCD1C4C4
:1047D000C00C0BE1E00194B300D008B7E81057B06B
:1047E00097EFE6AFCFFFE0002FCCE8674F83E007FD
:1047F0001268E0243A3FE201C27FE867491FE20005
:10480000C901E002018F39E81400DC971780E8261F
:104810006FCA3C6217851100E82569CEE001134894
:10482000E8266FD4E7F81280EFFFD201E812711E7C
:1048300039740120E86757EFE6AFCFFF2F9BE86799
:1048400057EFE6AECFFF2F96E8244FBEE200CF81B0
:104850000111E8674FA1E200CF81018CE81057B049
:1048600091EFE6AFC9F32986E8674B9FE200CB8161
:10487000010A1504148114000BA1E7E600A8123CFC
:10488000E7FF00BDEFFCD3A6EFFCD166E83271F77D
:10489000E8327376E0012947147FE001D4F3150470
:1048A0003CE23C67EFFFD313E86757EF1700E708D8
:1048B000CF9EE86777EFEFFFD203EFFFD12414011B
:1048C000EFFFD1B5E81057B091EFE6AFC9F329BDBE
:1048D000E002970F1381E70ECF17E002B70F1682A1
:1048E000E002970FE0001464E70FCF17E002B70F64
:1048F000E0019765E706CF2DE001B765E001976518
:10490000E708CF2DE001B765E002970FE704CF136A
:10491000E002B70FEFFED173EFFCD392E81057B06F
:104920003CE7E001976F3C67E704CF17E001B76F02
:10493000E001D578EFFCD363E81057B0E001976F42
:10494000E704CF13E001B76FEFFCD344E00021761A
:10495000E86757EFE6A7CFFFE00027F017801504C0
:1049600014811400E8246FBFEFFFD2B1EFFCD09E9A
:10497000EFFFD173EFFFD1A4E81057B097EFE6AF88
:10498000CFFF2F841401EFFFD152E81057B0916F81
:10499000E6AFC972293FE002970F1181E70ECF13EE
:1049A000E002B70F1602E002970FE0001464E70F71
:1049B000CF13E002B70FE7F81700E00196EEE70625
:1049C000CEACE001B6EEE00196EEE708CEACE00139
:1049D000B6EEE002970FE704CF12E002B70FEFFE4A
:1049E000D10EEFFCD32DE81057B03CE3E001976FF8
:1049F0003C63E704CF13E001B76FE001D513EFFC90
:104A0000D2FEE81057B0E001976FE704CF12E00143
:104A1000B76F1700E86757EFE708CF9EE86777EFB3
:104A20000BE1E8D94C62E400C44BE001D42B15043F
:104A30003CE73C67E7FE00B8E81057B097EFE6AFF9
:104A4000CFFF2F88EFFFD06BC101E201C17FE7FDEF
:104A500000F1EFFEDFCF2C79EFFFD05500F608B75D
:104A6000E1FEC03EEFFED22BEFFFD564EFFFD25543
:104A7000EFFDDA6A1531E08714AC141EE001D5268B
:104A8000E84154A7141EE001D53EE84154A8142083
:104A9000E001D539E84154A91421E001D534E841B9
:104AA00054AA1422E001D52FE84154AB1426E001AA
:104AB000D52AE84154AC1427E001D525E84154AD8E
:104AC0001428E001D520E84154AE1429E001D51B9B
:104AD000E84154AF142BE001D516E84154B0142C32
:104AE000E001D5111505E08214E2E000144AE0016E
:104AF000D53CEFFFD377EFFFD391E8024880110157
:104B0000E82668DB1787E86769211500E8674CA18C
:104B1000E8D96FB71680E8D96FB8E7FF1790E82695
:104B20006CDB1402E8686FF8E8696FD2E81057AEE2
:104B3000E8656D70E002972FE707CF1DE002B72F01
:104B4000EFFED416E81057AE1681E002972FE70764
:104B5000CF1DE002B72FEFFADC78E8674FA1E20043
:104B6000CF81E0040177E200CF8301F81100E8670C
:104B7000691F1780E867576FE707CF1FE867776FF0
:104B8000E8127799E812779BE8127798E8127797FE
:104B9000E8654FF6E8D96FB6E8664FCCE0222F966D
:104BA0001781E8D96FB6EFFDDDA3E8824C6CEFFD0D
:104BB000DD6DE0222C0FE8656C79EFFDDAAFEFFCDC
:104BC000D2131400EFFFD47BE86654CBE866544C54
:104BD000E0091500E001DFC715121480E04E1460F3
:104BE000E001DF8FE8824F6CE8D94FB837DEE6AFDF
:104BF000CFFF2F83EFFFD0641503E8666D06E01B3F
:104C000011ACE77F127FE8264FDBE200CF83E02282
:104C100001B6EFFED3C2E8654FF4E200CF85E02194
:104C200001DE1581E8656DF41602E8656E74E81220
:104C3000579A2F85E81157F9E00227D11401EFFEAA
:104C4000DFF6E812579AE200CF80031DE812579A68
:104C50001401E681CF9FE812779AE8664920EFFEBB
:104C6000DFE6E200C902E02101D8E882696CE8666B
:104C7000695AE8664C5AEFFCD102EFFDDA4F140195
:104C8000EFFFD41DE882496CE812579AE202C78010
:104C9000279FE812579AE7FD177F3FDE3F62E40047
:104CA000C70AE812779AE0D917CC3F9E3F62E4002A
:104CB000C706E8664C988C4FE8664D19E02017A8A7
:104CC000E8664D9A3F9EE00F0C9BE001D261E8122E
:104CD000579AE200C7842792E812579A177B3FDE63
:104CE000E812779A3C62E812579AE020CF80E812E7
:104CF000779AE8664CA3EFFDDA56E812579AE2007D
:104D0000C7882795E812579A17773FDEE812779AF7
:104D1000E0D912CCE8664B24E0D913F48C45AB35CE
:104D20003CE6E001D2B7C28A3BF501F9E812579A96
:104D3000E200C7C02794E812579AE7FF173F3FDE0B
:104D4000E84B4F5AE812779AE400C716E04B17DA9F
:104D50003F9EE001942F3CE2EFFFD2C0E812579A49
:104D6000E201C780278AE812579AE7FE177F3FDEE5
:104D7000E812779AEFFFD236E812579AE204C7801A
:104D80002788E812579AE7FB177F3FDEE812779AE9
:104D9000E812579AE208C78027B3E812579AE7F754
:104DA000177F3FDEE812779AE8654AFAE201CA8087
:104DB000E02001C1E84B4F60E84B4FF63FFEE0209A
:104DC00005B73FEE1280E84C4F0C3F7F1782E06F33
:104DD0003AA53AEFE84B4FDA3FF50110E200CF82F7
:104DE000028D3CE53C62EFFFD33D1780E84B6FD866
:104DF0001781E84B6ADAE8266FD5E8656AFAE812A7
:104E0000579AE220C780278EE8D94C62E812579A59
:104E1000E7DF177FE400C44B3FDEE812779AE0013A
:104E2000D231E812579AE240C780E00027C2E81268
:104E3000579AE7BF177F3EE23FDEE400C685E812DF
:104E4000779AE02017C0E00E3F9DE8664E108D8EE9
:104E50003DFC0104E8664E10AE0EE00E3F9DE86694
:104E60004E118D9E3DFC0104E8664E11AE1EE00E13
:104E70003F9DE8664E128DAE3DFC0104E8664E1281
:104E8000AE2EE00E3F9DE8664E138DBE3DFC010444
:104E9000E8664E13AE3E3F9DE8664F148ECF3EFE51
:104EA0000104E8664F14AF4F3C62EFFDD91EE812D3
:104EB000579AE280C780278AE812579A3FD4E812AF
:104EC000779AE8664C29EFFFD285E8654FFEE2014C
:104ED000C7FDE8656FFEEFFEDEF3E8234AFBE04323
:104EE0003F85E200CF800310E6AFCAF5E8236AFBF6
:104EF00011003C623CE5C101E001D271E201C17FD9
:104F0000E200C90401F71401D918E84B4F5AE882AE
:104F10004FECE400C716E200CF82E04B17DA3F9E69
:104F2000E00197AF0183E004C7C0E8107790E8265E
:104F30004FD5E200CF810190E8824FECE0D914CE4A
:104F4000E400C78A15073C9FE0661423E001DE0BEE
:104F50001080E82668D51780E83277F7E01317C489
:104F6000E83277F6E8654FF037C7E00027DBEFFF60
:104F7000D570E8884F91E200CF810108E8664F8143
:104F8000E200CF810103EFFEDE9B1401EFFEDE4F56
:104F90001100EFFFD5A4C101E8884FA1E201C17F54
:104FA000397F04F8E8664C1CE8624CB6E001DC7C12
:104FB000E8D94FB6E200CF810106E8664F81E200F2
:104FC000CF8101A3EFFDD939E001DD31EFFDDC3EFA
:104FD000EFFCD915E8654FF62F98E8664FCC2F9572
:104FE000E8824C6CEFFDDB52E86654CCE01E243FB7
:104FF000E866554B3C69EFFDDAFDE8D94FB6E86647
:105000004C1C2783EFFDDB15E8884F91E200CF8130
:105010000108E8654FF01700E707CF9EE8656FF0DD
:10502000E866495AE865697CE8254CCFE8656CF785
:10503000E8664FCCE01E2F9F1781E8674D21E8D925
:105040006FB61780E83C77DDE8266D5BE7FB00DD97
:10505000E8234FF4E00027D5E8674FE8E200CF816E
:10506000E00001CFE8D96FB6EFFEDE2A1100E001C3
:10507000150CE00114FFE06B1444E8236974E001AF
:10508000DD40150A1480E06A142EE001DD3AE810D4
:1050900057AEE866695C1681E002972F1530E70786
:1050A000CF1DE002B72F1480E865694EE02114227D
:1050B000E865695AE001DD2515301480E0201470A0
:1050C000E001DD1FE0031133E8264FDBE200CF8172
:1050D000E01C01E9EFFAD99CEFFBDF7CE8674FCADF
:1050E0002F8CE0141400E001D6DFE201CC1C013E5D
:1050F000E8674FAAE00027C51780E00000ED1580A3
:10510000E8676D9F11811100E88269ECE8D969B602
:10511000EFFDDAEEEFFDD802E01B17AC15123CE212
:10512000E04E1460E83277F6E8327177E001DCE9AE
:105130001401EFFFD1C4E00215223CE2E0501462FA
:10514000E001DCDF1787E8D96FB7E8D96FB8E00E68
:105150001786E87077B3E0171786E82069EBE870E8
:1051600077B2E8127135E7FF0083E01C1400E0011C
:10517000D69BE201CC00E7FF01BDE7FF00BFE823BB
:105180004FF0E200CFE30284C781E8236FF0E82309
:105190004FF0E200CFE401841780E8236FF0E823AA
:1051A0004FF0E200CF830199E81057AE1680E0027D
:1051B000972F1402E703CF1DE002B72FEFFED0D8E0
:1051C000E81057AE1681E002972FE703CF1DE002EB
:1051D000B72F1784E8236FF0EFFBDCBEE8234FFA0C
:1051E00027951780E8236FFAE8664FFAE8664F7B49
:1051F00037A53725E845777CE8664F7FE84577FB9C
:105200003725E8467703E81077B6E81057B62F85BC
:10521000E002162CE8107636E8794FBAE0062F85C2
:10522000E845717B1401EFFFD7891780E83277F7E3
:10523000E00117C8E83277F6EFFFD451E8674F9FD7
:105240002F87E8674FAA27821781E8796FCCEFFB99
:10525000DEA9E7FE2C3BEFFDD7F0E8674F9EE200AA
:10526000CF810189E810572EE00296AEE707CE9F66
:10527000E002B6AEE88C4F0DE0002F60E8674FCA41
:10528000E00527D917A0E88B6FF5E0021798E845ED
:1052900077FCE0031790E8467781E7FC17F0E846D3
:1052A00077821789E00216ACE8666FFA1088E84545
:1052B00076FBE86668FBE8216F52E8674F85279D1B
:1052C000E00317F4E84577FBE00317E0E84577FCD7
:1052D000E7FC17A0E84577FDE8465781E400C78A58
:1052E0003783E8467781E0413FCFE8467782178FE2
:1052F000E8666FFAE8666FFBE8674FBD278DE84503
:1053000057FBE001C796E84577FBE84557FCE0010D
:10531000C796E84577FCE8674FCA278DE84557FBF5
:10532000E1FFC79CE84577FBE84557FCE1FFC7B0C4
:10533000E84577FCE001DB7BE8794FCC2791EFFA79
:10534000D9F33CE8E0201470EFFAD8421780E02847
:105350003C6FE00117FFE0283C5FE8107437E87904
:105360004FCCE8214F203F7F0103E8216FA027A900
:105370001781E8796FCBEFFAD9D7E86549593CE84E
:10538000E200C90E0289E8654FCEE200CF801780A7
:10539000E06F39A83CEFE0211422EFFAD81917800A
:1053A000E0283C6FE00117FFE0283C5FE200C90EF7
:1053B000E832746A0286E8654FCE2F83E83277EAD6
:1053C000E8204FD82784C7FFE8206FD8E8794FCC72
:1053D0002784E8204FD82783EFFDDA381780E84D7F
:1053E0006FAAE8624FB6E200CF81E0060288E827A4
:1053F00057B1E20FCFD0E00505CC17A8E84D6FA953
:10540000E84D4FA92784C7FFE84D6FA9E84D4FA885
:105410002784C7FFE84D6FA8E84D4FA72784C7FF33
:10542000E84D6FA7E84D4FA62784C7FFE84D6FA64C
:10543000E84D4F29E8794FBBE00527451700E820E4
:105440006F5711042787150A1481E0621438E001B0
:10545000DB58E8674F85E200CF81018BE81157FBED
:10546000E217CFB702861782E122396FE201C17FCE
:10547000150A3CE2E0621442E001DB43EFFBDD92FF
:105480003B68E7FC2C21EFFCD6BAE8CF4E66E8CFAC
:1054900049673BEC3AE2E8874A14710AC2FEC3FE50
:1054A00039E6E0821774760939663C62E201C47F0E
:1054B0003C74E00504ABE8CF4ADCE200CA8101ACF1
:1054C000E200CA0AE00502BC3FE513861200396417
:1054D000E8874F14E201C17F397E039CE200CF814F
:1054E000E00501B277037784EFFADF76E200CC01C2
:1054F0005703E00502A93DE23D623CE73C67E0015D
:10550000D9235784C201E200CA0AC101E201C17F66
:1055100001DFE8876914E0061720E8874994E00373
:1055200017F4E200C9821280E06F3CAEE843524DAE
:10553000728277893E65E201C67F39FC760AE00512
:1055400002F05682E8674FCAE88769A9E810726AD4
:10555000E8796EBA2F89E81057B097EFE6AFCFFF22
:105560002F83E8796FBAEFFCDBDEEFFCDFB8E850A1
:105570004FE2E0501662E00B3E1F1700396FAF2B71
:10558000E400C10AE075175AE87948BAE8105504F2
:105590001680C582770A3EF1C50EE00601FDC7817F
:1055A000E201C7FFE200CF87E007010CE8506FE29D
:1055B000E0501764E050166B1780E1808D9E3E7EB0
:1055C000E12F3FEBE201C7FF01F9E832554DE83228
:1055D00055CCE8506FE31780C55DC5EAE075165AF3
:1055E0003F6F3F7DE00601F1E8796FC5EFFADA25FC
:1055F0001100150AE00114FFE062142CE8686976D6
:10560000E001DA7FE06D175CE07517C43EEE167FAF
:10561000E008AE2DE000C6E4E042A90D3FFD01F92F
:10562000E8674FCAE866695BE200CF81E00A017E65
:10563000E8674F86E201CFFFE00A0178E8204F9843
:10564000E201CFFF0104C781E8206F98E0028FDEFE
:10565000E201CFFF0104C781E002AFDEE000C764D2
:105660003EFE01F51280E8794B3A3AF6E00604C2B4
:105670003AE01180C2AEE075125AE07813FE3FE3C3
:105680003B73E00801EC39E0C1A411003A633AE24F
:10569000E04B133A3FE2E400C786E07514DAE0031A
:1056A000C7A43F998F8F3C62E200CF81E180AA942A
:1056B000E201C47F0188EFFBD1BDE00F3916E04065
:1056C000AC14AA8FC101E200C90A01E51100718979
:1056D0003DE25609E201C5FFE1808F9C758CE20036
:1056E000CF847609E00901931781E8686FF6E075C9
:1056F000165A17893FF2E0433B8F010B3EEFE4005F
:10570000C686E003C6A43E9C8E8DE200CE830107D0
:10571000C7FFE3FFCFFF01EFE0433B82E04B1230D6
:105720003A12528A720D8EC5570C3EFEE00801E80F
:105730003DE2E400C5E4E06E14B23C9B150E3C650E
:105740007587E001DA10560D3FE78B0CE201C7FFC9
:10575000E200CB013A67AFC5E400C264778B55879E
:105760000195E06E148CE06E141A150E3C9B3C14EF
:10577000E001D9F9E06D15DC568B570D3D9415000D
:10578000E008AEABE00AAB4BAD0E3DE7E400C586EA
:10579000E078167E3E1B1580B58CE06D135CE879D1
:1057A0004E3A3B14C601E8796E3A9405EFFADE5A98
:1057B000E005B4069415EFFADE23E06216B83E97D2
:1057C0001601E005B416E006AE2DC28EE07617E6AF
:1057D0003FF5E7FF01AAC101E200C90AE7FE01FAAD
:1057E000E8794A3AE075115A3DE4E400C58E1700A5
:1057F0003D92157F1483E1808F933C6EE200CF8849
:10580000E201C47FE00801CA3FEEE400C786E0037E
:10581000C7A43F928E8FE200CE81E00801BF3E6BAD
:105820003EE4E00800B7E81057B6E84577FBE7F933
:1058300000FBE0031590E0021518E00214AC142000
:10584000EFFADEEC1710E8204963E7FD17E8E88B74
:105850006F75E0011734E84577FD1781E845777BE0
:10586000E0011716E8216FD2E845777CE8206FE366
:10587000E001D843E8206963E8874914E200C904DD
:1058800002B91401EFFBD759E0002179E8664FDA3D
:10589000E00027F5E200C90705B0E84357CDE20371
:1058A000CFF3022EE00115963D6BE00114B4141005
:1058B000EFFADEB4E8214FD2E0002FE6E0031590C6
:1058C000E0021518E00214AC1420EFFADEA7E88C11
:1058D0004F90E7F92FF4E8214FD2E7F92FF0E8795C
:1058E0004FBBE7F92FECE00317B3E84577FBE7F987
:1058F00000E6E000146400CBE200C904058EE84332
:1059000057CDE204CFD7020AE0011596E001153425
:10591000E00114C8142000CD0190E84357CDE20601
:10592000CF9F020EE200CC01058BE0011596E0014D
:105930001548E00114E600EFE200C9030190E843D6
:1059400057CDE207CF83020EE200CC01058BE001C8
:105950001596E0011566E002148400DDE200C9023C
:10596000018DE84357CDE208CFCB0208E001159640
:10597000E0021504E00214A200CE1780E8216FD2E5
:10598000E7FF009A1781E8236FFAE7FF00A2E20918
:10599000CFB0058617BCE84D6FA8E7FA00B3E20365
:1059A000CFF4058617BCE84D6FA7E7FA00ABE2031A
:1059B000CF90E7FA05A7E00017E4E84D6FA6E7FAF5
:1059C00000A1E84D4EA8E7FA2EBBE84D4F27270669
:1059D000E8206ED71103E7FA00B7E84D4926210603
:1059E000E8206F571101E7FA00AF2F841781E820F4
:1059F0006FD7150A1480E7FA00AA1780E82677D334
:105A0000E82677D4E7FA00BC7703EFFADCA6570361
:105A10002413E00F31213F9E8E8F8F9FE200CF81B4
:105A2000058B3FF50309E200CE8105863EF70304AE
:105A3000C181E201C1FFC101E7FA00B913803FE76C
:105A4000E7FA00C6E00F3221E08216F4E200CF054B
:105A50003F9D8C0F8C9F058EEFFBD6B1E000245B41
:105A6000E200C9810111E200C982E00002D117837E
:105A7000008CE200CF03058BEFFBD6A1E000244BA6
:105A8000E200C98101F517853F6F00B4E200CC0147
:105A900005BA5709C77EE02E3F18C702E200CC8145
:105AA00005B4578AC7FEE02F3F99C78215803D6233
:105AB00077037784E001D305E201CC7F5703578455
:105AC000010317823F6FE8874EAA2694E200CE8139
:105AD000E8874E14010FE200CE02018C3EE4E400A0
:105AE000C68EE08210F43E91E0108EADE200CE94BE
:105AF00002943CEF3DE23D623C6EE001D4943FE60F
:105B0000E7FA0082170200CB178200D11782E7FF65
:105B100000BD3FE53F6500EE1784E7FF00B7540A7C
:105B2000E0821174EFFDD35DE00F32A1E8CF4EE6C5
:105B30003F928F0F8D1F3FEDC7FF3F7F0188E2002F
:105B4000C9810185E00214ACE84574FBE200CD1187
:105B5000058DE8214FD22F8AE8794E3BE84557FB67
:105B6000E0002E54C7BCE84577FBE84557FB3C7F77
:105B70000233E8794FBB3FF3E00001C5E81057EA74
:105B800037813A7F053FE0433E8DE6A9CF8A3C6AE4
:105B9000E8CF45E7E866564CE8CF48E5396E768BA6
:105BA0003EEE3FAA1300C101C47FC6FF3BE6E043BF
:105BB0003C08C5017101E0433E8D758C760D708EF9
:105BC000779151013EF20524E200CB000205019AD3
:105BD00055893BFB0597540AEFFADBBF2413150EDA
:105BE00057023FEA3FB53F3AE08314F0E075145A9C
:105BF0003C9F3C1EE001D7B75102C101E201C17FC9
:105C00007102C281E7F90098C794E7FF00AEE20095
:105C1000CE80031C3E6EC601E0433E0C548B3CFD1F
:105C200002053E6EC601E0433E0C578E54913E3F46
:105C30003DE83DFAE201C4FF050BC681C77FE043A2
:105C40003E8DE201C77FE7FF00BE3E6D00E8E20047
:105C5000CD80031F3FE9C781E0433F8F508C38FB65
:105C600002053FE9C781E0433F8F3F9C510D37A1BB
:105C70003F92978F39607790378FC11E778F91123F
:105C80003B92E0263B7FC581E0433D8BC4FF00D2C1
:105C90003FEB00E58C8BE04091FAE00E3919E0080B
:105CA00037223C1CC703B1D83722E040946A3F1C1E
:105CB000C481C681E201C6FFAC8BB40EE7F800EDEB
:105CC0001780E7F800F5E00C0C09E200CC23058B07
:105CD0003C7A0389E200CC9605863CFB0384C781AD
:105CE000E201C7FFC701E201C77FC60EE7F800FB6C
:105CF0003FE5E400C78EE075115A391F89C2778CE1
:105D0000E6ACC9C33FE3E400C786E07510DA3F9113
:105D10003A63E400C264E003C7A48F8FE06E140C02
:105D20003CE2150E3C147789E001D71D94028B727A
:105D3000EFFADB98E00517CF3FA8740B9412778D2C
:105D4000EFFADB5EE0018B82E06D115CE00F39144D
:105D50001700E203CC10AF3FAF4FAF5FAF6FE00073
:105D600002E115013CE33C66EFFAD28A558DE2016F
:105D7000CDB3E00002E015813D633CE73C66EFFAFD
:105D8000DF0CE8674F86E200CF810106E8674F86A7
:105D9000E200CF82018BE00F39148F3F8EDFAF5FBF
:105DA000AEBF8F6F8ECFAF4FAEEFE00739148FE7E6
:105DB0008F4737C13F9E5689AFC7E0012EBC3CE3F9
:105DC0003C65EFFBD393570C3B68E07514DAE06E4B
:105DD0001432150E3C143C9EE001D6C5233B3C63B7
:105DE000EFFBD2423C63EFFBD18A242F1784AFA78D
:105DF0001301E00F39141700E009AF6F3FE0E00135
:105E0000C7C23F953914E052AB4F8F92E201CFFFEA
:105E10000103C781AF92C281E201C2FFE7F800A58A
:105E2000E1F6C450E203CC10E7FF02A21500E7FF41
:105E3000009B560BE00117B23FACE201CFB3E7FF86
:105E400002A21580E7FF009AE200CB0201A8AB276F
:105E50001301E00F3914E001898F3F63C77FE2002F
:105E6000CF0102C88F2FE200CF080144E0018FAFBD
:105E70002785E200CF09E7FF01BE1781E8674C865E
:105E8000E0073914E001AFA73C65EFFADB18E867DB
:105E90004F862FBC2C1F1789E7FF00ABE200CB0316
:105EA000018C3C63EFFBD0E824061782AFF7178123
:105EB000AB277789530900CEE200CB05018E178608
:105EC000AFA7E8674F8627C5E8204F98E200CF9438
:105ED00002C01788E7FF008DE200CB0601ECE867FF
:105EE0004F862786E8204F98E200CF9405F33C6365
:105EF000EFFBD0C2E00F39141707AF2F24051704AA
:105F0000AF7FE7FF00A7170200FCE8674F86E200BB
:105F1000CF810107E8674F86E200CF82E7FE01EB01
:105F2000E00F391424051708AF2FE7FE00E3170927
:105F300000FC5609E200CE0201898FA73CE3E20093
:105F4000CF8A3C650186EFFADC3A1300E7FE00D801
:105F5000EFFBD1CA3B68E7FE00D3E1808F1589448F
:105F6000E200CF01E6ACC94201ADE8794F3A27190A
:105F7000C77FE8796F3A3F62E400C706E07510DA40
:105F800016FF3F11E003C7241603AEC4AE0EE06255
:105F9000162CE8664F5B3E1EC701E8666F5BAE8C51
:105FA000E400C164E06D175C391E9704C181E00113
:105FB000B732E201C1FF9714C20EE001B742E7F623
:105FC00000E1E200CF020192E04B173A3F12168047
:105FD000AE8E3CE23C637784EFFADB33E023175A62
:105FE0003F121685AE8E578400DCE200CF0301D944
:105FF0003F62E400C7063F17B78E00D33BFDE7F7CB
:1060000001E616FFAEC5E7F700E2E200CF85E7F74D
:1060100001E43B62E400C3643A62E06E178CE40082
:10602000C2063B1FE07517DA3A1F3EE4E0621638FD
:10603000578AE0761766E003C6A5E003C2243E1245
:106040008DCF508C3DF101983C6F150E3CE6E87900
:106050004BBA7703C38176057686E001D5845686F0
:106060001582AD8D3FE8AD8415815605E8796BBA90
:10607000E006ADAC5703C78E3FFE01E3E7F700AD86
:1060800088CC38F80182AD4CC681E201C6FFC60E4D
:10609000E200CE8905F6AC8FC701E200CF0AE7F730
:1060A00001AC3B60C338E07612E63FE6E07511DAFA
:1060B000138E3CE33C6F3D67E001D555C18E3AF34A
:1060C0003FE8C78E01F7E001150CE00114FFE07511
:1060D000145AE001D5163DE6E001C58C13803AE77D
:1060E000177D118E75898EC6E201CEFF011AE4007C
:1060F000C6863E92E003C6A48E8DE00C3EDEE00133
:106100002E0F3C65E400C40E3D633CE63C12770371
:10611000E001D5293FE5C7813AEFE201C2FF57030D
:106120005609C30E3E7601E0E832574CE83256CDB0
:10613000770BE075135AE02211A6E0011596E000F6
:10614000154B768917008946E200C90902AF3FE284
:10615000E400C786E07510DA3F91E003C7A48E0F14
:106160003FE2E400C79293869296E0002E6CE00D29
:10617000399FE02214B23C9FB38DB29DB609E02254
:1061800016343F9C1620B60FB2BDB3ADE400C11269
:106190009686391397A29616E00F3EAFB7C297B214
:1061A000B6A2E00F3E2FB632B7D2C30EE07610E6AD
:1061B00038F601CAE879493AE87949BBE07512DA5C
:1061C000E00129762183E879694115141480E021E2
:1061D0001456E001D49615141480E021146AE001ED
:1061E000D4903A60C238E001150CE00114FF3C6421
:1061F000E001D48714803DE43D623C69EFFAD85356
:106200003DE4150A3CE2EFFAD84E3FE8E07513DAB8
:10621000170E3E60C6381680E00100F5E200CE8120
:10622000E7FF0180E0083A17E400C40EC3813D6334
:106230003CE63C12E201C3FF7703E001D494E7FEA1
:1062400000F0E200CE02E7FF01A33F93E0018ECF12
:10625000962FC681E001AECFE0043BAC96BFE04193
:106260003C24E0043AADE0413CA4E0043C19E001E8
:106270008CFFE201CC800120949F978FE0093AA91E
:10628000E00F3BAFE0413FAFE0413C293F98E02FBA
:106290003F9B2F87E0293C9A2C84E201CA16050C0B
:1062A0003FE2E400C79214803F93E001ACDFE7FFD8
:1062B0001480E001ACFF3FE2E400C7923F93E001AD
:1062C0008CFFE201CC80E00001C67703778476057D
:1062D000768675877508EFFAD87FE200CC011484C2
:1062E0001408E0693AA83A79578457035605568648
:1062F00055875508E0018CEF0310E201CCFF010443
:10630000C481E001ACEF3FE2E400C7923F93E001BB
:106310008CDF248CC4FF008834C1E200CA19E0017C
:10632000ACEF057214A8E001ACDF3FE2E400C792D5
:106330003F93E0018CEFE200CC8A058C1480E000F2
:1063400010C0B38FB29FE001ACDFE001ACEFE00121
:10635000A8FFE06217B83F92E0058F8FE7FE27980D
:106360003FE2E400C792E009399F94C9E400C48386
:10637000E200CC800302C4833F9397DF3482E400C1
:10638000C7833E19E200CF800302C78337823E9F56
:106390005489578BE02C3E6EE02D3EEEE12C3E59A9
:1063A000E12D3EDFE0060E1DE7FD00F2298C3FE304
:1063B00016FF3F6FE002C71CC78E3F15E201CF8C6E
:1063C000AE8E01F8E07517DA1700008EE04096FFF8
:1063D000C70136A4E040B6FFE201C77FE04096EF78
:1063E00036A4E040B6EF397EC78E01F1E7FD00FB31
:1063F000C60E8D47E0418DAC3D7B0115C681E201A3
:10640000C6FF3EFF01F63C6FE400C40E3D6E3CE764
:106410003C1477037784E001D3A657845703C781E0
:10642000E201C7FFC38E3B77E7FD01F53CE0E001E9
:10643000150CC4B8E0771472E001D395E002298509
:10644000E001150CE07514DAE0771472E001D38BEB
:1064500015143CE3E0221412E001D35315143CE37D
:10646000E021147EE001D34DE07517DAE011974F7B
:106470003744B70FE011975F3744B71F3F6FE00213
:10648000C71C8F0EAF4F3F6FE002C71D8F0EAF5F6F
:106490003F6FE002C71E8F0EAF6F3F6FE002C71F56
:1064A0008F0EAF7F3F6FE002C7208F0EC78EE04098
:1064B000AF6F3BFF01DCE8794FBAE8794F3BE00270
:1064C0002FF6E8796FC327061701E8796F3FE8795F
:1064D0006FC2E001150CE07514DAE0761466E00195
:1064E000D342E075115A9402C10EEFFAD7BBE00710
:1064F000B472E0409462EFFAD783E008B4023BF252
:1065000001F3E879494CE200C90101AFEFFAD0315B
:106510001780E8794E3AE8236FEF261917803EEF8F
:106520003F6F508AE0018D81E200CD890285C781ED
:10653000E201C7FF3EE2548AC701E201C77FC48E71
:106540003E7E748A01EF2683E8236FEFE8234FEF46
:106550002784178AE8236FEEE8234FEE2784C7FFCE
:10656000E8236FEEEFFAD189E87949BAE200C981F0
:106570003EE30287E8794FBBE200CF81E00205A04D
:106580001781E8236FE6E8674FCAE0022FA5E811FC
:1065900077F4E8236FE53CE32986150AE06A142EB8
:1065A000E001D2AFE8674FCA2F88E8664FDAE20011
:1065B000CF810183EFFBD97FEFFBDAC8E8874FA9D2
:1065C000E866495BE8876FAAE8794FBAE827573150
:1065D0003F92E8254D4FE8796FBB1780E827773267
:1065E000E8244F3EE8796FBEE8676D252710E82064
:1065F0004D99E8246FBE17FFE8676D9FE8206F99FB
:10660000E8674F9FE0022FF7EFFBD250E8674FCAD1
:10661000E200CF810188E8115774E200CF7805834A
:10662000E8676F9FE8674F9FE200CF81E0050113A5
:10663000E00204EBE200CF83E00601021781E86785
:106640006F9FE0030083E8794F41E7FE2F0FE021C1
:10665000166A3EEEE02115D6E0221512E02114FE66
:106660003FEEE002C79C3F958F8FE200CF890297F3
:106670003C6FE400C4063C15E003C4248C08E2002F
:10668000CC01018D37A1E0083E1FB688E0083D9F90
:10669000B688E0083D1F3F99B688B68FC70EE20165
:1066A000CF0C01DFE400C10EE8465603E8794EBA8C
:1066B000E075175A3F12E07512DA3FE5760C768DD9
:1066C000770E570E3F75E7FD01518E4511003F6271
:1066D000E400C70E3EEEE002C69C3E9F8B0D3B7C65
:1066E000E0070159C101E200C90A01F2E7FD00BE5D
:1066F000E0021480E00700F9B48BE0080083E201B7
:10670000CC9CE008059FE001149CE00800A6E00195
:106710001480E00800A2E200CD40018414A0E0084B
:1067200000BFE201CD00E00801BCE0018F5E2F1246
:10673000E5FFC476E400C483E1FFC41C34C2E20177
:10674000C47EE00017503C79048AE1293CEEE00861
:1067500000A8E0001764E001147F00F63CE8E008C0
:1067600000A0E200CD82028FE0011500E00110C020
:10677000E06A39A1E023175AC5FF3B1EAD863DEA0A
:10678000E00800A5E000156000F6E202CC80E00819
:1067900005A0E0021480E008009FE00E3EAEE00895
:1067A00000B0E00E3E2EE00800C11781E8796FC30B
:1067B000E7FD2F11E8796FBEE7FD008DE8234FE676
:1067C000E200CF81E7FD01E1E7FD29DFE82369E68B
:1067D000E7FD00DBE8234F65E8794E3B2715E8111C
:1067E00057F62F8817801700E8236F651700E00021
:1067F00000D7E200CE8102F7E8234FE427A31780F9
:10680000E8236FE400F0E200CE81E8236F6401A08A
:10681000E83B52333FE4E1FFC7AFE204CFAE02E30F
:10682000E83B51343FE2E1FFC7AFE20BCF9E02DB12
:10683000E200CF0402D8E00017FA37213F1F978EFD
:106840003F82E00701F8E200CF04014D00E2396E1B
:106850003A6E1701E02F3E8E278226111780E8231B
:106860004F66E200CF01E7FD0118E7FD2796E867D4
:106870006FCD1781E8796FC0E7FD008FE8236F6562
:10688000E8327270E832716EE003179AE81177F619
:1068900000E61704E8236F65E0011748E8117776F2
:1068A00000DF140FE8327271E832716FEFF9DE4BDE
:1068B000E7FF241A00D4396F3A6F1781E02F3E8F1B
:1068C00027CE2E4DE81157F6E8327271E202CFE87A
:1068D000E832716FE7FF0288140FEFF9DE34E7FF4B
:1068E00024031783E8327270E832716EE8236FE593
:1068F00000CCE8674F9FE200CF81E7FD0189EFFB05
:10690000D0E9E7FD0085E8794FBA2F8BE8654FC6DF
:10691000E200CF8101062905E8674FAAE00127FBC5
:106920001600E8127635E8674F80E6AFCFFF278D77
:10693000E8674FCAE200CF810188E8244FBFE20038
:10694000CF810183EFFBD0C6E81057B097EFE6AFD9
:10695000CFFFE0042F89E8674F9FE200CF8101035A
:10696000EFFED0DDE810573097EEE6AFCFFFE00442
:106970002F83E8674903E00711E8E8674F83E022C7
:1069800039B2E02339BFC17FE201C17FE201C1FF1B
:10699000E8674A1FE200CA01019AE8254FCE2F9707
:1069A00097EE3C64E6AFCFFFE00327EAEFFED13F6E
:1069B000E8824F6CE02417FEE400C7143F9EB20F3C
:1069C000E8664C5AEFFBD25BEFFED17AE8254FCE5A
:1069D0002F8AE81057B097EFE6AFCFFF2F843C62C5
:1069E000EFFEDEFDE8674F9FE200CF810105E8245E
:1069F0004FBEE00027F0E8254FCE3FF2E00001DA7D
:106A0000E86757EF1101E707CF92E86777EFEFFEEE
:106A1000D124EFFED155E81057B097EFE6AFCFFF86
:106A20002F843C62EFFED103E810573097EEE6AFBB
:106A3000CFFF396F2FBEE002978E1201E70ECF9481
:106A4000E002B78E1602E002978EE0001464E70FB2
:106A5000CF94E002B78EE7F81780E00196EFE706E3
:106A6000CEACE001B6EFE00196EFE708CEACE00176
:106A7000B6EFE002978EE704CF92E002B78EEFFD0B
:106A8000D0BEEFFBD2DDE81057B03CE4E001976FD9
:106A90003C64E704CF14E001B76FD4C3EFFBD2AF7F
:106AA000E81057B0E001976FE704CF12E001B76F2D
:106AB000E8254FCEE8266FCAC781E201C7FF3FF342
:106AC000E8256FCE0384E8244FBE27841780E8258D
:106AD0006FCEE81157F5E83A57623FFEE00205DD58
:106AE000E83A57623FAEE81177F5E83A5762E811A5
:106AF00057F63FFEE00205D4E83A57623FAEE81190
:106B000077F6EFFBDA59E86748A1E82668DBE7E5A6
:106B100000DBE8674F80E6AFCFFFE7FE2797E8127C
:106B200057B5E00716E8E8674F01E12F3FBD3FFE8C
:106B3000038BE8674FCAE7FE2789E81257B5E207DB
:106B4000CFE7E7FE0583E8794FCCE7FD2FFFE7FDB0
:106B500000FBE8794FBA2F93E84357CDE202CFAC60
:106B6000028EE8674F80278BE8654FC6E200CF8131
:106B700001062905E8674FAAE00027DEE8674FCA4B
:106B80002784E8244FBF2F83EFFADF90EFFED06514
:106B9000EFFED096E81057B097EFE6AFCFFF2F8407
:106BA0001401EFFED044E81057B0976FE6AFCF7EE8
:106BB000396EE7FD2F4BE002970F1181E70ECF13DF
:106BC000E002B70F1602E002970FE0001464E70F2F
:106BD000CF13E002B70FE7F81700E00196EEE706E3
:106BE000CEACE001B6EEE00196EEE708CEACE001F7
:106BF000B6EEE002970FE704CF12E002B70FEFFC0A
:106C0000DFFEEFFBD21DE81057B03CE3E001976FC9
:106C10003C63E704CF13E001B76FD403EFFBD1EF80
:106C2000E81057B0E001976FE704CF12E001B76FAB
:106C3000E7FD008CE824693FE7FD00881780E83213
:106C400077F71401E00117C8E83277F6E83252729C
:106C5000EFFDDFEDE810572EE00297AEE6AACFFF7A
:106C600027FCE81057AF1100972F1481E704CF12CB
:106C7000B72F3C69972FE7E61280E70ECF12B72FA8
:106C80001181E8E06961D3CDE81057B03C62E002C1
:106C9000970FE70ECF12E002B70FE002970FE70F52
:106CA000CF12E002B70FE7F81700E00196EEE70613
:106CB000CEA2E001B6EEE00196EEE708CEA2E0013A
:106CC000B6EEE002970FE704CF12E002B70FEFFC39
:106CD000DFCEE81057AF1401972FE708CF12B72F78
:106CE000972FE709CF12B72FEFFDD342E00016DA56
:106CF000B6E514813C62E8327172E8127134EFFA41
:106D0000DE22E0011725B765E00114169785E70636
:106D1000CF93B785E81057AFE8327272972FE70824
:106D2000CF13B72F972FE709CF13B72FEFFCDF67EC
:106D30003C63EFFCDF9CE01B17ACE86769A1E8321D
:106D400077F61787E8D96FB7E8D96FB8E832717767
:106D5000E82669DBEFFADEAAEFFDDF7FEFFDDFB0AB
:106D6000E7FB00F4EFFDDE46E7FB2C7EEFFDDECB1C
:106D7000E7FB00FA11BC113BE7FC008CEFFDDF578D
:106D80001782E8826FECE8666FDAE8664C5AEFFB30
:106D9000D076E7FC009D1780E7FD00A71780E7FD90
:106DA00000B01401EFFDDF43E8674F9EE200CF81A2
:106DB000E7DD01D5E810572EE00296AEE707CE9F3B
:106DC000E002B6AEE7DD00CBE8654FF6E7DD00EBAD
:106DD0001482E8656CF9E7DD00F2E200CF84E7DEBB
:106DE00001A8168117801401E8656EF4E83277F780
:106DF000E83271F6EFFED36317871401E8D96FB755
:106E0000E8D96FB8EFFED99AEFFBD0EE1702E8652C
:106E10006F74E7DE008EE86757EF1701E707CF9E34
:106E2000E86777EFEFFDDF19E7DE00A91281E7DF02
:106E300000CCE201CA810193E84B4F60E84B4FF66A
:106E40003FFE038B3FEE1280E84C4F0C3F7F1782D2
:106E5000E06F3CA5E7DF00BF128100F7E200CA82C5
:106E6000E7DF05BA1280E7DF00B7E0B91514E7E104
:106E700000C3E8654FF6E7E100E217811401E8235B
:106E80006FF4EFFDDED4E8674DA1E8266DDBE7DCAB
:106E900000E696053F1F39EC76099615E01196CE6F
:106EA000760B39ADE011965E520B508C3A2CE041D6
:106EB00039A3E0413A24E00E39943F71E7F8039A90
:106EC000558CE0083748E0093728150077037784A8
:106ED00076057686E000DDF310905703578456055B
:106EE0005686E1293CE1E00A3321E02115D63D9A9E
:106EF000958B3F7BE02115EA3D9AE7F703FF948BE2
:106F0000E00B3321E02115563D9AB70BE0021580C6
:106F1000570DE1293CDBE200CF05058234C28DF537
:106F2000E0018F05C5FEE200CD8DE7F702EAC77EDE
:106F3000E200CF1BE7F702E5E201CC80E7F702E9C8
:106F4000570DE200CF010188E200CCED028534A1AB
:106F50001720E1293CEEE8674F05E200CF0101A0D0
:106F60007784760576867488EFFAD236E200CC0113
:106F7000578456055686548805933D66E400C5122D
:106F8000E02217263F1AE0018D7E1584E200CD2015
:106F90003DA8E6AACD8BE7F701C014903C9B3DE6E7
:106FA000E400C5E4E06D175C3F1BE0098F6EE7F776
:106FB000276EE023175A3F168D8EE7F725E8E2018A
:106FC000CDFFE7F701D01500AD0EE1293CDB151030
:106FD000E1293CEAE08A39D9E00E318FE0AA3F0985
:106FE000E00E35C8352815FC3F4A3F5B5589E40063
:106FF000C10E3DFDE00B3F92E7F705D13F1DE011CB
:10700000B74BE08A3A59E00E320FE0AA3F09E00E92
:1070100035C8E00D35283F4D16FC3F5D568B391FB6
:107020003EFCE7F705C03F1CC28EE011B752E7F601
:1070300000CAE200CF02E7F80140028CE200CF0173
:10704000E7F701D21702E8236F65E003171AE7F8A4
:1070500000A7E200CF03E7F8011EE200CF04E7F744
:1070600001C317A4E7F700C1E02014641480E0E036
:1070700015683D28E000DD45E000140024023C01D5
:1070800014001480EFFEDCED3A8000003A8008B472
:10709000E00E3421E400C43CE08911543918E020AA
:1070A000178A3F9E91A2920F34AC1403E684C9C3A1
:1070B00039C9C202EFFDDEF23CE33C64D1D4B1A297
:1070C0000A6108B4E00E3421E400C43CE0891154A4
:1070D0003918E020178A3F9E91E2920FE7FE178051
:1070E000C48139DF140339C9C206EFFDDED73CE3A2
:1070F0003C64D1B9B1E20A6108B4E020178AE00E1D
:1071000034213F9E920F352A39E81403E0023D19DD
:10711000C210EFFDDEC33CE23C64D1A5E400C1BC7B
:10712000E08917D4399FE002B1030A6108B4E02076
:10713000178AE00E34213F9E920F352A39E8140356
:10714000E0023D19C21AEFFDDEA93CE23C64D18B9E
:10715000E400C1BCE08917D4399FE003B1230A6180
:10716000E400C43CE08917D43C1FE0029788E00E9D
:1071700037CAAF0AE686CFEFB789E00397A8E00EDB
:1071800037CAAF1AE686CFEFB799388208B7E02042
:10719000178AE00E34213F9E920F396814033B6A30
:1071A0003AEB3BE9EFFDDE7A3C643CE7C40BD1F9F6
:1071B0003FE2E400C7BCE08911D4399F3FE2E4001C
:1071C000C78CE08B1144391FE001B3B33C643CE64B
:1071D000C40CB3B2D1E63C64E001B3433CE5C40D5A
:1071E000B342D1DFE001B2D3B2D20BE108B6E02066
:1071F000178AE00E34213F9E3B6939683CEB143B13
:1072000039EB3A6A928FD12F1403E84371F3E4000B
:10721000C13CEFFDDE43E08917D4391F91A2E7EFAF
:1072200017FF3FD3E003332B39CF3C65C4023CE367
:10723000D11AB1A2E7FE157F91823C653D53E00370
:10724000322739CA3CE3D10FB1820B6108B4E00E9A
:107250003421E400C43CE08911543918E020178A35
:107260003F9E9182920FE77F17FF39DF34AE140300
:1072700039C9EFFDDE133CE33C64D0F5B1820A610D
:1072800008B239683CE81439D0EEE84371710961FD
:1072900008B4E00E3421E400C43CE08911543918EC
:1072A000E020178A3F9E9192920FE78F17FF39DFF8
:1072B00034AB140339C9C201EFFDDDF03CE33C649B
:1072C000D0D2B1920A619708E7FE1783E200CC831F
:1072D00035253FDE3D4F0184CD0CB5083882E200F4
:1072E000CC8401FCCD1000FA08B4E00E3421E40097
:1072F000C43CE08911543918E020178A3F9EE00110
:107300009192920F34AE1403E682C9A339C9C2091F
:10731000EFFDDDC43CE33C64D0A6E001B1920A611C
:1073200008B4E00E3421E400C43CE08911D439985B
:10733000E020178A3F9EE0019113E68ECCA9920FC0
:10734000E68ECD4AE78717FF3D49395F1403394A76
:10735000C209EFFDDDA33CE23C64D085E001B1133E
:107360000A6108B4E00E3421E400C43CE089115401
:107370003918E020178A3F9EE00191A2920FE79F03
:1073800017FF39DFE68ECCA9140339C9C20AEFFD15
:10739000DD853CE33C64D067E001B1A20A6108B43A
:1073A000E00E3421E400C43CE08911543918E02097
:1073B000178A3F9EE00191A2920FE7E717FF39DF9E
:1073C000E68ECCC9140339C9C20AEFFDDD673CE380
:1073D0003C64D049E001B1A20A6108B5E020178AF7
:1073E000E00E34213F9E39E8928F3FE3E400C7BCB2
:1073F000E08912543A1F9154E7FF17BF395F34A652
:1074000014033949C285EFFDDD493CE23C65D0C932
:10741000E400C18CE08B17C4399FB154B1230AE159
:1074200008B215823968150A1409D0CF1582150CD7
:107430003CE214090921E00100C9E81057AE1681A9
:10744000E005970F3422E708CF2DE005B70F16832C
:10745000E005970FE1C0C400E708CF2D9408E005D0
:10746000B70F3882E81057AE1681E005970F342227
:10747000E708CF2DE005B70FE1C0C400B48816833C
:10748000E005970FE708CF2DE005B70F3882E81029
:1074900057AE1681E005970F3422353DE708CF2D12
:1074A000E1C0C4003D19E005B70F3CFA0189E005D1
:1074B000970F1683E708CF2DE005B70F3882E180DC
:1074C0009728E180B71900F2E81057AE1681E00561
:1074D000970F3422353DE708CF2DE1C0C4003D1998
:1074E000E005B70F3CFA0189E005970F1683E7081E
:1074F000CF2DE005B70F3882E1809719E180B728DA
:1075000000F2E81057AE1682E005970F343DE70809
:10751000CF2DE005B70FE1C0C400B4881683E005A5
:10752000970FE708CF2DE005B70F3882E81057AE68
:107530001682E005970F343D3521E708CF2DE1C0D5
:10754000C4003D19E005B70F3CFA0189E005970F2B
:107550001683E708CF2DE005B70F3882E180972822
:10756000E180B71900F2E81057AE1682E005970FD8
:10757000343D3521E708CF2DE1C0C4003D19E005B9
:10758000B70F3CFA0189E005970F1683E708CF2D66
:10759000E005B70F3882E1809719E180B72800F243
:1075A000E81057AE1683E005970F3422E708CF2D79
:1075B000E005B70FE1C0C400B488E005970FE70805
:1075C000CF2DE005B70F388208B4C07E39EB748147
:1075D00039683A6ADF33E200C98F5481028E17811D
:1075E00037B3C7FF37B4E3083C5F17FFE00B37B38F
:1075F000E3093CDB34B43CC83C62C0020A21E7FE2C
:1076000000B3E810572F168197AEE6A9CC18E70D06
:10761000CF9DB7AEE6A9CC99E810578AE009B6EF3E
:10762000E008B6AFE001968FE728CE88E001B68F7C
:10763000E001968FE720CE89E001B68F1680E00941
:10764000B52F97AEE70DCF9DB7AE3882E810572F14
:10765000168197AEE68ACC28E70DCF9DB7AEE6AA95
:10766000CCA9E810578A3C98E00AB68FE00FB68F95
:107670001680E00DB4CFE00DB4EFE00EB48FE0095A
:10768000B54F97AEE70DCF9DB7AE3882E8824F6D0C
:10769000E810578A271E1700E003B74FE003B46FC6
:1076A0001701E004B70FE003968FE6AFCEFD2696F4
:1076B0001700E8826F6D1681E003972FE003972F84
:1076C000E700CF1DE003B72F1700E004B70F3882A3
:1076D000E003B44FE003B76F00E4E00896CF26E480
:1076E000E009B70F00E108B2E81057AF1681972FF5
:1076F0003968E70DCF1DB72F9738E810578AB72F95
:107700009748B74F9758B76F8F088E9837283F1D07
:10771000E001B72F9728E002B72F8EA8970FE70058
:10772000CF5DB70F94682407E200CC020593E20016
:10773000CC04011ADFACE810578A1680E00497CF1A
:10774000E001B782E81057AF972FE70DCF1DB72F95
:107750000961970F16DF3F5DB70F8F32968F372580
:107760003F4DB70F00E88EB2970FE70BCF1D00FA21
:1077700008B1E81057AF1681972FE70DCF1DB72F2F
:10778000E810578A9738B72F9758B76F8F088E9899
:1077900037283F1DE001B72F9728E002B72F8EA8AA
:1077A000970F1410E700CF5DB70FE001B4CFDF6F84
:1077B000E81057AF1680972FE70DCF1DB72F08E1C0
:1077C00008B3E81057AF1681972F1180E70DCF1D32
:1077D000B72F3969E810578A9728B72F9748B74FBE
:1077E0009738B76F8F188E8837283F1DE001B72F65
:1077F0008F28E002B70F9758E002B1AFE001B74F12
:107800009768E001B76F9778E002B74FE0019708FB
:10781000E002B76F8EB8970FE0021400E707CF1DA4
:10782000B70FDF35E810578AE005970F3746AF02EC
:10783000E005970FE6AACF2EAF12E005972FB712FB
:10784000E005974FB722E006972FB732E006974F33
:10785000B742E005976FE006978FB752B7E2E8109E
:1078600057AF972FE70DCF13B72F09E108B2E810F4
:1078700057AF1681912F972FE6A2C972E70DCF1D42
:10788000B72FE810578A9718B72F9728B74F973810
:10789000B76F8F088E9837283F1DE001B72F17006C
:1078A000E002B72FE0001440970FE70ECF19B70F93
:1078B000DEEEE81057AF972FE70DCF12B72F096113
:1078C00008B48F88396889989438E0011572E0010E
:1078D00014FF3421E12339EFE000D913E81057AF4A
:1078E0001481972F168BE70DCF19B72F3C62E81044
:1078F000578AE402C181E001920FE001970FE72867
:10790000CF0DE001B70FE001970FE720CF0DE001A9
:10791000B70FDFADE810578A9732E001B20FE008E9
:107920001400B72FE001B1AFDEB2E810560A17809D
:107930009732E200CF833EEF3F1FE201C6FF3721BF
:107940000295E007968CE00B37A236DBC781E6ACE8
:10795000CECDE200CF8BB68E01ECE81057AF16808B
:10796000972FE70DCF1DB72F0A61E200CE87028463
:10797000E00796AC00E9E00796CC00E608B2E81014
:1079800057AF1681972FE70DCF1DB72F9738E81007
:10799000578AB72F9748B74F9758B76F8F088E9869
:1079A00037283F1DE001B72F9728E002B72F8F3807
:1079B0002F1F968F34A8E707CE9E3D49B68FE00172
:1079C000B54F1100970F1408E708CF12B70FE00268
:1079D000970FE001CF03E002B70FE001B16FDE5770
:1079E000E81057AF972FE70DCF12B72F0961E200CC
:1079F000CF0101E8968FE707CE9EB68FE001B4CFA6
:107A0000E0018EF8970FE706CF1DB70F00DB08B136
:107A1000E81057AF1681972FE70DCF1DB72FE8104D
:107A2000578A9738B72F9748B74F9758B76F8F082F
:107A30008E9837283F1DE001B72F9728E002B72F17
:107A4000970FE707CF19B70F970FE0018EF8E706FA
:107A5000CF1DB70FE0018EE8970FE709CF1DB70FD5
:107A60008EB8970FE0201400E705CF1DB70FDE0F8B
:107A7000E81057AF1680972FE70DCF1DB72F08E1FD
:107A800008B1E81057AF1681972FE70DCF1DB72F1C
:107A9000E810578A9738B72F9758B76F8F088E9886
:107AA00037283F1DE001B72F9728E002B72F970F27
:107AB000E0018EF8E706CF1DB70FE0018EE8970FC3
:107AC000E709CF1DB70F8EB8970FE705CF1DB70F8A
:107AD0009468DDDDE81057AF1680972FE70DCF1DB6
:107AE000B72F08E1E810572F1581962E97AE150095
:107AF000E70DCF9BB7AEE6A2CE7CE810578AE00C2C
:107B000096AFE701CE99E00CB6AFE00C96AFE70375
:107B1000CE9AE00CB6AF96E8E00CB6CF96F8E00C43
:107B2000B6EFE0019688E00DB68FE0019698E00D83
:107B3000B6AF8EE88D7836A83E9AE00EB6AFE0017B
:107B40008E88E0018D1836A83E9AE00EB6CFE0018F
:107B50008EA8E0018D3836A8E00194283E9AE00E08
:107B6000B6EFE002B42FE00C96AFE700CE9BE00C3E
:107B7000B6AFE00CB58FE003968FE6AECEFD269053
:107B8000E00396AF1581E701CE9BE003B6AF168008
:107B9000E00CB68F97AEE70DCF9CB7AE3882E00F02
:107BA00096AF26EAE00F96EFCE81E00FB6EF00E445
:107BB000E81057B0974FE6A3CF7EE0613E82E7EF33
:107BC000167F3EDCE0613E92968FE6A3CEFD2686D0
:107BD00096AF1601E70CCE9CB6AF96CFE70CCE9EC3
:107BE000B6CFE0613F82E010CF80E0613F92388203
:107BF000E81057B01700E002B72FE004B74F8EA887
:107C0000E002972FE700CF5DE002B72F8EB8E002C9
:107C1000972FE705CF1DE002B72F8EC8E002972F00
:107C2000E706CF2DE002B72F9688E004976FE700B4
:107C3000CF3DE004B76F9708E200CF01011A970823
:107C4000E200CF0105968ED8E002972FE708CF5DBE
:107C5000E002B72F8EE8E002972FE70DCF1DE0027C
:107C6000B72F8EF8E002972FE70ECF2DE002B72F47
:107C70003882E81057B01681E002974FE701CF1D18
:107C8000E002B74F388208B2E8824F6CE0D917CCD7
:107C9000E400C70A39693F9E3CE88C4FDAD8E81007
:107CA00057B0E008970FE700CF12E008B70F09615F
:107CB00008B3E88249EFE8824FEF27AC1780E882EB
:107CC0006FEE1100E81057AF143C972FE70CCF125E
:107CD000B72FEFFCD794E81057AE1681E001972F2D
:107CE000140AE702CF1DE001B72FE001972FE7024A
:107CF000CF12E001B72FE81057AF972FE70CCF1D39
:107D0000B72FEFFCD77CE882696FE8206962E888CA
:107D100069113C6309E1E81057B01700E00196EFE4
:107D20001601E70FCE9EE001B6EFE00196EFE709FE
:107D3000CE9EE001B6EFE00196EFE701CE9CE001B8
:107D4000B6EFE00496EFE704CEEEE004B6EF38823B
:107D5000E81057B01701E00196EFE70FCE9EE00163
:107D6000B6EFE00196EFE709CE9EE001B6EFE00145
:107D700096EFE701CE9EE001B6EFE00496EFE70450
:107D8000CEEEE004B6EF3882E81057AF170196AF99
:107D9000E704CE9EB6AF96AFE70ECE9EB6AFE81024
:107DA000568B966DE702CE1EB66D1700E8E06F6247
:107DB000170096AFE704CE9EB6AF96AFE70ECE9E05
:107DC000B6AFE8E06F613882C07E1780E810570BCD
:107DD0007781168197EEE708CF9DB7EE97EEE6AE76
:107DE000CFFF2F8B578116813E9FE24ECF90768139
:107DF00005F61781E8E06FE2C0023882C07E178086
:107E00007781E810578B976FE6AACF7E2F08976F80
:107E1000E6ABCF7E270F1701E8E06F621681976F00
:107E2000E707CF1DB76F976FE708CF1DB76FC00289
:107E30003882570116813E9EE24ECF10768105E4CE
:107E400000EB08B51183396812001280E8E06A621D
:107E5000DFBCE810578BB14FB2AFDFD1E8E04FE2A3
:107E60002789C1FFE201C1FF29F23C62E201C47F20
:107E70000AE1E810578B912F00F908B5110339E892
:107E80003A691280E8E06AE2DFA0E810578BB1CFD0
:107E9000B20FDFB5E8E04FE22785C17FE201C17F85
:107EA00029720AE108B11781E8E06FE11681E81054
:107EB00057AF972FE704CF1DB72F972FE70ECF1D92
:107EC000B72FDFC0E81057AF170096AFE704CE9E7C
:107ED000B6AF96AFE70ECE9EB6AFE8E06F6108E1B1
:107EE00008B11781E8E06FE11681E81057AF972FCE
:107EF000E704CF1DB72F972FE70ECF1DB72FDFBE9B
:107F0000E81057AF170096AFE704CE9EB6AF96AF16
:107F1000E70ECE9EB6AFE8E06F6108E108B2C05C44
:107F200039683C6015241480C402D5EA291BE8CFC7
:107F30004FE5E86C55616F833C60E8CF4FE4E86C37
:107F400054E16F82E095179437C17784E201C57FD1
:107F5000E86657CBE201C4FF37C1C4027785778654
:107F6000DD0EC024096108B7C0743BEAE400C38A8F
:107F7000E0D917CCE00E3F973A693CE0C48C110081
:107F80003AEA3B683D608C4EE1C0B119C508778183
:107F900071047105D8E6E86C57503C657703EFFC37
:107FA000D37539E8EFFDD68CE8254F50E200CF01BC
:107FB0000103E8256950E009150014803C66D5A04E
:107FC000E009150021B614803C64D59AE0A7179407
:107FD0007782E81057B097EFE867576FE6A5CFFFB5
:107FE000E706CF1FE867776FEFFDD504247EEFFD2E
:107FF000D4BB3FE6C7FE1100E09E16945703397EBE
:10800000019F21A81401EFFDD61257823F64312150
:10801000C77E391F3FF2E00001C53CE53C66EFFD3D
:10802000D47E3C643CE5EFFDD47A1401C00C0BE136
:108030003CE33C64D565E09E1714770200CBE00E6C
:1080400031213F1D960EE080971FC1013F1CB70FE5
:1080500000D61781E84B6FD8E0D917CC3F978C4FEB
:108060004D083CE37781D84957814D098C4F3CE35B
:10807000D85EEFFDD625EFFDD4BD247EEFFDD47490
:108080001780E84B6FD8E0D917CC3B9F4D088C4741
:108090005485D8334D098C475486D849E7FF00B73B
:1080A000E180961FE080969E3E9CB68EE7FF00B46E
:1080B000E86654CBE09515143C69E785009B08B74A
:1080C000E8874A943B68E001147FE08210F43E6840
:1080D00016801181120211033AFD01820BE13EFA72
:1080E00001288F818F11E00F3B2FE0413FAFE2016C
:1080F000C7FFE00E3CAEE0413F2EE12739AFE20181
:10810000C77F2384E12739AE2B9BE1273A2F2384B5
:10811000E1273A2E2B932589E12F392F2786397EA7
:108120003FE2E06F3CAC3E6FE1283E58E201C47F85
:10813000C681E201C6FFC08200D0160200F614011B
:1081400000CE3D7802913F69C77F3F2A3C7EE00F19
:108150003C2AE201C7FF020EE0083529E002C40014
:108160003448AF8B3882C4013C1AE201C47F1780C7
:1081700000F9E0083D283C19E201C47F00F308B68D
:10818000E8CF4FE53B69E0A63F88E08C17943321A8
:108190003F96E88B4F75918F39AEE200C980E000C1
:1081A0000562E84151383AE897F23A693FF302062E
:1081B000E0018FA2C781E001AFA216818F02E00E1D
:1081C0003C2EE0413F2EE201C77FE12E3F1D2F0BE9
:1081D0008F92E00F3CAFE0413FAFE201C7FFE12FDC
:1081E0003F9D27948FC28D22E200CF8205BC8FD2A3
:1081F000E200CF8205B81581DF633FE8C7FEE201E8
:10820000C7FFE200CF8102B131813DE2C592979B69
:10821000E00197123F93E00C318FE02E3F7CE001AC
:10822000B712B79BE8204FEB2789E87057B33F960A
:10823000928FE87057B23B1F92063EE2C696979D1A
:10824000E0019732E08E3985E001B732B79D3EE21A
:10825000C69AE0019752979DE08E3984E001B752AB
:10826000B79D0B61158000C9E200CC011780E06F5B
:1082700039A339EF00CB08B7C07EE84151383F62DF
:10828000C712E0019792969E3FCD2F85E001B792ED
:108290001781B79EE8204AEB2A9B3D62C516961AC5
:1082A000E00197323DE2C59A969BE00197D2E00942
:1082B000364A37263F49E001B7323626E00E36CA45
:1082C00037A6B61A3FCE36A6E001B7D2B69BE0017C
:1082D00091A2E0019312E0019432E00194C23DE3E7
:1082E0003D66D3B33A69E0019452E00194E23DE384
:1082F0003D66D3AB8FB2E08211F4E400C78EE00E8E
:10830000399FE00022F71680E0243A6DE0293CED29
:10831000E007B26E3F93E007B4FEE0018F22E20077
:10832000CF20E00002EDE010AF2F13018C22EFFB15
:10833000DF58E84152B8E0263C668D95E00025E321
:10834000E8CF4FE73F6FC77F3DFEE000015CE200F2
:10835000CD81E000015BC7FEE02B3D8F35A28F058C
:108360002708E8CF4FE63EEFC6FF3F7DE00001D192
:10837000C586E201C5FFE88C4F89E0019215E00156
:108380009125E00B3FABE00A358F3C643CE2D35DC6
:108390008FB5E00A330F138E3BBF3D78E00D399760
:1083A0003FEA3F66028401853B7905833FE83F69E8
:1083B0003C6FE00017FFE08E3F5FE400C47F3DE6C6
:1083C0003C1E3CEF7681D37A5681E00F3997E0105E
:1083D000AC9D8F25E008B23F3721399E8F03E0081E
:1083E000B14FE010AF3F8F13E010AF4FC0020BE171
:1083F000C220C4A0E007B26EE7FF008E1720E7FF9F
:1084000000941586E7FF00AD1584E7FF00AAE2009F
:10841000CF010105C7FE3F7FE7FF01AFC584E7FF3E
:1084200000AA08B6C0623B683C6A39E93AEA3A6B8E
:10843000EFFBDED71783E0283C3FE84657857408FA
:108440003C7F03027788E00E32A1E08217F43F9E62
:1084500039608C0F8F9FC102E8CF4CE4AF923DE0B2
:108460001780C5883D66E001AFA21780778A778BB9
:10847000778C778D778E778FA9D26C02AAA2AA32D9
:10848000AB42DE60AC723DE0E8CF4CE58C123D6360
:10849000C58ADE588FF289E2E84171383F93AFF226
:1084A000E0018F823C1FE001AC128FF23FF30284A7
:1084B000DEE3C01E0B61E0018A02E0018F923FF40F
:1084C0000285C181E201C1FF00F13CE43C63C201CD
:1084D000DE57E201C27F00F208B7C0703A601100B7
:1084E000E00317FFC2103BE83F69E1C0B7B43B624D
:1084F0007785710671073FE0C78E3F9239E6E00548
:108500003A12778400821181E00F3A938C0F5784DE
:108510003C173F938C8FE201C47FE0433E083C9EB2
:10852000E201C4FFE02D3E0AE0433F892684E02DAE
:108530003F8B2EABE84156B880ED38FC022680FD1B
:1085400038FC0523E001808D38FF021FE001809D8B
:1085500038FF051BE8CF48E5E0AF388C966D3E1F2D
:10856000888C289337A1E08C10943F91E001968D80
:10857000978F3FFD020A1782AF8C770375027581D2
:10858000DDFF558155025703E7FF21BFC102E2001D
:10859000C904E7FF01B2C0100BE108B73BE839E8B6
:1085A0003969C3FFE8CF4FE53F62E0AE3F83E84162
:1085B00057B897EF3F9E8F0FE0012F453AE33A629D
:1085C0001681E201C2FFE201C27FAE8F3CE43C654E
:1085D000DDD7E84156388FEC39FF051DE8CF4FE570
:1085E0003F62E0AE3B8F97EC3F9E8E8F2E94E08CE7
:1085F000159437213F1B958EE001970C3C65C47F95
:108600003DFEE201C47FE0433B08E000057B3CE225
:108610003C66DFC4E8415638E0018F8C397F051E87
:10862000E8CF4F653FE2C7FFE0AF3F0396EC3E9FC8
:108630008F0D2F14E08C159437A13F9B958FE0018F
:10864000978C3CE4C4FF3DFFE201C4FFE0433B09DB
:10865000E00005633CE63C63DFA1E84156383FE3B8
:108660008F7CC7813FFE031EE8CF4F653EE2E0AD41
:108670003F0F97EC3F6D3F9D8E8F2E94E08C1594AD
:1086800037213F1B958EE001970C3C65C4013DFEF0
:10869000E201C47FE0433B08E000054A3CE23C665F
:1086A000DF7DE84156B83FE2E0018F1DC7813FFE04
:1086B000E0000349E8CF4F65E0AF3F03976D3F1FF0
:1086C0008E0EE0002E40E08C161437A13F9C960FD2
:1086D000E001978D3CE4C4813E7FE201C4FFE043AA
:1086E0003A09020C17823C65AF8EDD4A3DE23D63DC
:1086F0003CE43C630BA1E7FD00F13964E7FE00D4E4
:1087000017023CE4AF0FDD3C3DE23D633CE23C66DA
:10871000DEE4E7FF008117823C65AF8DDD313DE28D
:108720003D633CE63C63DED9E7FF009917023CE479
:10873000AF0FDD263DE23D633CE23C66DECEE7FF67
:1087400000B20BE108B7E1FBC0143AE83C6A3A69B1
:108750003B6A396BE8CF49E5EFFBDD431783E0283F
:108760003C3FE8465785740F3C7F0302778FE00E4D
:108770003321E08217F43F9E8C0F8F9F6913110005
:108780006F9117806F9A3FE0C790E001B12F3FE0F3
:10879000C790E8CF4CE4E001B14F3DE03FE0C79027
:1087A0003D65C596E001B16F6B126A943AE26A15B5
:1087B0006C10711171137115DCC5E8CF4CE56C17A5
:1087C0003DE04C113D64C598DCBD4E914B907683E5
:1087D000E0AD3B83E08C161436A13E9C948D16864A
:1087E000C4814B18E02D3CBD4F964F1776863EE670
:1087F000E0AD3F833F1F3C163DE0C5AEE201C47FC4
:10880000E00A36A1E201C77F7382E00731A1758ECD
:108810003E9B3A6274013E1A6F173DE26C1971106B
:1088200073873F7F02BD258615003C643CE5D14639
:1088300074903FE0C7905683E84177B8E0433C8DA1
:108840005782E0433C0FDEAADD17E004C06C0BE169
:10885000E00230A1E0083E911380391CAB88910200
:108860005386E0283917240EE0273C92238B7105AC
:108870003C60310FC408710494183A98E0243A72AD
:10888000C581C501E201C57FC08154013C7A02E186
:108890005507C781E201C7FF3E933E1A00C33D66FC
:1088A000108000F42C0AE09E1794E86677CAE0B9BD
:1088B0001794E86677CB388208B13C69EFFBDEE6B7
:1088C000240AE0A71794E86677CAE0C21794E8661E
:1088D00077CB08E1E09E179400F7E8D94FB6E86639
:1088E000544CE86654CA2F83E779008BE866554BF1
:1088F0001581E77C00A008B3E1FFC022E80B4F6CB4
:108900001780E00C3743E08316EC3DEFC781E201AE
:10891000C7FF3E7FE180AD9D03FA3FE0C7A437C1AA
:10892000E0CD11EA778CE00F31C1778B3CE0E8CFE6
:108930004FE4E86656CC6F913C60E8CF4FE51100FC
:108940006F9036C1E84557FCC77F778DC482E845F4
:1089500057FDC410778EE8465781E843714A778FF8
:10896000E8465782E843714B7790E8204FE3E843AD
:10897000714C6F93E843714DE843714F6F12768AE3
:10898000EFFFD72057824D82E84377CB14015783FE
:108990004E03E84377CC5786E8876D94E84377CD5C
:1089A0005787E8876E15E8876F9C37C8E8876F9D03
:1089B0005784E84377CF5785E8876FA037C8E887A3
:1089C0006FA1E08217F43D6F3CEF3DF2C502018AD2
:1089D0003EE0C6A217003E7EC782019CE000C05E5A
:1089E00009E1E6A5CE823E99E00F888DE6ADCF5233
:1089F000E00E343E3F41E00FAF0DC101E18097131F
:108A0000E201C17FE00D3748E040AEAAE040AF1A76
:108A100000DDE080959DC701E00A35C8E201C77F0F
:108A2000E007AD2FE007ADBF00D708B11780E8879A
:108A30006FA9DF62E8CF4FDCE200CF810185E887D4
:108A40004F94E8876FA808E108B3E200CC003F68C4
:108A50003FE93E6A3EEB032D1500E04139C93E7AFD
:108A6000E1223D783F623FE303191101E0413ECD31
:108A70001580E12C3DFC3C6E3CEF3D6C3DEDD01E85
:108A80003F683FE92908E0413ECF1580E12C3DFEDB
:108A90003F6C3FED3C6E3CEF09E13D6C3C623CE3DA
:108AA000D00D3F683FE900F03D6C3C6E09A10086A7
:108AB000E200CD00037A110000DA00811600168072
:108AC0003E1C17210092E02D3EFDE02C3E7C1780DD
:108AD0003E7A048B01833EFB04883EABE12C3E7A58
:108AE000E0603F82E400CF90C77FE0603F92E029E2
:108AF0003CF9E0283C78E200CF0001E638823D18DE
:108B00003FE83FFA01823882E180AC9F00FB3F6A78
:108B1000E200C710E00F34C1E0413E8AE200CF001E
:108B200037DD34BA343A3C4F3FE9E06F39283C6FC7
:108B30001780E06939AF38823F6AE200C710E00F62
:108B40003421E0413E8AE200CF0037BD345A34DAA6
:108B50003CCF3FE8E06F39293CEF1780E06839AF40
:108B60003882E00C3CC8E6AFCE7C3DEA3FE93EE807
:108B700026183FE8C7FF3D193CFA01BB3882E040A8
:108B8000964FE040973FE040B64DC578E040B73D96
:108B9000E040962FE040971FE040B62DE040B71D23
:108BA000E200CD07C688C78802EBE00E35C3E00DB2
:108BB0003723E5FFC778E00F3C1D3C9D3F1B3E6F10
:108BC000C67E3EE9E00A3C9EE00B3D2DE200CD81F1
:108BD000020BE00A3741E00D3521E5FFC57E3F9DE0
:108BE0003C9D3D1E00C8E180959DE080B59C00ED58
:108BF000E1808F19E080AF1F00C00000F600FE008A
:108C0000FFFF010F030068203CCE46145A1F0100ED
:108C10000000000090000001000090000001000032
:108C20003000000000000000030000000001000010
:108C3000000001000000000000000000FF640601C9
:108C4000140F001BF100F000FD000101237A23A4A2
:108C500023D0231823B223C623D023CA2E922EB4A6
:108C60002EC02ECC2ED2555047524144452066CCC2
:108C70009933464C4147815481DE816C81DE818885
:108C800081DE81AE81DE81DE80FC80FC80FC80FCA8
:108C900080FC81CA81DE81DE811A811A811A81DE1F
:108CA00081DE81DE81DE81DE80EA81248130813ACD
:108CB000814281DE81DE81DE81DE814A8D668DF436
:108CC0008DFC8E548E54C852C8A2C8BAC8A2D062B5
:108CD00001000001FF00010200FF01020001FF028C
:108CE000000102FF0102040810204080708F00FF85
:108CF000DA2503FC03FC01FE3BC401FE01FE02FD7C
:108D00000AF501FE000000000000C8375030303185
:108D10000000000000000000000000000000000053
:108D2000000000000000000000000000433030316F
:108D30000000000000000000000000000001000131
:108D40000001010101010101010101010101010114
:108D50000101010101000101090920201220122056
:108D60000000010100000000000000000000000001
:108D700000000001012000000000000000000000D1
:108D8000000000000120012000000000012001205F
:108D90000000000000000000001A001B001C001D65
:108DA000001E001F00000001000200030004000577
:108DB0000006000700080009000A000B000C000D67
:108DC000000E000F00100011001200130014001517
:108DD0000016001700180019003A003B003C003D47
:108DE000003E003F00200021002200230024002537
:108DF0000026002700280029002A002B002C002D27
:108E0000002E002F003000310032003300340035D6
:108E10000036003700380039005A005B005C005D06
:108E2000005E005F004000410042004300440045F6
:108E30000046004700480049004A004B004C004DE6
:108E4000004E004F00500051005200530054005596
:108E50000056005700580059007A007B007C007DC6
:108E6000007E007F006000610062006300640065B6
:108E70000066006700680069006A006B006C006DA6
:108E8000006E006F00700071007200730074007556
:108E90000076007700780079009A009B009C009D86
:108EA000009E009F00800081008200830084008576
:108EB0000086008700880089008A008B008C008D66
:108EC000008E008F00900091009200930094009516
:108ED000009600970098009900BA00BB00BC00BD46
:108EE00000BE00BF00A000A100A200A300A400A536
:108EF00000A600A700A800A900AA00AB00AC00AD26
:108F000000AE00AF00B000B100B200B300B400B5D5
:108F100000B600B700B800B900DA00DB00DC00DD05
:108F200000DE00DF00C000C100C200C300C400C5F5
:108F300000C600C700C800C900CA00CB00CC00CDE5
:108F400000CE00CF00D000D100D200D300D400D595
:108F500000D600D700D800D900FA00FB00FC00FDC5
:108F600000FE00FF00E000E100E200E300E400E5B5
:108F700000E600E700E800E900EA00EB00EC00EDA5
:108F800000EE00EF00F000F100F200F300F400F555
:108F900000F600F700F800F9011A011B011C011D81
:108FA000011E011F0100010101020103010401056D
:108FB0000106010701080109010A010B010C010D5D
:108FC000010E010F0110011101120113011401150D
:108FD0000116011701180119011A011B011C011DBD
:108FE000011E011F0100010101020103010401052D
:108FF0000106010701080109010A010B010C010D1D
:10900000010E010F011001110112011301140115CC
:10901000011601170118011900FA00FB00FC00FD00
:1090200000FE00FF00E000E100E200E300E400E5F4
:1090300000E600E700E800E900EA00EB00EC00EDE4
:1090400000EE00EF00F000F100F200F300F400F594
:1090500000F600F700F800F900DA00DB00DC00DDC4
:1090600000DE00DF00C000C100C200C300C400C5B4
:1090700000C600C700C800C900CA00CB00CC00CDA4
:1090800000CE00CF00D000D100D200D300D400D554
:1090900000D600D700D800D900BA00BB00BC00BD84
:1090A00000BE00BF00A000A100A200A300A400A574
:1090B00000A600A700A800A900AA00AB00AC00AD64
:1090C00000AE00AF00B000B100B200B300B400B514
:1090D00000B600B700B800B9009A009B009C009D44
:1090E000009E009F00800081008200830084008534
:1090F0000086008700880089008A008B008C008D24
:10910000008E008F009000910092009300940095D3
:109110000096009700980099007A007B007C007D03
:10912000007E007F006000610062006300640065F3
:109130000066006700680069006A006B006C006DE3
:10914000006E006F00700071007200730074007593
:109150000076007700780079005A005B005C005DC3
:10916000005E005F004000410042004300440045B3
:109170000046004700480049004A004B004C004DA3
:10918000004E004F00500051005200530054005553
:109190000056005700580059003A003B003C003D83
:1091A000003E003F00200021002200230024002573
:1091B0000026002700280029002A002B002C002D63
:1091C000002E002F00300031003200330034003513
:1091D0000036003700380039001A001B001C001D43
:1091E000001E001F00000001000200030004000533
:1091F0000006000700080009000A000B000C000D23
:10920000000E000F001000110012001300140015D2
:109210000016001700180019AA220807000000090C
:109220002E00AA220907010000092E00AA22060723
:10923000020000032E02000A1E201400640DAC0080
:10924000C8012C0118011809C407D007D0019001EA
:1092500090012C08D401B30103061F5A000000003E
:109260000000000000000000000000000000005AA4
:10927000C70100018001002001DA00000040000168
:109280000100010100DF00000000000000000000FC
:109290001E000000000000000000000000000000B0
:1092A00000000000000000000000000000000000BE
:1092B00000000001C801A855A0AB6818A600000076
:1092C000000240040002D001683F3F01C201C20019
:1092D000FF0100064003203F3F01E001C201000101
:1092E00000012C004800020105010202040406806E
:1092F00000C81388080506012C025803201F4022CD
:10930000025800C800142E68000209070B0002581A
:10931000012C04B002580F0F00500280005005F0DD
:109320000032019A019A032000C80028001E008024
:10933000016800DC003C03E803200168003C03E80E
:10934000002002B000000640006400A000A006401B
:10935000012C001C0017001700170017001700173A
:109360000017001700170017001700170017001745
:109370000017001700170017001700170017001735
:109380000017001700170017001700170017001725
:1093900000190042003C003C003C003C003C003C0A
:1093A000003C003C003C003C003C003C003C003CDD
:1093B000003C003C003C003C003C003C003C003CCD
:1093C000003C003C003C003C003C003C003C003ABF
:1093D000003C006A0064006400640064006400648F
:1093E000006400640064006400640064006400645D
:1093F000006400640064006400640064006400644D
:10940000006400640064006400640064006300643D
:1094100000640090008C008C008C008C008C008C10
:10942000008C008C008C008C008C008C008C008CDC
:10943000008C008C008C008C008C008C008C008CCC
:10944000008C008C008C008C008C008C008C008CBC
:10945000008C00B800B400B400B400B400B400B490
:1094600000B400B400B400B400B400B400B400B45C
:1094700000B400B400B400B400B400B400B400B44C
:1094800000B400B400B400B400B400B400B400B43C
:1094900000B400DC00DC00DC00DC00DC00DC00DC14
:1094A00000DC00DC00DC00DC00DC00DC00DC00DCDC
:1094B00000DC00DC00DC00DC00DC00DC00DC00DCCC
:1094C00000DC00DC00DC00DC00DC00DC00DC00DCBC
:1094D00000DC01060104010401040104010401048B
:1094E0000104010401040104010401040104010454
:1094F0000104010401040104010401040104010444
:109500000104010401040104010401040104010433
:109510000104012C012C012C012C012C012C012C0B
:10952000012C012C012C012C012C012C012C012CD3
:10953000012C012C012C012C012C012C012C012CC3
:10954000012C012C012C012C012C012C012C012CB3
:10955000012C01540154015401540154015401548B
:109560000154015401540154015401540154015453
:109570000154015401540154015401540154015443
:109580000154015401540154015401540154015433
:109590000154017C017C017C017C017C017C017C0B
:1095A000017C017C017C017C017C017C017C017CD3
:1095B000017C017C017C017C017C017C017C017CC3
:1095C000017C017C017C017C017C017C017C017CB3
:1095D000017C019701A401A401A401A401A401A498
:1095E00001A401A401A401A401A401A401A401A453
:1095F00001A401A401A401A401A401A401A401A443
:1096000001A401A401A401A401A401A401A401A432
:1096100001A401C401CC01CC01CC01CC01CC01CC12
:1096200001CC01CC01CC01CC01CC01CC01CC01CCD2
:1096300001CC01CC01CC01CC01CC01CC01CC01CCC2
:1096400001CC01CC01CC01CC01CC01CC01CC01CCB2
:1096500001CC01EA01F401F401F401F401F401F494
:1096600001F401F401F401F401F401F401F401F452
:1096700001F401F401F401F401F401F401F401F442
:1096800001F401F401F401F401F401F401F401F432
:1096900001F40210021C021C021C021C021C021C0F
:1096A000021C021C021C021C021C021C021C021CCA
:1096B000021C021C021C021C021C021C021C021CBA
:1096C000021C021C021C021C021C021C021C021CAA
:1096D000021C023602440244024402440244024490
:1096E000024402440244024402440244024402444A
:1096F000024402440244024402440244024402443A
:109700000244024402440244024402440244024429
:109710000244025C026C026C026C026C026C026C11
:10972000026C026C026C026C026C026C026C026CC9
:10973000026C026C026C026C026C026C026C026CB9
:10974000026C026C026C026C026C026C026D026CA8
:10975000026C028202940294029402940294029493
:109760000294029402940294029402940294029449
:109770000294029402940294029402940294029439
:109780000294029402940294029402940294029627
:10979000029402A802B902B902B902B902B902B927
:1097A00002B902B902B902B902B902B902B902B9E1
:1097B00002B902B902B902B902B902B902B902B9D1
:1097C00002B902B902B902B902B902B902B902B9C1
:1097D00002BA001C004C007D00AF00E101130145FE
:1097E000017701A901DB020D023F027102A302D53C
:1097F00003070339036B039D03CF0401043304659E
:10980000049704C904FB052D055F059105C105F307
:1098100006220018004C007D00AF00E10113014555
:10982000017701A901DB020D023F027102A302D5FB
:1098300003070339036B039D03CF0401043304655D
:10984000049704C904FB052D055F059105C105F3C7
:1098500006280018004C007D00AF00E1011301450F
:10986000017701A901DB020D023F027102A302D5BB
:1098700003070339036B039D03CF0401043304651D
:10988000049704C904FB052D055F059105C105F387
:1098900006280018004B007D00AF00E101130145D0
:1098A000017701A901DB020D023F027102A302D57B
:1098B00003070339036B039D03CF040104330465DD
:1098C000049704C904FB052D055F059105C105F347
:1098D00006280018004C007D00AF00E1011301458F
:1098E000017701A901DB020D023F027102A302D53B
:1098F00003070339036B039D03CF0401043304659D
:10990000049704C904FB052D055F059105C105F306
:1099100006280018004C007D00AF00E1011301454E
:10992000017701A901DB020D023F027102A302D5FA
:1099300003070339036B039D03CF0401043304655C
:10994000049704C904FB052D055F059105C105F3C6
:1099500006280018004B007D00AF00E1011301450F
:10996000017701A901DB020D023F027102A302D5BA
:1099700003070339036B039D03CF0401043304651C
:10998000049704C904FB052D055F059105C105F386
:109990000628001A004B007D00AF00E101130145CD
:1099A000017701A901DB020D023F027102A302D57A
:1099B00003070339036B039D03CF040104330465DC
:1099C000049704C904FB052D055F059105C105F346
:1099D0000628001C004E007D00AF00E10113014588
:1099E000017701A901DB020D023F027102A302D53A
:1099F00003070339036B039D03CF0401043304659C
:109A0000049704C904FB052D055F059105C105F305
:109A10000628001C004E007D00AF00E10113014547
:109A2000017701A901DB020D023F027102A302D5F9
:109A300003070339036B039D03CF0401043304655B
:109A4000049704C904FB052D055F059105C105F3C5
:109A50000628001A004B007D00AF00E1011301450C
:109A6000017701A901DB020D023F027102A302D5B9
:109A700003070339036B039D03CF0401043304651B
:109A8000049704C904FB052D055F059105C105F385
:109A900006280018004B007D00AF00E101130145CE
:109AA000017701A901DB020D023F027102A302D579
:109AB00003070339036B039D03CF040104330465DB
:109AC000049704C904FB052D055F059105C105F345
:109AD00006280018004C007D00AF00E1011301458D
:109AE000017701A901DB020D023F027102A302D539
:109AF00003070339036B039D03CF0401043304659B
:109B0000049704C904FB052D055F059105C105F304
:109B100006280018004C007D00AF00E1011301454C
:109B2000017701A901DB020D023F027102A302D5F8
:109B300003070339036B039D03CF0401043304655A
:109B4000049704C904FB052D055F059105C105F3C4
:109B500006280018004B007D00AF00E1011301450D
:109B6000017701A901DB020D023F027102A302D5B8
:109B700003070339036B039D03CF0401043304651A
:109B8000049704C904FB052D055F059105C105F384
:109B900006280018004C007D00AF00E101130145CC
:109BA000017701A901DB020D023F027102A302D578
:109BB00003070339036B039D03CF040104330465DA
:109BC000049704C904FB052D055F059105C105F344
:109BD00006280018004C007D00AF00E1011301458C
:109BE000017701A901DB020D023F027102A302D538
:109BF00003070339036B039D03CF0401043304659A
:109C0000049704C904FB052D055F059105C105F303
:109C1000062800220049007D00AF00E10113014544
:109C2000017701A901DB020D023F027102A302D5F7
:109C300003070339036B039D03CF04010433046559
:109C4000049704C904FB052D055F058D05C105F3C7
:109C500006223ADA3ADA0080014D021A02E70000E1
:109C6000FFFFFFFFFFFFFFFFFFFFFFFFFFFFFFFF04
:109C7000FFFFFFFFFFFFFFFFFFFFFFFFFFFFFFFFF4
:109C8000FFFFFFFFFFFFFFFFFFFFFFFFFFFFFFFFE4
:109C9000FFFFFFFFFFFFFFFFFFFFFFFFFFFFFFFFD4
:109CA000FFFFFFFFFFFFFFFFFFFFFFFFFFFFFFFFC4
:109CB000FFFFFFFFFFFFFFFFFFFFFFFFFFFFFFFFB4
:109CC000FFFFFFFFFFFFFFFFFFFFFFFFFFFFFFFFA4
:109CD000FFFFFFFFFFFFFFFFFFFFFFFFFFFFFFFF94
:109CE000FFFFFFFFFFFFFFFFFFFFFFFFFFFFFFFF84
:109CF000FFFFFFFFFFFFFFFFFFFFFFFFFFFFFFFF74
:109D0000FFFFFFFFFFFFFFFFFFFFFFFFFFFFFFFF63
:109D1000FFFFFFFFFFFFFFFFFFFFFFFFFFFFFFFF53
:109D2000FFFFFFFFFFFFFFFFFFFFFFFFFFFFFFFF43
:109D3000FFFFFFFFFFFFFFFFFFFFFFFFFFFFFFFF33
:109D4000FFFFFFFFFFFFFFFFFFFFFFFFFFFFFFFF23
:109D5000FFFFFFFFFFFFFFFFFFFFFFFFFFFFFFFF13
:109D6000FFFFFFFFFFFFFFFFFFFFFFFFFFFFFFFF03
:109D7000FFFFFFFFFFFFFFFFFFFFFFFFFFFFFFFFF3
:109D8000FFFFFFFFFFFFFFFFFFFFFFFFFFFFFFFFE3
:109D9000FFFFFFFFFFFFFFFFFFFFFFFFFFFFFFFFD3
:109DA000FFFFFFFFFFFFFFFFFFFFFFFFFFFFFFFFC3
:109DB000FFFFFFFFFFFFFFFFFFFFFFFFFFFFFFFFB3
:109DC000FFFFFFFFFFFFFFFFFFFFFFFFFFFFFFFFA3
:109DD000FFFFFFFFFFFFFFFFFFFFFFFFFFFFFFFF93
:109DE000FFFFFFFFFFFFFFFFFFFFFFFFFFFFFFFF83
:109DF000FFFFFFFFFFFFFFFFFFFFFFFFFFFFFFFF73
:109E0000FFFFFFFFFFFFFFFFFFFFFFFFFFFFFFFF62
:109E1000FFFFFFFFFFFFFFFFFFFFFFFFFFFFFFFF52
:109E2000FFFFFFFFFFFFFFFFFFFFFFFFFFFFFFFF42
:109E3000FFFFFFFFFFFFFFFFFFFFFFFFFFFFFFFF32
:109E4000FFFFFFFFFFFFFFFFFFFFFFFFFFFFFFFF22
:109E5000FFFFFFFFFFFFFFFFFFFFFFFFFFFFFFFF12
:109E6000FFFFFFFFFFFFFFFFFFFFFFFFFFFFFFFF02
:109E7000FFFFFFFFFFFFFFFFFFFFFFFFFFFFFFFFF2
:109E8000FFFFFFFFFFFFFFFFFFFFFFFFFFFFFFFFE2
:109E9000FFFFFFFFFFFFFFFFFFFFFFFFFFFFFFFFD2
:109EA000FFFFFFFFFFFFFFFFFFFFFFFFFFFFFFFFC2
:109EB000FFFFFFFFFFFFFFFFFFFFFFFFFFFFFFFFB2
:109EC000FFFFFFFFFFFFFFFFFFFFFFFFFFFFFFFFA2
:109ED000FFFFFFFFFFFFFFFFFFFFFFFFFFFFFFFF92
:109EE000FFFFFFFFFFFFFFFFFFFFFFFFFFFFFFFF82
:109EF000FFFFFFFFFFFFFFFFFFFFFFFFFFFFFFFF72
:109F0000FFFFFFFFFFFFFFFFFFFFFFFFFFFFFFFF61
:109F1000FFFFFFFFFFFFFFFFFFFFFFFFFFFFFFFF51
:109F2000FFFFFFFFFFFFFFFFFFFFFFFFFFFFFFFF41
:109F3000FFFFFFFFFFFFFFFFFFFFFFFFFFFFFFFF31
:109F4000FFFFFFFFFFFFFFFFFFFFFFFFFFFFFFFF21
:109F5000FFFFFFFFFFFFFFFFFFFFFFFFFFFFFFFF11
:109F6000FFFFFFFFFFFFFFFFFFFFFFFFFFFFFFFF01
:109F7000FFFFFFFFFFFFFFFFFFFFFFFFFFFFFFFFF1
:109F8000FFFFFFFFFFFFFFFFFFFFFFFFFFFFFFFFE1
:109F9000FFFFFFFFFFFFFFFFFFFFFFFFFFFFFFFFD1
:109FA000FFFFFFFFFFFFFFFFFFFFFFFFFFFFFFFFC1
:109FB000FFFFFFFFFFFFFFFFFFFFFFFFFFFFFFFFB1
:109FC000FFFFFFFFFFFFFFFFFFFFFFFFFFFFFFFFA1
:109FD000FFFFFFFFFFFFFFFFFFFFFFFFFFFFFFFF91
:109FE000FFFFFFFFFFFFFFFFFFFFFFFFFFFFFFFF81
:109FF000FFFFFFFFFFFFFFFFFFFFFFFFFFFFFFFF71
:10A00000FFFFFFFFFFFFFFFFFFFFFFFFFFFFFFFF60
:10A01000FFFFFFFFFFFFFFFFFFFFFFFFFFFFFFFF50
:10A02000FFFFFFFFFFFFFFFFFFFFFFFFFFFFFFFF40
:10A03000FFFFFFFFFFFFFFFFFFFFFFFFFFFFFFFF30
:10A04000FFFFFFFFFFFFFFFFFFFFFFFFFFFFFFFF20
:10A05000FFFFFFFFFFFFFFFFFFFFFFFFFFFFFFFF10
:10A06000FFFFFFFFFFFFFFFFFFFFFFFFFFFFFFFF00
:10A07000FFFFFFFFFFFFFFFFFFFFFFFFFFFFFFFFF0
:10A08000FFFFFFFFFFFFFFFFFFFFFFFFFFFFFFFFE0
:10A09000FFFFFFFFFFFFFFFFFFFFFFFFFFFFFFFFD0
:10A0A000FFFFFFFFFFFFFFFFFFFFFFFFFFFFFFFFC0
:10A0B000FFFFFFFFFFFFFFFFFFFFFFFFFFFFFFFFB0
:10A0C000FFFFFFFFFFFFFFFFFFFFFFFFFFFFFFFFA0
:10A0D000FFFFFFFFFFFFFFFFFFFFFFFFFFFFFFFF90
:10A0E000FFFFFFFFFFFFFFFFFFFFFFFFFFFFFFFF80
:10A0F000FFFFFFFFFFFFFFFFFFFFFFFFFFFFFFFF70
:10A10000FFFFFFFFFFFFFFFFFFFFFFFFFFFFFFFF5F
:10A11000FFFFFFFFFFFFFFFFFFFFFFFFFFFFFFFF4F
:10A12000FFFFFFFFFFFFFFFFFFFFFFFFFFFFFFFF3F
:10A13000FFFFFFFFFFFFFFFFFFFFFFFFFFFFFFFF2F
:10A14000FFFFFFFFFFFFFFFFFFFFFFFFFFFFFFFF1F
:10A15000FFFFFFFFFFFFFFFFFFFFFFFFFFFFFFFF0F
:10A16000FFFFFFFFFFFFFFFFFFFFFFFFFFFFFFFFFF
:10A17000FFFFFFFFFFFFFFFFFFFFFFFFFFFFFFFFEF
:10A18000FFFFFFFFFFFFFFFFFFFFFFFFFFFFFFFFDF
:10A19000FFFFFFFFFFFFFFFFFFFFFFFFFFFFFFFFCF
:10A1A000FFFFFFFFFFFFFFFFFFFFFFFFFFFFFFFFBF
:10A1B000FFFFFFFFFFFFFFFFFFFFFFFFFFFFFFFFAF
:10A1C000FFFFFFFFFFFFFFFFFFFFFFFFFFFFFFFF9F
:10A1D000FFFFFFFFFFFFFFFFFFFFFFFFFFFFFFFF8F
:10A1E000FFFFFFFFFFFFFFFFFFFFFFFFFFFFFFFF7F
:10A1F000FFFFFFFFFFFFFFFFFFFFFFFFFFFFFFFF6F
:10A20000FFFFFFFFFFFFFFFFFFFFFFFFFFFFFFFF5E
:10A21000FFFFFFFFFFFFFFFFFFFFFFFFFFFFFFFF4E
:10A22000FFFFFFFFFFFFFFFFFFFFFFFFFFFFFFFF3E
:10A23000FFFFFFFFFFFFFFFFFFFFFFFFFFFFFFFF2E
:10A24000FFFFFFFFFFFFFFFFFFFFFFFFFFFFFFFF1E
:10A25000FFFFFFFFFFFFFFFFFFFFFFFFFFFFFFFF0E
:10A26000FFFFFFFFFFFFFFFFFFFFFFFFFFFFFFFFFE
:10A27000FFFFFFFFFFFFFFFFFFFFFFFFFFFFFFFFEE
:10A28000FFFFFFFFFFFFFFFFFFFFFFFFFFFFFFFFDE
:10A29000FFFFFFFFFFFFFFFFFFFFFFFFFFFFFFFFCE
:10A2A000FFFFFFFFFFFFFFFFFFFFFFFFFFFFFFFFBE
:10A2B000FFFFFFFFFFFFFFFFFFFFFFFFFFFFFFFFAE
:10A2C000FFFFFFFFFFFFFFFFFFFFFFFFFFFFFFFF9E
:10A2D000FFFFFFFFFFFFFFFFFFFFFFFFFFFFFFFF8E
:10A2E000FFFFFFFFFFFFFFFFFFFFFFFFFFFFFFFF7E
:10A2F000FFFFFFFFFFFFFFFFFFFFFFFFFFFFFFFF6E
:10A30000FFFFFFFFFFFFFFFFFFFFFFFFFFFFFFFF5D
:10A31000FFFFFFFFFFFFFFFFFFFFFFFFFFFFFFFF4D
:10A32000FFFFFFFFFFFFFFFFFFFFFFFFFFFFFFFF3D
:10A33000FFFFFFFFFFFFFFFFFFFFFFFFFFFFFFFF2D
:10A34000FFFFFFFFFFFFFFFFFFFFFFFFFFFFFFFF1D
:10A35000FFFFFFFFFFFFFFFFFFFFFFFFFFFFFFFF0D
:10A36000FFFFFFFFFFFFFFFFFFFFFFFFFFFFFFFFFD
:10A37000FFFFFFFFFFFFFFFFFFFFFFFFFFFFFFFFED
:10A38000FFFFFFFFFFFFFFFFFFFFFFFFFFFFFFFFDD
:10A39000FFFFFFFFFFFFFFFFFFFFFFFFFFFFFFFFCD
:10A3A000FFFFFFFFFFFFFFFFFFFFFFFFFFFFFFFFBD
:10A3B000FFFFFFFFFFFFFFFFFFFFFFFFFFFFFFFFAD
:10A3C000FFFFFFFFFFFFFFFFFFFFFFFFFFFFFFFF9D
:10A3D000FFFFFFFFFFFFFFFFFFFFFFFFFFFFFFFF8D
:10A3E000FFFFFFFFFFFFFFFFFFFFFFFFFFFFFFFF7D
:10A3F000FFFFFFFFFFFFFFFFFFFFFFFFFFFFFFFF6D
:10A40000FFFFFFFFFFFFFFFFFFFFFFFFFFFFFFFF5C
:10A41000FFFFFFFFFFFFFFFFFFFFFFFFFFFFFFFF4C
:10A42000FFFFFFFFFFFFFFFFFFFFFFFFFFFFFFFF3C
:10A43000FFFFFFFFFFFFFFFFFFFFFFFFFFFFFFFF2C
:10A44000FFFFFFFFFFFFFFFFFFFFFFFFFFFFFFFF1C
:10A45000FFFFFFFFFFFFFFFFFFFFFFFFFFFFFFFF0C
:10A46000FFFFFFFFFFFFFFFFFFFFFFFFFFFFFFFFFC
:10A47000FFFFFFFFFFFFFFFFFFFFFFFFFFFFFFFFEC
:10A48000FFFFFFFFFFFFFFFFFFFFFFFFFFFFFFFFDC
:10A49000FFFFFFFFFFFFFFFFFFFFFFFFFFFFFFFFCC
:10A4A000FFFFFFFFFFFFFFFFFFFFFFFFFFFFFFFFBC
:10A4B000FFFFFFFFFFFFFFFFFFFFFFFFFFFFFFFFAC
:10A4C000FFFFFFFFFFFFFFFFFFFFFFFFFFFFFFFF9C
:10A4D000FFFFFFFFFFFFFFFFFFFFFFFFFFFFFFFF8C
:10A4E000FFFFFFFFFFFFFFFFFFFFFFFFFFFFFFFF7C
:10A4F000FFFFFFFFFFFFFFFFFFFFFFFFFFFFFFFF6C
:10A50000FFFFFFFFFFFFFFFFFFFFFFFFFFFFFFFF5B
:10A51000FFFFFFFFFFFFFFFFFFFFFFFFFFFFFFFF4B
:10A52000FFFFFFFFFFFFFFFFFFFFFFFFFFFFFFFF3B
:10A53000FFFFFFFFFFFFFFFFFFFFFFFFFFFFFFFF2B
:10A54000FFFFFFFFFFFFFFFFFFFFFFFFFFFFFFFF1B
:10A55000FFFFFFFFFFFFFFFFFFFFFFFFFFFFFFFF0B
:10A56000FFFFFFFFFFFFFFFFFFFFFFFFFFFFFFFFFB
:10A57000FFFFFFFFFFFFFFFFFFFFFFFFFFFFFFFFEB
:10A58000FFFFFFFFFFFFFFFFFFFFFFFFFFFFFFFFDB
:10A59000FFFFFFFFFFFFFFFFFFFFFFFFFFFFFFFFCB
:10A5A000FFFFFFFFFFFFFFFFFFFFFFFFFFFFFFFFBB
:10A5B000FFFFFFFFFFFFFFFFFFFFFFFFFFFFFFFFAB
:10A5C000FFFFFFFFFFFFFFFFFFFFFFFFFFFFFFFF9B
:10A5D000FFFFFFFFFFFFFFFFFFFFFFFFFFFFFFFF8B
:10A5E000FFFFFFFFFFFFFFFFFFFFFFFFFFFFFFFF7B
:10A5F000FFFFFFFFFFFFFFFFFFFFFFFFFFFFFFFF6B
:10A60000FFFFFFFFFFFFFFFFFFFFFFFFFFFFFFFF5A
:10A61000FFFFFFFFFFFFFFFFFFFFFFFFFFFFFFFF4A
:10A62000FFFFFFFFFFFFFFFFFFFFFFFFFFFFFFFF3A
:10A63000FFFFFFFFFFFFFFFFFFFFFFFFFFFFFFFF2A
:10A64000FFFFFFFFFFFFFFFFFFFFFFFFFFFFFFFF1A
:10A65000FFFFFFFFFFFFFFFFFFFFFFFFFFFFFFFF0A
:10A66000FFFFFFFFFFFFFFFFFFFFFFFFFFFFFFFFFA
:10A67000FFFFFFFFFFFFFFFFFFFFFFFFFFFFFFFFEA
:10A68000FFFFFFFFFFFFFFFFFFFFFFFFFFFFFFFFDA
:10A69000FFFFFFFFFFFFFFFFFFFFFFFFFFFFFFFFCA
:10A6A000FFFFFFFFFFFFFFFFFFFFFFFFFFFFFFFFBA
:10A6B000FFFFFFFFFFFFFFFFFFFFFFFFFFFFFFFFAA
:10A6C000FFFFFFFFFFFFFFFFFFFFFFFFFFFFFFFF9A
:10A6D000FFFFFFFFFFFFFFFFFFFFFFFFFFFFFFFF8A
:10A6E000FFFFFFFFFFFFFFFFFFFFFFFFFFFFFFFF7A
:10A6F000FFFFFFFFFFFFFFFFFFFFFFFFFFFFFFFF6A
:10A70000FFFFFFFFFFFFFFFFFFFFFFFFFFFFFFFF59
:10A71000FFFFFFFFFFFFFFFFFFFFFFFFFFFFFFFF49
:10A72000FFFFFFFFFFFFFFFFFFFFFFFFFFFFFFFF39
:10A73000FFFFFFFFFFFFFFFFFFFFFFFFFFFFFFFF29
:10A74000FFFFFFFFFFFFFFFFFFFFFFFFFFFFFFFF19
:10A75000FFFFFFFFFFFFFFFFFFFFFFFFFFFFFFFF09
:10A76000FFFFFFFFFFFFFFFFFFFFFFFFFFFFFFFFF9
:10A77000FFFFFFFFFFFFFFFFFFFFFFFFFFFFFFFFE9
:10A78000FFFFFFFFFFFFFFFFFFFFFFFFFFFFFFFFD9
:10A79000FFFFFFFFFFFFFFFFFFFFFFFFFFFFFFFFC9
:10A7A000FFFFFFFFFFFFFFFFFFFFFFFFFFFFFFFFB9
:10A7B000FFFFFFFFFFFFFFFFFFFFFFFFFFFFFFFFA9
:10A7C000FFFFFFFFFFFFFFFFFFFFFFFFFFFFFFFF99
:10A7D000FFFFFFFFFFFFFFFFFFFFFFFFFFFFFFFF89
:10A7E000FFFFFFFFFFFFFFFFFFFFFFFFFFFFFFFF79
:10A7F000FFFFFFFFFFFFFFFFFFFFFFFFFFFFFFFF69
:10A80000FFFFFFFFFFFFFFFFFFFFFFFFFFFFFFFF58
:10A81000FFFFFFFFFFFFFFFFFFFFFFFFFFFFFFFF48
:10A82000FFFFFFFFFFFFFFFFFFFFFFFFFFFFFFFF38
:10A83000FFFFFFFFFFFFFFFFFFFFFFFFFFFFFFFF28
:10A84000FFFFFFFFFFFFFFFFFFFFFFFFFFFFFFFF18
:10A85000FFFFFFFFFFFFFFFFFFFFFFFFFFFFFFFF08
:10A86000FFFFFFFFFFFFFFFFFFFFFFFFFFFFFFFFF8
:10A87000FFFFFFFFFFFFFFFFFFFFFFFFFFFFFFFFE8
:10A88000FFFFFFFFFFFFFFFFFFFFFFFFFFFFFFFFD8
:10A89000FFFFFFFFFFFFFFFFFFFFFFFFFFFFFFFFC8
:10A8A000FFFFFFFFFFFFFFFFFFFFFFFFFFFFFFFFB8
:10A8B000FFFFFFFFFFFFFFFFFFFFFFFFFFFFFFFFA8
:10A8C000FFFFFFFFFFFFFFFFFFFFFFFFFFFFFFFF98
:10A8D000FFFFFFFFFFFFFFFFFFFFFFFFFFFFFFFF88
:10A8E000FFFFFFFFFFFFFFFFFFFFFFFFFFFFFFFF78
:10A8F000FFFFFFFFFFFFFFFFFFFFFFFFFFFFFFFF68
:10A90000FFFFFFFFFFFFFFFFFFFFFFFFFFFFFFFF57
:10A91000FFFFFFFFFFFFFFFFFFFFFFFFFFFFFFFF47
:10A92000FFFFFFFFFFFFFFFFFFFFFFFFFFFFFFFF37
:10A93000FFFFFFFFFFFFFFFFFFFFFFFFFFFFFFFF27
:10A94000FFFFFFFFFFFFFFFFFFFFFFFFFFFFFFFF17
:10A95000FFFFFFFFFFFFFFFFFFFFFFFFFFFFFFFF07
:10A96000FFFFFFFFFFFFFFFFFFFFFFFFFFFFFFFFF7
:10A97000FFFFFFFFFFFFFFFFFFFFFFFFFFFFFFFFE7
:10A98000FFFFFFFFFFFFFFFFFFFFFFFFFFFFFFFFD7
:10A99000FFFFFFFFFFFFFFFFFFFFFFFFFFFFFFFFC7
:10A9A000FFFFFFFFFFFFFFFFFFFFFFFFFFFFFFFFB7
:10A9B000FFFFFFFFFFFFFFFFFFFFFFFFFFFFFFFFA7
:10A9C000FFFFFFFFFFFFFFFFFFFFFFFFFFFFFFFF97
:10A9D000FFFFFFFFFFFFFFFFFFFFFFFFFFFFFFFF87
:10A9E000FFFFFFFFFFFFFFFFFFFFFFFFFFFFFFFF77
:10A9F000FFFFFFFFFFFFFFFFFFFFFFFFFFFFFFFF67
:10AA0000FFFFFFFFFFFFFFFFFFFFFFFFFFFFFFFF56
:10AA1000FFFFFFFFFFFFFFFFFFFFFFFFFFFFFFFF46
:10AA2000FFFFFFFFFFFFFFFFFFFFFFFFFFFFFFFF36
:10AA3000FFFFFFFFFFFFFFFFFFFFFFFFFFFFFFFF26
:10AA4000FFFFFFFFFFFFFFFFFFFFFFFFFFFFFFFF16
:10AA5000FFFFFFFFFFFFFFFFFFFFFFFFFFFFFFFF06
:10AA6000FFFFFFFFFFFFFFFFFFFFFFFFFFFFFFFFF6
:10AA7000FFFFFFFFFFFFFFFFFFFFFFFFFFFFFFFFE6
:10AA8000FFFFFFFFFFFFFFFFFFFFFFFFFFFFFFFFD6
:10AA9000FFFFFFFFFFFFFFFFFFFFFFFFFFFFFFFFC6
:10AAA000FFFFFFFFFFFFFFFFFFFFFFFFFFFFFFFFB6
:10AAB000FFFFFFFFFFFFFFFFFFFFFFFFFFFFFFFFA6
:10AAC000FFFFFFFFFFFFFFFFFFFFFFFFFFFFFFFF96
:10AAD000FFFFFFFFFFFFFFFFFFFFFFFFFFFFFFFF86
:10AAE000FFFFFFFFFFFFFFFFFFFFFFFFFFFFFFFF76
:10AAF000FFFFFFFFFFFFFFFFFFFFFFFFFFFFFFFF66
:10AB0000FFFFFFFFFFFFFFFFFFFFFFFFFFFFFFFF55
:10AB1000FFFFFFFFFFFFFFFFFFFFFFFFFFFFFFFF45
:10AB2000FFFFFFFFFFFFFFFFFFFFFFFFFFFFFFFF35
:10AB3000FFFFFFFFFFFFFFFFFFFFFFFFFFFFFFFF25
:10AB4000FFFFFFFFFFFFFFFFFFFFFFFFFFFFFFFF15
:10AB5000FFFFFFFFFFFFFFFFFFFFFFFFFFFFFFFF05
:10AB6000FFFFFFFFFFFFFFFFFFFFFFFFFFFFFFFFF5
:10AB7000FFFFFFFFFFFFFFFFFFFFFFFFFFFFFFFFE5
:10AB8000FFFFFFFFFFFFFFFFFFFFFFFFFFFFFFFFD5
:10AB9000FFFFFFFFFFFFFFFFFFFFFFFFFFFFFFFFC5
:10ABA000FFFFFFFFFFFFFFFFFFFFFFFFFFFFFFFFB5
:10ABB000FFFFFFFFFFFFFFFFFFFFFFFFFFFFFFFFA5
:10ABC000FFFFFFFFFFFFFFFFFFFFFFFFFFFFFFFF95
:10ABD000FFFFFFFFFFFFFFFFFFFFFFFFFFFFFFFF85
:10ABE000FFFFFFFFFFFFFFFFFFFFFFFFFFFFFFFF75
:10ABF000FFFFFFFFFFFFFFFFFFFFFFFFFFFFFFFF65
:10AC0000FFFFFFFFFFFFFFFFFFFFFFFFFFFFFFFF54
:10AC1000FFFFFFFFFFFFFFFFFFFFFFFFFFFFFFFF44
:10AC2000FFFFFFFFFFFFFFFFFFFFFFFFFFFFFFFF34
:10AC3000FFFFFFFFFFFFFFFFFFFFFFFFFFFFFFFF24
:10AC4000FFFFFFFFFFFFFFFFFFFFFFFFFFFFFFFF14
:10AC5000FFFFFFFFFFFFFFFFFFFFFFFFFFFFFFFF04
:10AC6000FFFFFFFFFFFFFFFFFFFFFFFFFFFFFFFFF4
:10AC7000FFFFFFFFFFFFFFFFFFFFFFFFFFFFFFFFE4
:10AC8000FFFFFFFFFFFFFFFFFFFFFFFFFFFFFFFFD4
:10AC9000FFFFFFFFFFFFFFFFFFFFFFFFFFFFFFFFC4
:10ACA000FFFFFFFFFFFFFFFFFFFFFFFFFFFFFFFFB4
:10ACB000FFFFFFFFFFFFFFFFFFFFFFFFFFFFFFFFA4
:10ACC000FFFFFFFFFFFFFFFFFFFFFFFFFFFFFFFF94
:10ACD000FFFFFFFFFFFFFFFFFFFFFFFFFFFFFFFF84
:10ACE000FFFFFFFFFFFFFFFFFFFFFFFFFFFFFFFF74
:10ACF000FFFFFFFFFFFFFFFFFFFFFFFFFFFFFFFF64
:10AD0000FFFFFFFFFFFFFFFFFFFFFFFFFFFFFFFF53
:10AD1000FFFFFFFFFFFFFFFFFFFFFFFFFFFFFFFF43
:10AD2000FFFFFFFFFFFFFFFFFFFFFFFFFFFFFFFF33
:10AD3000FFFFFFFFFFFFFFFFFFFFFFFFFFFFFFFF23
:10AD4000FFFFFFFFFFFFFFFFFFFFFFFFFFFFFFFF13
:10AD5000FFFFFFFFFFFFFFFFFFFFFFFFFFFFFFFF03
:10AD6000FFFFFFFFFFFFFFFFFFFFFFFFFFFFFFFFF3
:10AD7000FFFFFFFFFFFFFFFFFFFFFFFFFFFFFFFFE3
:10AD8000FFFFFFFFFFFFFFFFFFFFFFFFFFFFFFFFD3
:10AD9000FFFFFFFFFFFFFFFFFFFFFFFFFFFFFFFFC3
:10ADA000FFFFFFFFFFFFFFFFFFFFFFFFFFFFFFFFB3
:10ADB000FFFFFFFFFFFFFFFFFFFFFFFFFFFFFFFFA3
:10ADC000FFFFFFFFFFFFFFFFFFFFFFFFFFFFFFFF93
:10ADD000FFFFFFFFFFFFFFFFFFFFFFFFFFFFFFFF83
:10ADE000FFFFFFFFFFFFFFFFFFFFFFFFFFFFFFFF73
:10ADF000FFFFFFFFFFFFFFFFFFFFFFFFFFFFFFFF63
:10AE0000FFFFFFFFFFFFFFFFFFFFFFFFFFFFFFFF52
:10AE1000FFFFFFFFFFFFFFFFFFFFFFFFFFFFFFFF42
:10AE2000FFFFFFFFFFFFFFFFFFFFFFFFFFFFFFFF32
:10AE3000FFFFFFFFFFFFFFFFFFFFFFFFFFFFFFFF22
:10AE4000FFFFFFFFFFFFFFFFFFFFFFFFFFFFFFFF12
:10AE5000FFFFFFFFFFFFFFFFFFFFFFFFFFFFFFFF02
:10AE6000FFFFFFFFFFFFFFFFFFFFFFFFFFFFFFFFF2
:10AE7000FFFFFFFFFFFFFFFFFFFFFFFFFFFFFFFFE2
:10AE8000FFFFFFFFFFFFFFFFFFFFFFFFFFFFFFFFD2
:10AE9000FFFFFFFFFFFFFFFFFFFFFFFFFFFFFFFFC2
:10AEA000FFFFFFFFFFFFFFFFFFFFFFFFFFFFFFFFB2
:10AEB000FFFFFFFFFFFFFFFFFFFFFFFFFFFFFFFFA2
:10AEC000FFFFFFFFFFFFFFFFFFFFFFFFFFFFFFFF92
:10AED000FFFFFFFFFFFFFFFFFFFFFFFFFFFFFFFF82
:10AEE000FFFFFFFFFFFFFFFFFFFFFFFFFFFFFFFF72
:10AEF000FFFFFFFFFFFFFFFFFFFFFFFFFFFFFFFF62
:10AF0000FFFFFFFFFFFFFFFFFFFFFFFFFFFFFFFF51
:10AF1000FFFFFFFFFFFFFFFFFFFFFFFFFFFFFFFF41
:10AF2000FFFFFFFFFFFFFFFFFFFFFFFFFFFFFFFF31
:10AF3000FFFFFFFFFFFFFFFFFFFFFFFFFFFFFFFF21
:10AF4000FFFFFFFFFFFFFFFFFFFFFFFFFFFFFFFF11
:10AF5000FFFFFFFFFFFFFFFFFFFFFFFFFFFFFFFF01
:10AF6000FFFFFFFFFFFFFFFFFFFFFFFFFFFFFFFFF1
:10AF7000FFFFFFFFFFFFFFFFFFFFFFFFFFFFFFFFE1
:10AF8000FFFFFFFFFFFFFFFFFFFFFFFFFFFFFFFFD1
:10AF9000FFFFFFFFFFFFFFFFFFFFFFFFFFFFFFFFC1
:10AFA000FFFFFFFFFFFFFFFFFFFFFFFFFFFFFFFFB1
:10AFB000FFFFFFFFFFFFFFFFFFFFFFFFFFFFFFFFA1
:10AFC000FFFFFFFFFFFFFFFFFFFFFFFFFFFFFFFF91
:10AFD000FFFFFFFFFFFFFFFFFFFFFFFFFFFFFFFF81
:10AFE000FFFFFFFFFFFFFFFFFFFFFFFFFFFFFFFF71
:10AFF000FFFFFFFFFFFFFFFFFFFFFFFFFFFFFFFF61
:10B00000FFFFFFFFFFFFFFFFFFFFFFFFFFFFFFFF50
:10B01000FFFFFFFFFFFFFFFFFFFFFFFFFFFFFFFF40
:10B02000FFFFFFFFFFFFFFFFFFFFFFFFFFFFFFFF30
:10B03000FFFFFFFFFFFFFFFFFFFFFFFFFFFFFFFF20
:10B04000FFFFFFFFFFFFFFFFFFFFFFFFFFFFFFFF10
:10B05000FFFFFFFFFFFFFFFFFFFFFFFFFFFFFFFF00
:10B06000FFFFFFFFFFFFFFFFFFFFFFFFFFFFFFFFF0
:10B07000FFFFFFFFFFFFFFFFFFFFFFFFFFFFFFFFE0
:10B08000FFFFFFFFFFFFFFFFFFFFFFFFFFFFFFFFD0
:10B09000FFFFFFFFFFFFFFFFFFFFFFFFFFFFFFFFC0
:10B0A000FFFFFFFFFFFFFFFFFFFFFFFFFFFFFFFFB0
:10B0B000FFFFFFFFFFFFFFFFFFFFFFFFFFFFFFFFA0
:10B0C000FFFFFFFFFFFFFFFFFFFFFFFFFFFFFFFF90
:10B0D000FFFFFFFFFFFFFFFFFFFFFFFFFFFFFFFF80
:10B0E000FFFFFFFFFFFFFFFFFFFFFFFFFFFFFFFF70
:10B0F000FFFFFFFFFFFFFFFFFFFFFFFFFFFFFFFF60
:10B10000FFFFFFFFFFFFFFFFFFFFFFFFFFFFFFFF4F
:10B11000FFFFFFFFFFFFFFFFFFFFFFFFFFFFFFFF3F
:10B12000FFFFFFFFFFFFFFFFFFFFFFFFFFFFFFFF2F
:10B13000FFFFFFFFFFFFFFFFFFFFFFFFFFFFFFFF1F
:10B14000FFFFFFFFFFFFFFFFFFFFFFFFFFFFFFFF0F
:10B15000FFFFFFFFFFFFFFFFFFFFFFFFFFFFFFFFFF
:10B16000FFFFFFFFFFFFFFFFFFFFFFFFFFFFFFFFEF
:10B17000FFFFFFFFFFFFFFFFFFFFFFFFFFFFFFFFDF
:10B18000FFFFFFFFFFFFFFFFFFFFFFFFFFFFFFFFCF
:10B19000FFFFFFFFFFFFFFFFFFFFFFFFFFFFFFFFBF
:10B1A000FFFFFFFFFFFFFFFFFFFFFFFFFFFFFFFFAF
:10B1B000FFFFFFFFFFFFFFFFFFFFFFFFFFFFFFFF9F
:10B1C000FFFFFFFFFFFFFFFFFFFFFFFFFFFFFFFF8F
:10B1D000FFFFFFFFFFFFFFFFFFFFFFFFFFFFFFFF7F
:10B1E000FFFFFFFFFFFFFFFFFFFFFFFFFFFFFFFF6F
:10B1F000FFFFFFFFFFFFFFFFFFFFFFFFFFFFFFFF5F
:10B20000FFFFFFFFFFFFFFFFFFFFFFFFFFFFFFFF4E
:10B21000FFFFFFFFFFFFFFFFFFFFFFFFFFFFFFFF3E
:10B22000FFFFFFFFFFFFFFFFFFFFFFFFFFFFFFFF2E
:10B23000FFFFFFFFFFFFFFFFFFFFFFFFFFFFFFFF1E
:10B24000FFFFFFFFFFFFFFFFFFFFFFFFFFFFFFFF0E
:10B25000FFFFFFFFFFFFFFFFFFFFFFFFFFFFFFFFFE
:10B26000FFFFFFFFFFFFFFFFFFFFFFFFFFFFFFFFEE
:10B27000FFFFFFFFFFFFFFFFFFFFFFFFFFFFFFFFDE
:10B28000FFFFFFFFFFFFFFFFFFFFFFFFFFFFFFFFCE
:10B29000FFFFFFFFFFFFFFFFFFFFFFFFFFFFFFFFBE
:10B2A000FFFFFFFFFFFFFFFFFFFFFFFFFFFFFFFFAE
:10B2B000FFFFFFFFFFFFFFFFFFFFFFFFFFFFFFFF9E
:10B2C000FFFFFFFFFFFFFFFFFFFFFFFFFFFFFFFF8E
:10B2D000FFFFFFFFFFFFFFFFFFFFFFFFFFFFFFFF7E
:10B2E000FFFFFFFFFFFFFFFFFFFFFFFFFFFFFFFF6E
:10B2F000FFFFFFFFFFFFFFFFFFFFFFFFFFFFFFFF5E
:10B30000FFFFFFFFFFFFFFFFFFFFFFFFFFFFFFFF4D
:10B31000FFFFFFFFFFFFFFFFFFFFFFFFFFFFFFFF3D
:10B32000FFFFFFFFFFFFFFFFFFFFFFFFFFFFFFFF2D
:10B33000FFFFFFFFFFFFFFFFFFFFFFFFFFFFFFFF1D
:10B34000FFFFFFFFFFFFFFFFFFFFFFFFFFFFFFFF0D
:10B35000FFFFFFFFFFFFFFFFFFFFFFFFFFFFFFFFFD
:10B36000FFFFFFFFFFFFFFFFFFFFFFFFFFFFFFFFED
:10B37000FFFFFFFFFFFFFFFFFFFFFFFFFFFFFFFFDD
:10B38000FFFFFFFFFFFFFFFFFFFFFFFFFFFFFFFFCD
:10B39000FFFFFFFFFFFFFFFFFFFFFFFFFFFFFFFFBD
:10B3A000FFFFFFFFFFFFFFFFFFFFFFFFFFFFFFFFAD
:10B3B000FFFFFFFFFFFFFFFFFFFFFFFFFFFFFFFF9D
:10B3C000FFFFFFFFFFFFFFFFFFFFFFFFFFFFFFFF8D
:10B3D000FFFFFFFFFFFFFFFFFFFFFFFFFFFFFFFF7D
:10B3E000FFFFFFFFFFFFFFFFFFFFFFFFFFFFFFFF6D
:10B3F000FFFFFFFFFFFFFFFFFFFFFFFFFFFFFFFF5D
:10B40000FFFFFFFFFFFFFFFFFFFFFFFFFFFFFFFF4C
:10B41000FFFFFFFFFFFFFFFFFFFFFFFFFFFFFFFF3C
:10B42000FFFFFFFFFFFFFFFFFFFFFFFFFFFFFFFF2C
:10B43000FFFFFFFFFFFFFFFFFFFFFFFFFFFFFFFF1C
:10B44000FFFFFFFFFFFFFFFFFFFFFFFFFFFFFFFF0C
:10B45000FFFFFFFFFFFFFFFFFFFFFFFFFFFFFFFFFC
:10B46000FFFFFFFFFFFFFFFFFFFFFFFFFFFFFFFFEC
:10B47000FFFFFFFFFFFFFFFFFFFFFFFFFFFFFFFFDC
:10B48000FFFFFFFFFFFFFFFFFFFFFFFFFFFFFFFFCC
:10B49000FFFFFFFFFFFFFFFFFFFFFFFFFFFFFFFFBC
:10B4A000FFFFFFFFFFFFFFFFFFFFFFFFFFFFFFFFAC
:10B4B000FFFFFFFFFFFFFFFFFFFFFFFFFFFFFFFF9C
:10B4C000FFFFFFFFFFFFFFFFFFFFFFFFFFFFFFFF8C
:10B4D000FFFFFFFFFFFFFFFFFFFFFFFFFFFFFFFF7C
:10B4E000FFFFFFFFFFFFFFFFFFFFFFFFFFFFFFFF6C
:10B4F000FFFFFFFFFFFFFFFFFFFFFFFFFFFFFFFF5C
:10B50000FFFFFFFFFFFFFFFFFFFFFFFFFFFFFFFF4B
:10B51000FFFFFFFFFFFFFFFFFFFFFFFFFFFFFFFF3B
:10B52000FFFFFFFFFFFFFFFFFFFFFFFFFFFFFFFF2B
:10B53000FFFFFFFFFFFFFFFFFFFFFFFFFFFFFFFF1B
:10B54000FFFFFFFFFFFFFFFFFFFFFFFFFFFFFFFF0B
:10B55000FFFFFFFFFFFFFFFFFFFFFFFFFFFFFFFFFB
:10B56000FFFFFFFFFFFFFFFFFFFFFFFFFFFFFFFFEB
:10B57000FFFFFFFFFFFFFFFFFFFFFFFFFFFFFFFFDB
:10B58000FFFFFFFFFFFFFFFFFFFFFFFFFFFFFFFFCB
:10B59000FFFFFFFFFFFFFFFFFFFFFFFFFFFFFFFFBB
:10B5A000FFFFFFFFFFFFFFFFFFFFFFFFFFFFFFFFAB
:10B5B000FFFFFFFFFFFFFFFFFFFFFFFFFFFFFFFF9B
:10B5C000FFFFFFFFFFFFFFFFFFFFFFFFFFFFFFFF8B
:10B5D000FFFFFFFFFFFFFFFFFFFFFFFFFFFFFFFF7B
:10B5E000FFFFFFFFFFFFFFFFFFFFFFFFFFFFFFFF6B
:10B5F000FFFFFFFFFFFFFFFFFFFFFFFFFFFFFFFF5B
:10B60000FFFFFFFFFFFFFFFFFFFFFFFFFFFFFFFF4A
:10B61000FFFFFFFFFFFFFFFFFFFFFFFFFFFFFFFF3A
:10B62000FFFFFFFFFFFFFFFFFFFFFFFFFFFFFFFF2A
:10B63000FFFFFFFFFFFFFFFFFFFFFFFFFFFFFFFF1A
:10B64000FFFFFFFFFFFFFFFFFFFFFFFFFFFFFFFF0A
:10B65000FFFFFFFFFFFFFFFFFFFFFFFFFFFFFFFFFA
:10B66000FFFFFFFFFFFFFFFFFFFFFFFFFFFFFFFFEA
:10B67000FFFFFFFFFFFFFFFFFFFFFFFFFFFFFFFFDA
:10B68000FFFFFFFFFFFFFFFFFFFFFFFFFFFFFFFFCA
:10B69000FFFFFFFFFFFFFFFFFFFFFFFFFFFFFFFFBA
:10B6A000FFFFFFFFFFFFFFFFFFFFFFFFFFFFFFFFAA
:10B6B000FFFFFFFFFFFFFFFFFFFFFFFFFFFFFFFF9A
:10B6C000FFFFFFFFFFFFFFFFFFFFFFFFFFFFFFFF8A
:10B6D000FFFFFFFFFFFFFFFFFFFFFFFFFFFFFFFF7A
:10B6E000FFFFFFFFFFFFFFFFFFFFFFFFFFFFFFFF6A
:10B6F000FFFFFFFFFFFFFFFFFFFFFFFFFFFFFFFF5A
:10B70000FFFFFFFFFFFFFFFFFFFFFFFFFFFFFFFF49
:10B71000FFFFFFFFFFFFFFFFFFFFFFFFFFFFFFFF39
:10B72000FFFFFFFFFFFFFFFFFFFFFFFFFFFFFFFF29
:10B73000FFFFFFFFFFFFFFFFFFFFFFFFFFFFFFFF19
:10B74000FFFFFFFFFFFFFFFFFFFFFFFFFFFFFFFF09
:10B75000FFFFFFFFFFFFFFFFFFFFFFFFFFFFFFFFF9
:10B76000FFFFFFFFFFFFFFFFFFFFFFFFFFFFFFFFE9
:10B77000FFFFFFFFFFFFFFFFFFFFFFFFFFFFFFFFD9
:10B78000FFFFFFFFFFFFFFFFFFFFFFFFFFFFFFFFC9
:10B79000FFFFFFFFFFFFFFFFFFFFFFFFFFFFFFFFB9
:10B7A000FFFFFFFFFFFFFFFFFFFFFFFFFFFFFFFFA9
:10B7B000FFFFFFFFFFFFFFFFFFFFFFFFFFFFFFFF99
:10B7C000FFFFFFFFFFFFFFFFFFFFFFFFFFFFFFFF89
:10B7D000FFFFFFFFFFFFFFFFFFFFFFFFFFFFFFFF79
:10B7E000FFFFFFFFFFFFFFFFFFFFFFFFFFFFFFFF69
:10B7F000FFFFFFFFFFFFFFFFFFFFFFFFFFFFFFFF59
:10B80000FFFFFFFFFFFFFFFFFFFFFFFFFFFFFFFF48
:10B81000FFFFFFFFFFFFFFFFFFFFFFFFFFFFFFFF38
:10B82000FFFFFFFFFFFFFFFFFFFFFFFFFFFFFFFF28
:10B83000FFFFFFFFFFFFFFFFFFFFFFFFFFFFFFFF18
:10B84000FFFFFFFFFFFFFFFFFFFFFFFFFFFFFFFF08
:10B85000FFFFFFFFFFFFFFFFFFFFFFFFFFFFFFFFF8
:10B86000FFFFFFFFFFFFFFFFFFFFFFFFFFFFFFFFE8
:10B87000FFFFFFFFFFFFFFFFFFFFFFFFFFFFFFFFD8
:10B88000FFFFFFFFFFFFFFFFFFFFFFFFFFFFFFFFC8
:10B89000FFFFFFFFFFFFFFFFFFFFFFFFFFFFFFFFB8
:10B8A000FFFFFFFFFFFFFFFFFFFFFFFFFFFFFFFFA8
:10B8B000FFFFFFFFFFFFFFFFFFFFFFFFFFFFFFFF98
:10B8C000FFFFFFFFFFFFFFFFFFFFFFFFFFFFFFFF88
:10B8D000FFFFFFFFFFFFFFFFFFFFFFFFFFFFFFFF78
:10B8E000FFFFFFFFFFFFFFFFFFFFFFFFFFFFFFFF68
:10B8F000FFFFFFFFFFFFFFFFFFFFFFFFFFFFFFFF58
:10B90000FFFFFFFFFFFFFFFFFFFFFFFFFFFFFFFF47
:10B91000FFFFFFFFFFFFFFFFFFFFFFFFFFFFFFFF37
:10B92000FFFFFFFFFFFFFFFFFFFFFFFFFFFFFFFF27
:10B93000FFFFFFFFFFFFFFFFFFFFFFFFFFFFFFFF17
:10B94000FFFFFFFFFFFFFFFFFFFFFFFFFFFFFFFF07
:10B95000FFFFFFFFFFFFFFFFFFFFFFFFFFFFFFFFF7
:10B96000FFFFFFFFFFFFFFFFFFFFFFFFFFFFFFFFE7
:10B97000FFFFFFFFFFFFFFFFFFFFFFFFFFFFFFFFD7
:10B98000FFFFFFFFFFFFFFFFFFFFFFFFFFFFFFFFC7
:10B99000FFFFFFFFFFFFFFFFFFFFFFFFFFFFFFFFB7
:10B9A000FFFFFFFFFFFFFFFFFFFFFFFFFFFFFFFFA7
:10B9B000FFFFFFFFFFFFFFFFFFFFFFFFFFFFFFFF97
:10B9C000FFFFFFFFFFFFFFFFFFFFFFFFFFFFFFFF87
:10B9D000FFFFFFFFFFFFFFFFFFFFFFFFFFFFFFFF77
:10B9E000FFFFFFFFFFFFFFFFFFFFFFFFFFFFFFFF67
:10B9F000FFFFFFFFFFFFFFFFFFFFFFFFFFFFFFFF57
:10BA0000FFFFFFFFFFFFFFFFFFFFFFFFFFFFFFFF46
:10BA1000FFFFFFFFFFFFFFFFFFFFFFFFFFFFFFFF36
:10BA2000FFFFFFFFFFFFFFFFFFFFFFFFFFFFFFFF26
:10BA3000FFFFFFFFFFFFFFFFFFFFFFFFFFFFFFFF16
:10BA4000FFFFFFFFFFFFFFFFFFFFFFFFFFFFFFFF06
:10BA5000FFFFFFFFFFFFFFFFFFFFFFFFFFFFFFFFF6
:10BA6000FFFFFFFFFFFFFFFFFFFFFFFFFFFFFFFFE6
:10BA7000FFFFFFFFFFFFFFFFFFFFFFFFFFFFFFFFD6
:10BA8000FFFFFFFFFFFFFFFFFFFFFFFFFFFFFFFFC6
:10BA9000FFFFFFFFFFFFFFFFFFFFFFFFFFFFFFFFB6
:10BAA000FFFFFFFFFFFFFFFFFFFFFFFFFFFFFFFFA6
:10BAB000FFFFFFFFFFFFFFFFFFFFFFFFFFFFFFFF96
:10BAC000FFFFFFFFFFFFFFFFFFFFFFFFFFFFFFFF86
:10BAD000FFFFFFFFFFFFFFFFFFFFFFFFFFFFFFFF76
:10BAE000FFFFFFFFFFFFFFFFFFFFFFFFFFFFFFFF66
:10BAF000FFFFFFFFFFFFFFFFFFFFFFFFFFFFFFFF56
:10BB0000FFFFFFFFFFFFFFFFFFFFFFFFFFFFFFFF45
:10BB1000FFFFFFFFFFFFFFFFFFFFFFFFFFFFFFFF35
:10BB2000FFFFFFFFFFFFFFFFFFFFFFFFFFFFFFFF25
:10BB3000FFFFFFFFFFFFFFFFFFFFFFFFFFFFFFFF15
:10BB4000FFFFFFFFFFFFFFFFFFFFFFFFFFFFFFFF05
:10BB5000FFFFFFFFFFFFFFFFFFFFFFFFFFFFFFFFF5
:10BB6000FFFFFFFFFFFFFFFFFFFFFFFFFFFFFFFFE5
:10BB7000FFFFFFFFFFFFFFFFFFFFFFFFFFFFFFFFD5
:10BB8000FFFFFFFFFFFFFFFFFFFFFFFFFFFFFFFFC5
:10BB9000FFFFFFFFFFFFFFFFFFFFFFFFFFFFFFFFB5
:10BBA000FFFFFFFFFFFFFFFFFFFFFFFFFFFFFFFFA5
:10BBB000FFFFFFFFFFFFFFFFFFFFFFFFFFFFFFFF95
:10BBC000FFFFFFFFFFFFFFFFFFFFFFFFFFFFFFFF85
:10BBD000FFFFFFFFFFFFFFFFFFFFFFFFFFFFFFFF75
:10BBE000FFFFFFFFFFFFFFFFFFFFFFFFFFFFFFFF65
:10BBF000FFFFFFFFFFFFFFFFFFFFFFFFFFFFFFFF55
:10BC0000FFFFFFFFFFFFFFFFFFFFFFFFFFFFFFFF44
:10BC1000FFFFFFFFFFFFFFFFFFFFFFFFFFFFFFFF34
:10BC2000FFFFFFFFFFFFFFFFFFFFFFFFFFFFFFFF24
:10BC3000FFFFFFFFFFFFFFFFFFFFFFFFFFFFFFFF14
:10BC4000FFFFFFFFFFFFFFFFFFFFFFFFFFFFFFFF04
:10BC5000FFFFFFFFFFFFFFFFFFFFFFFFFFFFFFFFF4
:10BC6000FFFFFFFFFFFFFFFFFFFFFFFFFFFFFFFFE4
:10BC7000FFFFFFFFFFFFFFFFFFFFFFFFFFFFFFFFD4
:10BC8000FFFFFFFFFFFFFFFFFFFFFFFFFFFFFFFFC4
:10BC9000FFFFFFFFFFFFFFFFFFFFFFFFFFFFFFFFB4
:10BCA000FFFFFFFFFFFFFFFFFFFFFFFFFFFFFFFFA4
:10BCB000FFFFFFFFFFFFFFFFFFFFFFFFFFFFFFFF94
:10BCC000FFFFFFFFFFFFFFFFFFFFFFFFFFFFFFFF84
:10BCD000FFFFFFFFFFFFFFFFFFFFFFFFFFFFFFFF74
:10BCE000FFFFFFFFFFFFFFFFFFFFFFFFFFFFFFFF64
:10BCF000FFFFFFFFFFFFFFFFFFFFFFFFFFFFFFFF54
:10BD0000FFFFFFFFFFFFFFFFFFFFFFFFFFFFFFFF43
:10BD1000FFFFFFFFFFFFFFFFFFFFFFFFFFFFFFFF33
:10BD2000FFFFFFFFFFFFFFFFFFFFFFFFFFFFFFFF23
:10BD3000FFFFFFFFFFFFFFFFFFFFFFFFFFFFFFFF13
:10BD4000FFFFFFFFFFFFFFFFFFFFFFFFFFFFFFFF03
:10BD5000FFFFFFFFFFFFFFFFFFFFFFFFFFFFFFFFF3
:10BD6000FFFFFFFFFFFFFFFFFFFFFFFFFFFFFFFFE3
:10BD7000FFFFFFFFFFFFFFFFFFFFFFFFFFFFFFFFD3
:10BD8000FFFFFFFFFFFFFFFFFFFFFFFFFFFFFFFFC3
:10BD9000FFFFFFFFFFFFFFFFFFFFFFFFFFFFFFFFB3
:10BDA000FFFFFFFFFFFFFFFFFFFFFFFFFFFFFFFFA3
:10BDB000FFFFFFFFFFFFFFFFFFFFFFFFFFFFFFFF93
:10BDC000FFFFFFFFFFFFFFFFFFFFFFFFFFFFFFFF83
:10BDD000FFFFFFFFFFFFFFFFFFFFFFFFFFFFFFFF73
:10BDE000FFFFFFFFFFFFFFFFFFFFFFFFFFFFFFFF63
:10BDF000FFFFFFFFFFFFFFFFFFFFFFFFFFFFFFFF53
:10BE0000FFFFFFFFFFFFFFFFFFFFFFFFFFFFFFFF42
:10BE1000FFFFFFFFFFFFFFFFFFFFFFFFFFFFFFFF32
:10BE2000FFFFFFFFFFFFFFFFFFFFFFFFFFFFFFFF22
:10BE3000FFFFFFFFFFFFFFFFFFFFFFFFFFFFFFFF12
:10BE4000FFFFFFFFFFFFFFFFFFFFFFFFFFFFFFFF02
:10BE5000FFFFFFFFFFFFFFFFFFFFFFFFFFFFFFFFF2
:10BE6000FFFFFFFFFFFFFFFFFFFFFFFFFFFFFFFFE2
:10BE7000FFFFFFFFFFFFFFFFFFFFFFFFFFFFFFFFD2
:10BE8000FFFFFFFFFFFFFFFFFFFFFFFFFFFFFFFFC2
:10BE9000FFFFFFFFFFFFFFFFFFFFFFFFFFFFFFFFB2
:10BEA000FFFFFFFFFFFFFFFFFFFFFFFFFFFFFFFFA2
:10BEB000FFFFFFFFFFFFFFFFFFFFFFFFFFFFFFFF92
:10BEC000FFFFFFFFFFFFFFFFFFFFFFFFFFFFFFFF82
:10BED000FFFFFFFFFFFFFFFFFFFFFFFFFFFFFFFF72
:10BEE000FFFFFFFFFFFFFFFFFFFFFFFFFFFFFFFF62
:10BEF000FFFFFFFFFFFFFFFFFFFFFFFFFFFFFFFF52
:10BF0000FFFFFFFFFFFFFFFFFFFFFFFFFFFFFFFF41
:10BF1000FFFFFFFFFFFFFFFFFFFFFFFFFFFFFFFF31
:10BF2000FFFFFFFFFFFFFFFFFFFFFFFFFFFFFFFF21
:10BF3000FFFFFFFFFFFFFFFFFFFFFFFFFFFFFFFF11
:10BF4000FFFFFFFFFFFFFFFFFFFFFFFFFFFFFFFF01
:10BF5000FFFFFFFFFFFFFFFFFFFFFFFFFFFFFFFFF1
:10BF6000FFFFFFFFFFFFFFFFFFFFFFFFFFFFFFFFE1
:10BF7000FFFFFFFFFFFFFFFFFFFFFFFFFFFFFFFFD1
:10BF8000FFFFFFFFFFFFFFFFFFFFFFFFFFFFFFFFC1
:10BF9000FFFFFFFFFFFFFFFFFFFFFFFFFFFFFFFFB1
:10BFA000FFFFFFFFFFFFFFFFFFFFFFFFFFFFFFFFA1
:10BFB000FFFFFFFFFFFFFFFFFFFFFFFFFFFFFFFF91
:10BFC000FFFFFFFFFFFFFFFFFFFFFFFFFFFFFFFF81
:10BFD000FFFFFFFFFFFFFFFFFFFFFFFFFFFFFFFF71
:10BFE000FFFFFFFFFFFFFFFFFFFFFFFFFFFFFFFF61
:10BFF000FFFFFFFFFFFFFFFFFFFFFFFFFFFFFFFF51
:10C00000FFFFFFFFFFFFFFFFFFFFFFFFFFFFFFFF40
:10C01000FFFFFFFFFFFFFFFFFFFFFFFFFFFFFFFF30
:10C02000FFFFFFFFFFFFFFFFFFFFFFFFFFFFFFFF20
:10C03000FFFFFFFFFFFFFFFFFFFFFFFFFFFFFFFF10
:10C04000FFFFFFFFFFFFFFFFFFFFFFFFFFFFFFFF00
:10C05000FFFFFFFFFFFFFFFFFFFFFFFFFFFFFFFFF0
:10C06000FFFFFFFFFFFFFFFFFFFFFFFFFFFFFFFFE0
:10C07000FFFFFFFFFFFFFFFFFFFFFFFFFFFFFFFFD0
:10C08000FFFFFFFFFFFFFFFFFFFFFFFFFFFFFFFFC0
:10C09000FFFFFFFFFFFFFFFFFFFFFFFFFFFFFFFFB0
:10C0A000FFFFFFFFFFFFFFFFFFFFFFFFFFFFFFFFA0
:10C0B000FFFFFFFFFFFFFFFFFFFFFFFFFFFFFFFF90
:10C0C000FFFFFFFFFFFFFFFFFFFFFFFFFFFFFFFF80
:10C0D000FFFFFFFFFFFFFFFFFFFFFFFFFFFFFFFF70
:10C0E000FFFFFFFFFFFFFFFFFFFFFFFFFFFFFFFF60
:10C0F000FFFFFFFFFFFFFFFFFFFFFFFFFFFFFFFF50
:10C10000FFFFFFFFFFFFFFFFFFFFFFFFFFFFFFFF3F
:10C11000FFFFFFFFFFFFFFFFFFFFFFFFFFFFFFFF2F
:10C12000FFFFFFFFFFFFFFFFFFFFFFFFFFFFFFFF1F
:10C13000FFFFFFFFFFFFFFFFFFFFFFFFFFFFFFFF0F
:10C14000FFFFFFFFFFFFFFFFFFFFFFFFFFFFFFFFFF
:10C15000FFFFFFFFFFFFFFFFFFFFFFFFFFFFFFFFEF
:10C16000FFFFFFFFFFFFFFFFFFFFFFFFFFFFFFFFDF
:10C17000FFFFFFFFFFFFFFFFFFFFFFFFFFFFFFFFCF
:10C18000FFFFFFFFFFFFFFFFFFFFFFFFFFFFFFFFBF
:10C19000FFFFFFFFFFFFFFFFFFFFFFFFFFFFFFFFAF
:10C1A000FFFFFFFFFFFFFFFFFFFFFFFFFFFFFFFF9F
:10C1B000FFFFFFFFFFFFFFFFFFFFFFFFFFFFFFFF8F
:10C1C000FFFFFFFFFFFFFFFFFFFFFFFFFFFFFFFF7F
:10C1D000FFFFFFFFFFFFFFFFFFFFFFFFFFFFFFFF6F
:10C1E000FFFFFFFFFFFFFFFFFFFFFFFFFFFFFFFF5F
:10C1F000FFFFFFFFFFFFFFFFFFFFFFFFFFFFFFFF4F
:10C20000FFFFFFFFFFFFFFFFFFFFFFFFFFFFFFFF3E
:10C21000FFFFFFFFFFFFFFFFFFFFFFFFFFFFFFFF2E
:10C22000FFFFFFFFFFFFFFFFFFFFFFFFFFFFFFFF1E
:10C23000FFFFFFFFFFFFFFFFFFFFFFFFFFFFFFFF0E
:10C24000FFFFFFFFFFFFFFFFFFFFFFFFFFFFFFFFFE
:10C25000FFFFFFFFFFFFFFFFFFFFFFFFFFFFFFFFEE
:10C26000FFFFFFFFFFFFFFFFFFFFFFFFFFFFFFFFDE
:10C27000FFFFFFFFFFFFFFFFFFFFFFFFFFFFFFFFCE
:10C28000FFFFFFFFFFFFFFFFFFFFFFFFFFFFFFFFBE
:10C29000FFFFFFFFFFFFFFFFFFFFFFFFFFFFFFFFAE
:10C2A000FFFFFFFFFFFFFFFFFFFFFFFFFFFFFFFF9E
:10C2B000FFFFFFFFFFFFFFFFFFFFFFFFFFFFFFFF8E
:10C2C000FFFFFFFFFFFFFFFFFFFFFFFFFFFFFFFF7E
:10C2D000FFFFFFFFFFFFFFFFFFFFFFFFFFFFFFFF6E
:10C2E000FFFFFFFFFFFFFFFFFFFFFFFFFFFFFFFF5E
:10C2F000FFFFFFFFFFFFFFFFFFFFFFFFFFFFFFFF4E
:10C30000FFFFFFFFFFFFFFFFFFFFFFFFFFFFFFFF3D
:10C31000FFFFFFFFFFFFFFFFFFFFFFFFFFFFFFFF2D
:10C32000FFFFFFFFFFFFFFFFFFFFFFFFFFFFFFFF1D
:10C33000FFFFFFFFFFFFFFFFFFFFFFFFFFFFFFFF0D
:10C34000FFFFFFFFFFFFFFFFFFFFFFFFFFFFFFFFFD
:10C35000FFFFFFFFFFFFFFFFFFFFFFFFFFFFFFFFED
:10C36000FFFFFFFFFFFFFFFFFFFFFFFFFFFFFFFFDD
:10C37000FFFFFFFFFFFFFFFFFFFFFFFFFFFFFFFFCD
:10C38000FFFFFFFFFFFFFFFFFFFFFFFFFFFFFFFFBD
:10C39000FFFFFFFFFFFFFFFFFFFFFFFFFFFFFFFFAD
:10C3A000FFFFFFFFFFFFFFFFFFFFFFFFFFFFFFFF9D
:10C3B000FFFFFFFFFFFFFFFFFFFFFFFFFFFFFFFF8D
:10C3C000FFFFFFFFFFFFFFFFFFFFFFFFFFFFFFFF7D
:10C3D000FFFFFFFFFFFFFFFFFFFFFFFFFFFFFFFF6D
:10C3E000FFFFFFFFFFFFFFFFFFFFFFFFFFFFFFFF5D
:10C3F000FFFFFFFFFFFFFFFFFFFFFFFFFFFFFFFF4D
:10C40000FFFFFFFFFFFFFFFFFFFFFFFFFFFFFFFF3C
:10C41000FFFFFFFFFFFFFFFFFFFFFFFFFFFFFFFF2C
:10C42000FFFFFFFFFFFFFFFFFFFFFFFFFFFFFFFF1C
:10C43000FFFFFFFFFFFFFFFFFFFFFFFFFFFFFFFF0C
:10C44000FFFFFFFFFFFFFFFFFFFFFFFFFFFFFFFFFC
:10C45000FFFFFFFFFFFFFFFFFFFFFFFFFFFFFFFFEC
:10C46000FFFFFFFFFFFFFFFFFFFFFFFFFFFFFFFFDC
:10C47000FFFFFFFFFFFFFFFFFFFFFFFFFFFFFFFFCC
:10C48000FFFFFFFFFFFFFFFFFFFFFFFFFFFFFFFFBC
:10C49000FFFFFFFFFFFFFFFFFFFFFFFFFFFFFFFFAC
:10C4A000FFFFFFFFFFFFFFFFFFFFFFFFFFFFFFFF9C
:10C4B000FFFFFFFFFFFFFFFFFFFFFFFFFFFFFFFF8C
:10C4C000FFFFFFFFFFFFFFFFFFFFFFFFFFFFFFFF7C
:10C4D000FFFFFFFFFFFFFFFFFFFFFFFFFFFFFFFF6C
:10C4E000FFFFFFFFFFFFFFFFFFFFFFFFFFFFFFFF5C
:10C4F000FFFFFFFFFFFFFFFFFFFFFFFFFFFFFFFF4C
:10C50000FFFFFFFFFFFFFFFFFFFFFFFFFFFFFFFF3B
:10C51000FFFFFFFFFFFFFFFFFFFFFFFFFFFFFFFF2B
:10C52000FFFFFFFFFFFFFFFFFFFFFFFFFFFFFFFF1B
:10C53000FFFFFFFFFFFFFFFFFFFFFFFFFFFFFFFF0B
:10C54000FFFFFFFFFFFFFFFFFFFFFFFFFFFFFFFFFB
:10C55000FFFFFFFFFFFFFFFFFFFFFFFFFFFFFFFFEB
:10C56000FFFFFFFFFFFFFFFFFFFFFFFFFFFFFFFFDB
:10C57000FFFFFFFFFFFFFFFFFFFFFFFFFFFFFFFFCB
:10C58000FFFFFFFFFFFFFFFFFFFFFFFFFFFFFFFFBB
:10C59000FFFFFFFFFFFFFFFFFFFFFFFFFFFFFFFFAB
:10C5A000FFFFFFFFFFFFFFFFFFFFFFFFFFFFFFFF9B
:10C5B000FFFFFFFFFFFFFFFFFFFFFFFFFFFFFFFF8B
:10C5C000FFFFFFFFFFFFFFFFFFFFFFFFFFFFFFFF7B
:10C5D000FFFFFFFFFFFFFFFFFFFFFFFFFFFFFFFF6B
:10C5E000FFFFFFFFFFFFFFFFFFFFFFFFFFFFFFFF5B
:10C5F000FFFFFFFFFFFFFFFFFFFFFFFFFFFFFFFF4B
:10C60000FFFFFFFFFFFFFFFFFFFFFFFFFFFFFFFF3A
:10C61000FFFFFFFFFFFFFFFFFFFFFFFFFFFFFFFF2A
:10C62000FFFFFFFFFFFFFFFFFFFFFFFFFFFFFFFF1A
:10C63000FFFFFFFFFFFFFFFFFFFFFFFFFFFFFFFF0A
:10C64000FFFFFFFFFFFFFFFFFFFFFFFFFFFFFFFFFA
:10C65000FFFFFFFFFFFFFFFFFFFFFFFFFFFFFFFFEA
:10C66000FFFFFFFFFFFFFFFFFFFFFFFFFFFFFFFFDA
:10C67000FFFFFFFFFFFFFFFFFFFFFFFFFFFFFFFFCA
:10C68000FFFFFFFFFFFFFFFFFFFFFFFFFFFFFFFFBA
:10C69000FFFFFFFFFFFFFFFFFFFFFFFFFFFFFFFFAA
:10C6A000FFFFFFFFFFFFFFFFFFFFFFFFFFFFFFFF9A
:10C6B000FFFFFFFFFFFFFFFFFFFFFFFFFFFFFFFF8A
:10C6C000FFFFFFFFFFFFFFFFFFFFFFFFFFFFFFFF7A
:10C6D000FFFFFFFFFFFFFFFFFFFFFFFFFFFFFFFF6A
:10C6E000FFFFFFFFFFFFFFFFFFFFFFFFFFFFFFFF5A
:10C6F000FFFFFFFFFFFFFFFFFFFFFFFFFFFFFFFF4A
:10C70000FFFFFFFFFFFFFFFFFFFFFFFFFFFFFFFF39
:10C71000FFFFFFFFFFFFFFFFFFFFFFFFFFFFFFFF29
:10C72000FFFFFFFFFFFFFFFFFFFFFFFFFFFFFFFF19
:10C73000FFFFFFFFFFFFFFFFFFFFFFFFFFFFFFFF09
:10C74000FFFFFFFFFFFFFFFFFFFFFFFFFFFFFFFFF9
:10C75000FFFFFFFFFFFFFFFFFFFFFFFFFFFFFFFFE9
:10C76000FFFFFFFFFFFFFFFFFFFFFFFFFFFFFFFFD9
:10C77000FFFFFFFFFFFFFFFFFFFFFFFFFFFFFFFFC9
:10C78000FFFFFFFFFFFFFFFFFFFFFFFFFFFFFFFFB9
:10C79000FFFFFFFFFFFFFFFFFFFFFFFFFFFFFFFFA9
:10C7A000FFFFFFFFFFFFFFFFFFFFFFFFFFFFFFFF99
:10C7B000FFFFFFFFFFFFFFFFFFFFFFFFFFFFFFFF89
:10C7C000FFFFFFFFFFFFFFFFFFFFFFFFFFFFFFFF79
:10C7D000FFFFFFFFFFFFFFFFFFFFFFFFFFFFFFFF69
:10C7E000FFFFFFFFFFFFFFFFFFFFFFFFFFFFFFFF59
:10C7F000FFFFFFFFFFFFFFFFFFFFFFFFFFFFFFFF49
:10C80000FFFFFFFFFFFFFFFFFFFFFFFFFFFFFFFF38
:10C81000FFFFFFFFFFFFFFFFFFFFFFFFFFFFFFFF28
:10C82000FFFFFFFFFFFFFFFFFFFFFFFFFFFFFFFF18
:10C83000FFFFFFFFFFFFFFFFFFFFFFFFFFFFFFFF08
:10C84000FFFFFFFFFFFFFFFFFFFFFFFFFFFFFFFFF8
:10C85000FFFFFFFFFFFFFFFFFFFFFFFFFFFFFFFFE8
:10C86000FFFFFFFFFFFFFFFFFFFFFFFFFFFFFFFFD8
:10C87000FFFFFFFFFFFFFFFFFFFFFFFFFFFFFFFFC8
:10C88000FFFFFFFFFFFFFFFFFFFFFFFFFFFFFFFFB8
:10C89000FFFFFFFFFFFFFFFFFFFFFFFFFFFFFFFFA8
:10C8A000FFFFFFFFFFFFFFFFFFFFFFFFFFFFFFFF98
:10C8B000FFFFFFFFFFFFFFFFFFFFFFFFFFFFFFFF88
:10C8C000FFFFFFFFFFFFFFFFFFFFFFFFFFFFFFFF78
:10C8D000FFFFFFFFFFFFFFFFFFFFFFFFFFFFFFFF68
:10C8E000FFFFFFFFFFFFFFFFFFFFFFFFFFFFFFFF58
:10C8F000FFFFFFFFFFFFFFFFFFFFFFFFFFFFFFFF48
:10C90000FFFFFFFFFFFFFFFFFFFFFFFFFFFFFFFF37
:10C91000FFFFFFFFFFFFFFFFFFFFFFFFFFFFFFFF27
:10C92000FFFFFFFFFFFFFFFFFFFFFFFFFFFFFFFF17
:10C93000FFFFFFFFFFFFFFFFFFFFFFFFFFFFFFFF07
:10C94000FFFFFFFFFFFFFFFFFFFFFFFFFFFFFFFFF7
:10C95000FFFFFFFFFFFFFFFFFFFFFFFFFFFFFFFFE7
:10C96000FFFFFFFFFFFFFFFFFFFFFFFFFFFFFFFFD7
:10C97000FFFFFFFFFFFFFFFFFFFFFFFFFFFFFFFFC7
:10C98000FFFFFFFFFFFFFFFFFFFFFFFFFFFFFFFFB7
:10C99000FFFFFFFFFFFFFFFFFFFFFFFFFFFFFFFFA7
:10C9A000FFFFFFFFFFFFFFFFFFFFFFFFFFFFFFFF97
:10C9B000FFFFFFFFFFFFFFFFFFFFFFFFFFFFFFFF87
:10C9C000FFFFFFFFFFFFFFFFFFFFFFFFFFFFFFFF77
:10C9D000FFFFFFFFFFFFFFFFFFFFFFFFFFFFFFFF67
:10C9E000FFFFFFFFFFFFFFFFFFFFFFFFFFFFFFFF57
:10C9F000FFFFFFFFFFFFFFFFFFFFFFFFFFFFFFFF47
:10CA0000FFFFFFFFFFFFFFFFFFFFFFFFFFFFFFFF36
:10CA1000FFFFFFFFFFFFFFFFFFFFFFFFFFFFFFFF26
:10CA2000FFFFFFFFFFFFFFFFFFFFFFFFFFFFFFFF16
:10CA3000FFFFFFFFFFFFFFFFFFFFFFFFFFFFFFFF06
:10CA4000FFFFFFFFFFFFFFFFFFFFFFFFFFFFFFFFF6
:10CA5000FFFFFFFFFFFFFFFFFFFFFFFFFFFFFFFFE6
:10CA6000FFFFFFFFFFFFFFFFFFFFFFFFFFFFFFFFD6
:10CA7000FFFFFFFFFFFFFFFFFFFFFFFFFFFFFFFFC6
:10CA8000FFFFFFFFFFFFFFFFFFFFFFFFFFFFFFFFB6
:10CA9000FFFFFFFFFFFFFFFFFFFFFFFFFFFFFFFFA6
:10CAA000FFFFFFFFFFFFFFFFFFFFFFFFFFFFFFFF96
:10CAB000FFFFFFFFFFFFFFFFFFFFFFFFFFFFFFFF86
:10CAC000FFFFFFFFFFFFFFFFFFFFFFFFFFFFFFFF76
:10CAD000FFFFFFFFFFFFFFFFFFFFFFFFFFFFFFFF66
:10CAE000FFFFFFFFFFFFFFFFFFFFFFFFFFFFFFFF56
:10CAF000FFFFFFFFFFFFFFFFFFFFFFFFFFFFFFFF46
:10CB0000FFFFFFFFFFFFFFFFFFFFFFFFFFFFFFFF35
:10CB1000FFFFFFFFFFFFFFFFFFFFFFFFFFFFFFFF25
:10CB2000FFFFFFFFFFFFFFFFFFFFFFFFFFFFFFFF15
:10CB3000FFFFFFFFFFFFFFFFFFFFFFFFFFFFFFFF05
:10CB4000FFFFFFFFFFFFFFFFFFFFFFFFFFFFFFFFF5
:10CB5000FFFFFFFFFFFFFFFFFFFFFFFFFFFFFFFFE5
:10CB6000FFFFFFFFFFFFFFFFFFFFFFFFFFFFFFFFD5
:10CB7000FFFFFFFFFFFFFFFFFFFFFFFFFFFFFFFFC5
:10CB8000FFFFFFFFFFFFFFFFFFFFFFFFFFFFFFFFB5
:10CB9000FFFFFFFFFFFFFFFFFFFFFFFFFFFFFFFFA5
:10CBA000FFFFFFFFFFFFFFFFFFFFFFFFFFFFFFFF95
:10CBB000FFFFFFFFFFFFFFFFFFFFFFFFFFFFFFFF85
:10CBC000FFFFFFFFFFFFFFFFFFFFFFFFFFFFFFFF75
:10CBD000FFFFFFFFFFFFFFFFFFFFFFFFFFFFFFFF65
:10CBE000FFFFFFFFFFFFFFFFFFFFFFFFFFFFFFFF55
:10CBF000FFFFFFFFFFFFFFFFFFFFFFFFFFFFFFFF45
:10CC0000FFFFFFFFFFFFFFFFFFFFFFFFFFFFFFFF34
:10CC1000FFFFFFFFFFFFFFFFFFFFFFFFFFFFFFFF24
:10CC2000FFFFFFFFFFFFFFFFFFFFFFFFFFFFFFFF14
:10CC3000FFFFFFFFFFFFFFFFFFFFFFFFFFFFFFFF04
:10CC4000FFFFFFFFFFFFFFFFFFFFFFFFFFFFFFFFF4
:10CC5000FFFFFFFFFFFFFFFFFFFFFFFFFFFFFFFFE4
:10CC6000FFFFFFFFFFFFFFFFFFFFFFFFFFFFFFFFD4
:10CC7000FFFFFFFFFFFFFFFFFFFFFFFFFFFFFFFFC4
:10CC8000FFFFFFFFFFFFFFFFFFFFFFFFFFFFFFFFB4
:10CC9000FFFFFFFFFFFFFFFFFFFFFFFFFFFFFFFFA4
:10CCA000FFFFFFFFFFFFFFFFFFFFFFFFFFFFFFFF94
:10CCB000FFFFFFFFFFFFFFFFFFFFFFFFFFFFFFFF84
:10CCC000FFFFFFFFFFFFFFFFFFFFFFFFFFFFFFFF74
:10CCD000FFFFFFFFFFFFFFFFFFFFFFFFFFFFFFFF64
:10CCE000FFFFFFFFFFFFFFFFFFFFFFFFFFFFFFFF54
:10CCF000FFFFFFFFFFFFFFFFFFFFFFFFFFFFFFFF44
:10CD0000FFFFFFFFFFFFFFFFFFFFFFFFFFFFFFFF33
:10CD1000FFFFFFFFFFFFFFFFFFFFFFFFFFFFFFFF23
:10CD2000FFFFFFFFFFFFFFFFFFFFFFFFFFFFFFFF13
:10CD3000FFFFFFFFFFFFFFFFFFFFFFFFFFFFFFFF03
:10CD4000FFFFFFFFFFFFFFFFFFFFFFFFFFFFFFFFF3
:10CD5000FFFFFFFFFFFFFFFFFFFFFFFFFFFFFFFFE3
:10CD6000FFFFFFFFFFFFFFFFFFFFFFFFFFFFFFFFD3
:10CD7000FFFFFFFFFFFFFFFFFFFFFFFFFFFFFFFFC3
:10CD8000FFFFFFFFFFFFFFFFFFFFFFFFFFFFFFFFB3
:10CD9000FFFFFFFFFFFFFFFFFFFFFFFFFFFFFFFFA3
:10CDA000FFFFFFFFFFFFFFFFFFFFFFFFFFFFFFFF93
:10CDB000FFFFFFFFFFFFFFFFFFFFFFFFFFFFFFFF83
:10CDC000FFFFFFFFFFFFFFFFFFFFFFFFFFFFFFFF73
:10CDD000FFFFFFFFFFFFFFFFFFFFFFFFFFFFFFFF63
:10CDE000FFFFFFFFFFFFFFFFFFFFFFFFFFFFFFFF53
:10CDF000FFFFFFFFFFFFFFFFFFFFFFFFFFFFFFFF43
:10CE0000FFFFFFFFFFFFFFFFFFFFFFFFFFFFFFFF32
:10CE1000FFFFFFFFFFFFFFFFFFFFFFFFFFFFFFFF22
:10CE2000FFFFFFFFFFFFFFFFFFFFFFFFFFFFFFFF12
:10CE3000FFFFFFFFFFFFFFFFFFFFFFFFFFFFFFFF02
:10CE4000FFFFFFFFFFFFFFFFFFFFFFFFFFFFFFFFF2
:10CE5000FFFFFFFFFFFFFFFFFFFFFFFFFFFFFFFFE2
:10CE6000FFFFFFFFFFFFFFFFFFFFFFFFFFFFFFFFD2
:10CE7000FFFFFFFFFFFFFFFFFFFFFFFFFFFFFFFFC2
:10CE8000FFFFFFFFFFFFFFFFFFFFFFFFFFFFFFFFB2
:10CE9000FFFFFFFFFFFFFFFFFFFFFFFFFFFFFFFFA2
:10CEA000FFFFFFFFFFFFFFFFFFFFFFFFFFFFFFFF92
:10CEB000FFFFFFFFFFFFFFFFFFFFFFFFFFFFFFFF82
:10CEC000FFFFFFFFFFFFFFFFFFFFFFFFFFFFFFFF72
:10CED000FFFFFFFFFFFFFFFFFFFFFFFFFFFFFFFF62
:10CEE000FFFFFFFFFFFFFFFFFFFFFFFFFFFFFFFF52
:10CEF000FFFFFFFFFFFFFFFFFFFFFFFFFFFFFFFF42
:10CF0000FFFFFFFFFFFFFFFFFFFFFFFFFFFFFFFF31
:10CF1000FFFFFFFFFFFFFFFFFFFFFFFFFFFFFFFF21
:10CF2000FFFFFFFFFFFFFFFFFFFFFFFFFFFFFFFF11
:10CF3000FFFFFFFFFFFFFFFFFFFFFFFFFFFFFFFF01
:10CF4000FFFFFFFFFFFFFFFFFFFFFFFFFFFFFFFFF1
:10CF5000FFFFFFFFFFFFFFFFFFFFFFFFFFFFFFFFE1
:10CF6000FFFFFFFFFFFFFFFFFFFFFFFFFFFFFFFFD1
:10CF7000FFFFFFFFFFFFFFFFFFFFFFFFFFFFFFFFC1
:10CF8000FFFFFFFFFFFFFFFFFFFFFFFFFFFFFFFFB1
:10CF9000FFFFFFFFFFFFFFFFFFFFFFFFFFFFFFFFA1
:10CFA000FFFFFFFFFFFFFFFFFFFFFFFFFFFFFFFF91
:10CFB000FFFFFFFFFFFFFFFFFFFFFFFFFFFFFFFF81
:10CFC000FFFFFFFFFFFFFFFFFFFFFFFFFFFFFFFF71
:10CFD000FFFFFFFFFFFFFFFFFFFFFFFFFFFFFFFF61
:10CFE000FFFFFFFFFFFFFFFFFFFFFFFFFFFFFFFF51
:10CFF000FFFFFFFFFFFFFFFFFFFFFFFFFFFFFFFF41
:10D00000FFFFFFFFFFFFFFFFFFFFFFFFFFFFFFFF30
:10D01000FFFFFFFFFFFFFFFFFFFFFFFFFFFFFFFF20
:10D02000FFFFFFFFFFFFFFFFFFFFFFFFFFFFFFFF10
:10D03000FFFFFFFFFFFFFFFFFFFFFFFFFFFFFFFF00
:10D04000FFFFFFFFFFFFFFFFFFFFFFFFFFFFFFFFF0
:10D05000FFFFFFFFFFFFFFFFFFFFFFFFFFFFFFFFE0
:10D06000FFFFFFFFFFFFFFFFFFFFFFFFFFFFFFFFD0
:10D07000FFFFFFFFFFFFFFFFFFFFFFFFFFFFFFFFC0
:10D08000FFFFFFFFFFFFFFFFFFFFFFFFFFFFFFFFB0
:10D09000FFFFFFFFFFFFFFFFFFFFFFFFFFFFFFFFA0
:10D0A000FFFFFFFFFFFFFFFFFFFFFFFFFFFFFFFF90
:10D0B000FFFFFFFFFFFFFFFFFFFFFFFFFFFFFFFF80
:10D0C000FFFFFFFFFFFFFFFFFFFFFFFFFFFFFFFF70
:10D0D000FFFFFFFFFFFFFFFFFFFFFFFFFFFFFFFF60
:10D0E000FFFFFFFFFFFFFFFFFFFFFFFFFFFFFFFF50
:10D0F000FFFFFFFFFFFFFFFFFFFFFFFFFFFFFFFF40
:10D10000FFFFFFFFFFFFFFFFFFFFFFFFFFFFFFFF2F
:10D11000FFFFFFFFFFFFFFFFFFFFFFFFFFFFFFFF1F
:10D12000FFFFFFFFFFFFFFFFFFFFFFFFFFFFFFFF0F
:10D13000FFFFFFFFFFFFFFFFFFFFFFFFFFFFFFFFFF
:10D14000FFFFFFFFFFFFFFFFFFFFFFFFFFFFFFFFEF
:10D15000FFFFFFFFFFFFFFFFFFFFFFFFFFFFFFFFDF
:10D16000FFFFFFFFFFFFFFFFFFFFFFFFFFFFFFFFCF
:10D17000FFFFFFFFFFFFFFFFFFFFFFFFFFFFFFFFBF
:10D18000FFFFFFFFFFFFFFFFFFFFFFFFFFFFFFFFAF
:10D19000FFFFFFFFFFFFFFFFFFFFFFFFFFFFFFFF9F
:10D1A000FFFFFFFFFFFFFFFFFFFFFFFFFFFFFFFF8F
:10D1B000FFFFFFFFFFFFFFFFFFFFFFFFFFFFFFFF7F
:10D1C000FFFFFFFFFFFFFFFFFFFFFFFFFFFFFFFF6F
:10D1D000FFFFFFFFFFFFFFFFFFFFFFFFFFFFFFFF5F
:10D1E000FFFFFFFFFFFFFFFFFFFFFFFFFFFFFFFF4F
:10D1F000FFFFFFFFFFFFFFFFFFFFFFFFFFFFFFFF3F
:10D20000FFFFFFFFFFFFFFFFFFFFFFFFFFFFFFFF2E
:10D21000FFFFFFFFFFFFFFFFFFFFFFFFFFFFFFFF1E
:10D22000FFFFFFFFFFFFFFFFFFFFFFFFFFFFFFFF0E
:10D23000FFFFFFFFFFFFFFFFFFFFFFFFFFFFFFFFFE
:10D24000FFFFFFFFFFFFFFFFFFFFFFFFFFFFFFFFEE
:10D25000FFFFFFFFFFFFFFFFFFFFFFFFFFFFFFFFDE
:10D26000FFFFFFFFFFFFFFFFFFFFFFFFFFFFFFFFCE
:10D27000FFFFFFFFFFFFFFFFFFFFFFFFFFFFFFFFBE
:10D28000FFFFFFFFFFFFFFFFFFFFFFFFFFFFFFFFAE
:10D29000FFFFFFFFFFFFFFFFFFFFFFFFFFFFFFFF9E
:10D2A000FFFFFFFFFFFFFFFFFFFFFFFFFFFFFFFF8E
:10D2B000FFFFFFFFFFFFFFFFFFFFFFFFFFFFFFFF7E
:10D2C000FFFFFFFFFFFFFFFFFFFFFFFFFFFFFFFF6E
:10D2D000FFFFFFFFFFFFFFFFFFFFFFFFFFFFFFFF5E
:10D2E000FFFFFFFFFFFFFFFFFFFFFFFFFFFFFFFF4E
:10D2F000FFFFFFFFFFFFFFFFFFFFFFFFFFFFFFFF3E
:10D30000FFFFFFFFFFFFFFFFFFFFFFFFFFFFFFFF2D
:10D31000FFFFFFFFFFFFFFFFFFFFFFFFFFFFFFFF1D
:10D32000FFFFFFFFFFFFFFFFFFFFFFFFFFFFFFFF0D
:10D33000FFFFFFFFFFFFFFFFFFFFFFFFFFFFFFFFFD
:10D34000FFFFFFFFFFFFFFFFFFFFFFFFFFFFFFFFED
:10D35000FFFFFFFFFFFFFFFFFFFFFFFFFFFFFFFFDD
:10D36000FFFFFFFFFFFFFFFFFFFFFFFFFFFFFFFFCD
:10D37000FFFFFFFFFFFFFFFFFFFFFFFFFFFFFFFFBD
:10D38000FFFFFFFFFFFFFFFFFFFFFFFFFFFFFFFFAD
:10D39000FFFFFFFFFFFFFFFFFFFFFFFFFFFFFFFF9D
:10D3A000FFFFFFFFFFFFFFFFFFFFFFFFFFFFFFFF8D
:10D3B000FFFFFFFFFFFFFFFFFFFFFFFFFFFFFFFF7D
:10D3C000FFFFFFFFFFFFFFFFFFFFFFFFFFFFFFFF6D
:10D3D000FFFFFFFFFFFFFFFFFFFFFFFFFFFFFFFF5D
:10D3E000FFFFFFFFFFFFFFFFFFFFFFFFFFFFFFFF4D
:10D3F000FFFFFFFFFFFFFFFFFFFFFFFFFFFFFFFF3D
:10D40000FFFFFFFFFFFFFFFFFFFFFFFFFFFFFFFF2C
:10D41000FFFFFFFFFFFFFFFFFFFFFFFFFFFFFFFF1C
:10D42000FFFFFFFFFFFFFFFFFFFFFFFFFFFFFFFF0C
:10D43000FFFFFFFFFFFFFFFFFFFFFFFFFFFFFFFFFC
:10D44000FFFFFFFFFFFFFFFFFFFFFFFFFFFFFFFFEC
:10D45000FFFFFFFFFFFFFFFFFFFFFFFFFFFFFFFFDC
:10D46000FFFFFFFFFFFFFFFFFFFFFFFFFFFFFFFFCC
:10D47000FFFFFFFFFFFFFFFFFFFFFFFFFFFFFFFFBC
:10D48000FFFFFFFFFFFFFFFFFFFFFFFFFFFFFFFFAC
:10D49000FFFFFFFFFFFFFFFFFFFFFFFFFFFFFFFF9C
:10D4A000FFFFFFFFFFFFFFFFFFFFFFFFFFFFFFFF8C
:10D4B000FFFFFFFFFFFFFFFFFFFFFFFFFFFFFFFF7C
:10D4C000FFFFFFFFFFFFFFFFFFFFFFFFFFFFFFFF6C
:10D4D000FFFFFFFFFFFFFFFFFFFFFFFFFFFFFFFF5C
:10D4E000FFFFFFFFFFFFFFFFFFFFFFFFFFFFFFFF4C
:10D4F000FFFFFFFFFFFFFFFFFFFFFFFFFFFFFFFF3C
:10D50000FFFFFFFFFFFFFFFFFFFFFFFFFFFFFFFF2B
:10D51000FFFFFFFFFFFFFFFFFFFFFFFFFFFFFFFF1B
:10D52000FFFFFFFFFFFFFFFFFFFFFFFFFFFFFFFF0B
:10D53000FFFFFFFFFFFFFFFFFFFFFFFFFFFFFFFFFB
:10D54000FFFFFFFFFFFFFFFFFFFFFFFFFFFFFFFFEB
:10D55000FFFFFFFFFFFFFFFFFFFFFFFFFFFFFFFFDB
:10D56000FFFFFFFFFFFFFFFFFFFFFFFFFFFFFFFFCB
:10D57000FFFFFFFFFFFFFFFFFFFFFFFFFFFFFFFFBB
:10D58000FFFFFFFFFFFFFFFFFFFFFFFFFFFFFFFFAB
:10D59000FFFFFFFFFFFFFFFFFFFFFFFFFFFFFFFF9B
:10D5A000FFFFFFFFFFFFFFFFFFFFFFFFFFFFFFFF8B
:10D5B000FFFFFFFFFFFFFFFFFFFFFFFFFFFFFFFF7B
:10D5C000FFFFFFFFFFFFFFFFFFFFFFFFFFFFFFFF6B
:10D5D000FFFFFFFFFFFFFFFFFFFFFFFFFFFFFFFF5B
:10D5E000FFFFFFFFFFFFFFFFFFFFFFFFFFFFFFFF4B
:10D5F000FFFFFFFFFFFFFFFFFFFFFFFFFFFFFFFF3B
:10D60000FFFFFFFFFFFFFFFFFFFFFFFFFFFFFFFF2A
:10D61000FFFFFFFFFFFFFFFFFFFFFFFFFFFFFFFF1A
:10D62000FFFFFFFFFFFFFFFFFFFFFFFFFFFFFFFF0A
:10D63000FFFFFFFFFFFFFFFFFFFFFFFFFFFFFFFFFA
:10D64000FFFFFFFFFFFFFFFFFFFFFFFFFFFFFFFFEA
:10D65000FFFFFFFFFFFFFFFFFFFFFFFFFFFFFFFFDA
:10D66000FFFFFFFFFFFFFFFFFFFFFFFFFFFFFFFFCA
:10D67000FFFFFFFFFFFFFFFFFFFFFFFFFFFFFFFFBA
:10D68000FFFFFFFFFFFFFFFFFFFFFFFFFFFFFFFFAA
:10D69000FFFFFFFFFFFFFFFFFFFFFFFFFFFFFFFF9A
:10D6A000FFFFFFFFFFFFFFFFFFFFFFFFFFFFFFFF8A
:10D6B000FFFFFFFFFFFFFFFFFFFFFFFFFFFFFFFF7A
:10D6C000FFFFFFFFFFFFFFFFFFFFFFFFFFFFFFFF6A
:10D6D000FFFFFFFFFFFFFFFFFFFFFFFFFFFFFFFF5A
:10D6E000FFFFFFFFFFFFFFFFFFFFFFFFFFFFFFFF4A
:10D6F000FFFFFFFFFFFFFFFFFFFFFFFFFFFFFFFF3A
:10D70000FFFFFFFFFFFFFFFFFFFFFFFFFFFFFFFF29
:10D71000FFFFFFFFFFFFFFFFFFFFFFFFFFFFFFFF19
:10D72000FFFFFFFFFFFFFFFFFFFFFFFFFFFFFFFF09
:10D73000FFFFFFFFFFFFFFFFFFFFFFFFFFFFFFFFF9
:10D74000FFFFFFFFFFFFFFFFFFFFFFFFFFFFFFFFE9
:10D75000FFFFFFFFFFFFFFFFFFFFFFFFFFFFFFFFD9
:10D76000FFFFFFFFFFFFFFFFFFFFFFFFFFFFFFFFC9
:10D77000FFFFFFFFFFFFFFFFFFFFFFFFFFFFFFFFB9
:10D78000FFFFFFFFFFFFFFFFFFFFFFFFFFFFFFFFA9
:10D79000FFFFFFFFFFFFFFFFFFFFFFFFFFFFFFFF99
:10D7A000FFFFFFFFFFFFFFFFFFFFFFFFFFFFFFFF89
:10D7B000FFFFFFFFFFFFFFFFFFFFFFFFFFFFFFFF79
:10D7C000FFFFFFFFFFFFFFFFFFFFFFFFFFFFFFFF69
:10D7D000FFFFFFFFFFFFFFFFFFFFFFFFFFFFFFFF59
:10D7E000FFFFFFFFFFFFFFFFFFFFFFFFFFFFFFFF49
:10D7F000FFFFFFFFFFFFFFFFFFFFFFFFFFFFFFFF39
:10D80000FFFFFFFFFFFFFFFFFFFFFFFFFFFFFFFF28
:10D81000FFFFFFFFFFFFFFFFFFFFFFFFFFFFFFFF18
:10D82000FFFFFFFFFFFFFFFFFFFFFFFFFFFFFFFF08
:10D83000FFFFFFFFFFFFFFFFFFFFFFFFFFFFFFFFF8
:10D84000FFFFFFFFFFFFFFFFFFFFFFFFFFFFFFFFE8
:10D85000FFFFFFFFFFFFFFFFFFFFFFFFFFFFFFFFD8
:10D86000FFFFFFFFFFFFFFFFFFFFFFFFFFFFFFFFC8
:10D87000FFFFFFFFFFFFFFFFFFFFFFFFFFFFFFFFB8
:10D88000FFFFFFFFFFFFFFFFFFFFFFFFFFFFFFFFA8
:10D89000FFFFFFFFFFFFFFFFFFFFFFFFFFFFFFFF98
:10D8A000FFFFFFFFFFFFFFFFFFFFFFFFFFFFFFFF88
:10D8B000FFFFFFFFFFFFFFFFFFFFFFFFFFFFFFFF78
:10D8C000FFFFFFFFFFFFFFFFFFFFFFFFFFFFFFFF68
:10D8D000FFFFFFFFFFFFFFFFFFFFFFFFFFFFFFFF58
:10D8E000FFFFFFFFFFFFFFFFFFFFFFFFFFFFFFFF48
:10D8F000FFFFFFFFFFFFFFFFFFFFFFFFFFFFFFFF38
:10D90000FFFFFFFFFFFFFFFFFFFFFFFFFFFFFFFF27
:10D91000FFFFFFFFFFFFFFFFFFFFFFFFFFFFFFFF17
:10D92000FFFFFFFFFFFFFFFFFFFFFFFFFFFFFFFF07
:10D93000FFFFFFFFFFFFFFFFFFFFFFFFFFFFFFFFF7
:10D94000FFFFFFFFFFFFFFFFFFFFFFFFFFFFFFFFE7
:10D95000FFFFFFFFFFFFFFFFFFFFFFFFFFFFFFFFD7
:10D96000FFFFFFFFFFFFFFFFFFFFFFFFFFFFFFFFC7
:10D97000FFFFFFFFFFFFFFFFFFFFFFFFFFFFFFFFB7
:10D98000FFFFFFFFFFFFFFFFFFFFFFFFFFFFFFFFA7
:10D99000FFFFFFFFFFFFFFFFFFFFFFFFFFFFFFFF97
:10D9A000FFFFFFFFFFFFFFFFFFFFFFFFFFFFFFFF87
:10D9B000FFFFFFFFFFFFFFFFFFFFFFFFFFFFFFFF77
:10D9C000FFFFFFFFFFFFFFFFFFFFFFFFFFFFFFFF67
:10D9D000FFFFFFFFFFFFFFFFFFFFFFFFFFFFFFFF57
:10D9E000FFFFFFFFFFFFFFFFFFFFFFFFFFFFFFFF47
:10D9F000FFFFFFFFFFFFFFFFFFFFFFFFFFFFFFFF37
:10DA0000FFFFFFFFFFFFFFFFFFFFFFFFFFFFFFFF26
:10DA1000FFFFFFFFFFFFFFFFFFFFFFFFFFFFFFFF16
:10DA2000FFFFFFFFFFFFFFFFFFFFFFFFFFFFFFFF06
:10DA3000FFFFFFFFFFFFFFFFFFFFFFFFFFFFFFFFF6
:10DA4000FFFFFFFFFFFFFFFFFFFFFFFFFFFFFFFFE6
:10DA5000FFFFFFFFFFFFFFFFFFFFFFFFFFFFFFFFD6
:10DA6000FFFFFFFFFFFFFFFFFFFFFFFFFFFFFFFFC6
:10DA7000FFFFFFFFFFFFFFFFFFFFFFFFFFFFFFFFB6
:10DA8000FFFFFFFFFFFFFFFFFFFFFFFFFFFFFFFFA6
:10DA9000FFFFFFFFFFFFFFFFFFFFFFFFFFFFFFFF96
:10DAA000FFFFFFFFFFFFFFFFFFFFFFFFFFFFFFFF86
:10DAB000FFFFFFFFFFFFFFFFFFFFFFFFFFFFFFFF76
:10DAC000FFFFFFFFFFFFFFFFFFFFFFFFFFFFFFFF66
:10DAD000FFFFFFFFFFFFFFFFFFFFFFFFFFFFFFFF56
:10DAE000FFFFFFFFFFFFFFFFFFFFFFFFFFFFFFFF46
:10DAF000FFFFFFFFFFFFFFFFFFFFFFFFFFFFFFFF36
:10DB0000FFFFFFFFFFFFFFFFFFFFFFFFFFFFFFFF25
:10DB1000FFFFFFFFFFFFFFFFFFFFFFFFFFFFFFFF15
:10DB2000FFFFFFFFFFFFFFFFFFFFFFFFFFFFFFFF05
:10DB3000FFFFFFFFFFFFFFFFFFFFFFFFFFFFFFFFF5
:10DB4000FFFFFFFFFFFFFFFFFFFFFFFFFFFFFFFFE5
:10DB5000FFFFFFFFFFFFFFFFFFFFFFFFFFFFFFFFD5
:10DB6000FFFFFFFFFFFFFFFFFFFFFFFFFFFFFFFFC5
:10DB7000FFFFFFFFFFFFFFFFFFFFFFFFFFFFFFFFB5
:10DB8000FFFFFFFFFFFFFFFFFFFFFFFFFFFFFFFFA5
:10DB9000FFFFFFFFFFFFFFFFFFFFFFFFFFFFFFFF95
:10DBA000FFFFFFFFFFFFFFFFFFFFFFFFFFFFFFFF85
:10DBB000FFFFFFFFFFFFFFFFFFFFFFFFFFFFFFFF75
:10DBC000FFFFFFFFFFFFFFFFFFFFFFFFFFFFFFFF65
:10DBD000FFFFFFFFFFFFFFFFFFFFFFFFFFFFFFFF55
:10DBE000FFFFFFFFFFFFFFFFFFFFFFFFFFFFFFFF45
:10DBF000FFFFFFFFFFFFFFFFFFFFFFFFFFFFFFFF35
:10DC0000FFFFFFFFFFFFFFFFFFFFFFFFFFFFFFFF24
:10DC1000FFFFFFFFFFFFFFFFFFFFFFFFFFFFFFFF14
:10DC2000FFFFFFFFFFFFFFFFFFFFFFFFFFFFFFFF04
:10DC3000FFFFFFFFFFFFFFFFFFFFFFFFFFFFFFFFF4
:10DC4000FFFFFFFFFFFFFFFFFFFFFFFFFFFFFFFFE4
:10DC5000FFFFFFFFFFFFFFFFFFFFFFFFFFFFFFFFD4
:10DC6000FFFFFFFFFFFFFFFFFFFFFFFFFFFFFFFFC4
:10DC7000FFFFFFFFFFFFFFFFFFFFFFFFFFFFFFFFB4
:10DC8000FFFFFFFFFFFFFFFFFFFFFFFFFFFFFFFFA4
:10DC9000FFFFFFFFFFFFFFFFFFFFFFFFFFFFFFFF94
:10DCA000FFFFFFFFFFFFFFFFFFFFFFFFFFFFFFFF84
:10DCB000FFFFFFFFFFFFFFFFFFFFFFFFFFFFFFFF74
:10DCC000FFFFFFFFFFFFFFFFFFFFFFFFFFFFFFFF64
:10DCD000FFFFFFFFFFFFFFFFFFFFFFFFFFFFFFFF54
:10DCE000FFFFFFFFFFFFFFFFFFFFFFFFFFFFFFFF44
:10DCF000FFFFFFFFFFFFFFFFFFFFFFFFFFFFFFFF34
:10DD0000FFFFFFFFFFFFFFFFFFFFFFFFFFFFFFFF23
:10DD1000FFFFFFFFFFFFFFFFFFFFFFFFFFFFFFFF13
:10DD2000FFFFFFFFFFFFFFFFFFFFFFFFFFFFFFFF03
:10DD3000FFFFFFFFFFFFFFFFFFFFFFFFFFFFFFFFF3
:10DD4000FFFFFFFFFFFFFFFFFFFFFFFFFFFFFFFFE3
:10DD5000FFFFFFFFFFFFFFFFFFFFFFFFFFFFFFFFD3
:10DD6000FFFFFFFFFFFFFFFFFFFFFFFFFFFFFFFFC3
:10DD7000FFFFFFFFFFFFFFFFFFFFFFFFFFFFFFFFB3
:10DD8000FFFFFFFFFFFFFFFFFFFFFFFFFFFFFFFFA3
:10DD9000FFFFFFFFFFFFFFFFFFFFFFFFFFFFFFFF93
:10DDA000FFFFFFFFFFFFFFFFFFFFFFFFFFFFFFFF83
:10DDB000FFFFFFFFFFFFFFFFFFFFFFFFFFFFFFFF73
:10DDC000FFFFFFFFFFFFFFFFFFFFFFFFFFFFFFFF63
:10DDD000FFFFFFFFFFFFFFFFFFFFFFFFFFFFFFFF53
:10DDE000FFFFFFFFFFFFFFFFFFFFFFFFFFFFFFFF43
:10DDF000FFFFFFFFFFFFFFFFFFFFFFFFFFFFFFFF33
:10DE0000FFFFFFFFFFFFFFFFFFFFFFFFFFFFFFFF22
:10DE1000FFFFFFFFFFFFFFFFFFFFFFFFFFFFFFFF12
:10DE2000FFFFFFFFFFFFFFFFFFFFFFFFFFFFFFFF02
:10DE3000FFFFFFFFFFFFFFFFFFFFFFFFFFFFFFFFF2
:10DE4000FFFFFFFFFFFFFFFFFFFFFFFFFFFFFFFFE2
:10DE5000FFFFFFFFFFFFFFFFFFFFFFFFFFFFFFFFD2
:10DE6000FFFFFFFFFFFFFFFFFFFFFFFFFFFFFFFFC2
:10DE7000FFFFFFFFFFFFFFFFFFFFFFFFFFFFFFFFB2
:10DE8000FFFFFFFFFFFFFFFFFFFFFFFFFFFFFFFFA2
:10DE9000FFFFFFFFFFFFFFFFFFFFFFFFFFFFFFFF92
:10DEA000FFFFFFFFFFFFFFFFFFFFFFFFFFFFFFFF82
:10DEB000FFFFFFFFFFFFFFFFFFFFFFFFFFFFFFFF72
:10DEC000FFFFFFFFFFFFFFFFFFFFFFFFFFFFFFFF62
:10DED000FFFFFFFFFFFFFFFFFFFFFFFFFFFFFFFF52
:10DEE000FFFFFFFFFFFFFFFFFFFFFFFFFFFFFFFF42
:10DEF000FFFFFFFFFFFFFFFFFFFFFFFFFFFFFFFF32
:10DF0000FFFFFFFFFFFFFFFFFFFFFFFFFFFFFFFF21
:10DF1000FFFFFFFFFFFFFFFFFFFFFFFFFFFFFFFF11
:10DF2000FFFFFFFFFFFFFFFFFFFFFFFFFFFFFFFF01
:10DF3000FFFFFFFFFFFFFFFFFFFFFFFFFFFFFFFFF1
:10DF4000FFFFFFFFFFFFFFFFFFFFFFFFFFFFFFFFE1
:10DF5000FFFFFFFFFFFFFFFFFFFFFFFFFFFFFFFFD1
:10DF6000FFFFFFFFFFFFFFFFFFFFFFFFFFFFFFFFC1
:10DF7000FFFFFFFFFFFFFFFFFFFFFFFFFFFFFFFFB1
:10DF8000FFFFFFFFFFFFFFFFFFFFFFFFFFFFFFFFA1
:10DF9000FFFFFFFFFFFFFFFFFFFFFFFFFFFFFFFF91
:10DFA000FFFFFFFFFFFFFFFFFFFFFFFFFFFFFFFF81
:10DFB000FFFFFFFFFFFFFFFFFFFFFFFFFFFFFFFF71
:10DFC000FFFFFFFFFFFFFFFFFFFFFFFFFFFFFFFF61
:10DFD000FFFFFFFFFFFFFFFFFFFFFFFFFFFFFFFF51
:10DFE000FFFFFFFFFFFFFFFFFFFFFFFFFFFFFFFF41
:10DFF000FFFFFFFFFFFFFFFFFFFFFFFFFFFFFFFF31
:10E00000FFFFFFFFFFFFFFFFFFFFFFFFFFFFFFFF20
:10E01000FFFFFFFFFFFFFFFFFFFFFFFFFFFFFFFF10
:10E02000FFFFFFFFFFFFFFFFFFFFFFFFFFFFFFFF00
:10E03000FFFFFFFFFFFFFFFFFFFFFFFFFFFFFFFFF0
:10E04000FFFFFFFFFFFFFFFFFFFFFFFFFFFFFFFFE0
:10E05000FFFFFFFFFFFFFFFFFFFFFFFFFFFFFFFFD0
:10E06000FFFFFFFFFFFFFFFFFFFFFFFFFFFFFFFFC0
:10E07000FFFFFFFFFFFFFFFFFFFFFFFFFFFFFFFFB0
:10E08000FFFFFFFFFFFFFFFFFFFFFFFFFFFFFFFFA0
:10E09000FFFFFFFFFFFFFFFFFFFFFFFFFFFFFFFF90
:10E0A000FFFFFFFFFFFFFFFFFFFFFFFFFFFFFFFF80
:10E0B000FFFFFFFFFFFFFFFFFFFFFFFFFFFFFFFF70
:10E0C000FFFFFFFFFFFFFFFFFFFFFFFFFFFFFFFF60
:10E0D000FFFFFFFFFFFFFFFFFFFFFFFFFFFFFFFF50
:10E0E000FFFFFFFFFFFFFFFFFFFFFFFFFFFFFFFF40
:10E0F000FFFFFFFFFFFFFFFFFFFFFFFFFFFFFFFF30
:10E10000FFFFFFFFFFFFFFFFFFFFFFFFFFFFFFFF1F
:10E11000FFFFFFFFFFFFFFFFFFFFFFFFFFFFFFFF0F
:10E12000FFFFFFFFFFFFFFFFFFFFFFFFFFFFFFFFFF
:10E13000FFFFFFFFFFFFFFFFFFFFFFFFFFFFFFFFEF
:10E14000FFFFFFFFFFFFFFFFFFFFFFFFFFFFFFFFDF
:10E15000FFFFFFFFFFFFFFFFFFFFFFFFFFFFFFFFCF
:10E16000FFFFFFFFFFFFFFFFFFFFFFFFFFFFFFFFBF
:10E17000FFFFFFFFFFFFFFFFFFFFFFFFFFFFFFFFAF
:10E18000FFFFFFFFFFFFFFFFFFFFFFFFFFFFFFFF9F
:10E19000FFFFFFFFFFFFFFFFFFFFFFFFFFFFFFFF8F
:10E1A000FFFFFFFFFFFFFFFFFFFFFFFFFFFFFFFF7F
:10E1B000FFFFFFFFFFFFFFFFFFFFFFFFFFFFFFFF6F
:10E1C000FFFFFFFFFFFFFFFFFFFFFFFFFFFFFFFF5F
:10E1D000FFFFFFFFFFFFFFFFFFFFFFFFFFFFFFFF4F
:10E1E000FFFFFFFFFFFFFFFFFFFFFFFFFFFFFFFF3F
:10E1F000FFFFFFFFFFFFFFFFFFFFFFFFFFFFFFFF2F
:10E20000FFFFFFFFFFFFFFFFFFFFFFFFFFFFFFFF1E
:10E21000FFFFFFFFFFFFFFFFFFFFFFFFFFFFFFFF0E
:10E22000FFFFFFFFFFFFFFFFFFFFFFFFFFFFFFFFFE
:10E23000FFFFFFFFFFFFFFFFFFFFFFFFFFFFFFFFEE
:10E24000FFFFFFFFFFFFFFFFFFFFFFFFFFFFFFFFDE
:10E25000FFFFFFFFFFFFFFFFFFFFFFFFFFFFFFFFCE
:10E26000FFFFFFFFFFFFFFFFFFFFFFFFFFFFFFFFBE
:10E27000FFFFFFFFFFFFFFFFFFFFFFFFFFFFFFFFAE
:10E28000FFFFFFFFFFFFFFFFFFFFFFFFFFFFFFFF9E
:10E29000FFFFFFFFFFFFFFFFFFFFFFFFFFFFFFFF8E
:10E2A000FFFFFFFFFFFFFFFFFFFFFFFFFFFFFFFF7E
:10E2B000FFFFFFFFFFFFFFFFFFFFFFFFFFFFFFFF6E
:10E2C000FFFFFFFFFFFFFFFFFFFFFFFFFFFFFFFF5E
:10E2D000FFFFFFFFFFFFFFFFFFFFFFFFFFFFFFFF4E
:10E2E000FFFFFFFFFFFFFFFFFFFFFFFFFFFFFFFF3E
:10E2F000FFFFFFFFFFFFFFFFFFFFFFFFFFFFFFFF2E
:10E30000FFFFFFFFFFFFFFFFFFFFFFFFFFFFFFFF1D
:10E31000FFFFFFFFFFFFFFFFFFFFFFFFFFFFFFFF0D
:10E32000FFFFFFFFFFFFFFFFFFFFFFFFFFFFFFFFFD
:10E33000FFFFFFFFFFFFFFFFFFFFFFFFFFFFFFFFED
:10E34000FFFFFFFFFFFFFFFFFFFFFFFFFFFFFFFFDD
:10E35000FFFFFFFFFFFFFFFFFFFFFFFFFFFFFFFFCD
:10E36000FFFFFFFFFFFFFFFFFFFFFFFFFFFFFFFFBD
:10E37000FFFFFFFFFFFFFFFFFFFFFFFFFFFFFFFFAD
:10E38000FFFFFFFFFFFFFFFFFFFFFFFFFFFFFFFF9D
:10E39000FFFFFFFFFFFFFFFFFFFFFFFFFFFFFFFF8D
:10E3A000FFFFFFFFFFFFFFFFFFFFFFFFFFFFFFFF7D
:10E3B000FFFFFFFFFFFFFFFFFFFFFFFFFFFFFFFF6D
:10E3C000FFFFFFFFFFFFFFFFFFFFFFFFFFFFFFFF5D
:10E3D000FFFFFFFFFFFFFFFFFFFFFFFFFFFFFFFF4D
:10E3E000FFFFFFFFFFFFFFFFFFFFFFFFFFFFFFFF3D
:10E3F000FFFFFFFFFFFFFFFFFFFFFFFFFFFFFFFF2D
:10E40000FFFFFFFFFFFFFFFFFFFFFFFFFFFFFFFF1C
:10E41000FFFFFFFFFFFFFFFFFFFFFFFFFFFFFFFF0C
:10E42000FFFFFFFFFFFFFFFFFFFFFFFFFFFFFFFFFC
:10E43000FFFFFFFFFFFFFFFFFFFFFFFFFFFFFFFFEC
:10E44000FFFFFFFFFFFFFFFFFFFFFFFFFFFFFFFFDC
:10E45000FFFFFFFFFFFFFFFFFFFFFFFFFFFFFFFFCC
:10E46000FFFFFFFFFFFFFFFFFFFFFFFFFFFFFFFFBC
:10E47000FFFFFFFFFFFFFFFFFFFFFFFFFFFFFFFFAC
:10E48000FFFFFFFFFFFFFFFFFFFFFFFFFFFFFFFF9C
:10E49000FFFFFFFFFFFFFFFFFFFFFFFFFFFFFFFF8C
:10E4A000FFFFFFFFFFFFFFFFFFFFFFFFFFFFFFFF7C
:10E4B000FFFFFFFFFFFFFFFFFFFFFFFFFFFFFFFF6C
:10E4C000FFFFFFFFFFFFFFFFFFFFFFFFFFFFFFFF5C
:10E4D000FFFFFFFFFFFFFFFFFFFFFFFFFFFFFFFF4C
:10E4E000FFFFFFFFFFFFFFFFFFFFFFFFFFFFFFFF3C
:10E4F000FFFFFFFFFFFFFFFFFFFFFFFFFFFFFFFF2C
:10E50000FFFFFFFFFFFFFFFFFFFFFFFFFFFFFFFF1B
:10E51000FFFFFFFFFFFFFFFFFFFFFFFFFFFFFFFF0B
:10E52000FFFFFFFFFFFFFFFFFFFFFFFFFFFFFFFFFB
:10E53000FFFFFFFFFFFFFFFFFFFFFFFFFFFFFFFFEB
:10E54000FFFFFFFFFFFFFFFFFFFFFFFFFFFFFFFFDB
:10E55000FFFFFFFFFFFFFFFFFFFFFFFFFFFFFFFFCB
:10E56000FFFFFFFFFFFFFFFFFFFFFFFFFFFFFFFFBB
:10E57000FFFFFFFFFFFFFFFFFFFFFFFFFFFFFFFFAB
:10E58000FFFFFFFFFFFFFFFFFFFFFFFFFFFFFFFF9B
:10E59000FFFFFFFFFFFFFFFFFFFFFFFFFFFFFFFF8B
:10E5A000FFFFFFFFFFFFFFFFFFFFFFFFFFFFFFFF7B
:10E5B000FFFFFFFFFFFFFFFFFFFFFFFFFFFFFFFF6B
:10E5C000FFFFFFFFFFFFFFFFFFFFFFFFFFFFFFFF5B
:10E5D000FFFFFFFFFFFFFFFFFFFFFFFFFFFFFFFF4B
:10E5E000FFFFFFFFFFFFFFFFFFFFFFFFFFFFFFFF3B
:10E5F000FFFFFFFFFFFFFFFFFFFFFFFFFFFFFFFF2B
:10E60000FFFFFFFFFFFFFFFFFFFFFFFFFFFFFFFF1A
:10E61000FFFFFFFFFFFFFFFFFFFFFFFFFFFFFFFF0A
:10E62000FFFFFFFFFFFFFFFFFFFFFFFFFFFFFFFFFA
:10E63000FFFFFFFFFFFFFFFFFFFFFFFFFFFFFFFFEA
:10E64000FFFFFFFFFFFFFFFFFFFFFFFFFFFFFFFFDA
:10E65000FFFFFFFFFFFFFFFFFFFFFFFFFFFFFFFFCA
:10E66000FFFFFFFFFFFFFFFFFFFFFFFFFFFFFFFFBA
:10E67000FFFFFFFFFFFFFFFFFFFFFFFFFFFFFFFFAA
:10E68000FFFFFFFFFFFFFFFFFFFFFFFFFFFFFFFF9A
:10E69000FFFFFFFFFFFFFFFFFFFFFFFFFFFFFFFF8A
:10E6A000FFFFFFFFFFFFFFFFFFFFFFFFFFFFFFFF7A
:10E6B000FFFFFFFFFFFFFFFFFFFFFFFFFFFFFFFF6A
:10E6C000FFFFFFFFFFFFFFFFFFFFFFFFFFFFFFFF5A
:10E6D000FFFFFFFFFFFFFFFFFFFFFFFFFFFFFFFF4A
:10E6E000FFFFFFFFFFFFFFFFFFFFFFFFFFFFFFFF3A
:10E6F000FFFFFFFFFFFFFFFFFFFFFFFFFFFFFFFF2A
:10E70000FFFFFFFFFFFFFFFFFFFFFFFFFFFFFFFF19
:10E71000FFFFFFFFFFFFFFFFFFFFFFFFFFFFFFFF09
:10E72000FFFFFFFFFFFFFFFFFFFFFFFFFFFFFFFFF9
:10E73000FFFFFFFFFFFFFFFFFFFFFFFFFFFFFFFFE9
:10E74000FFFFFFFFFFFFFFFFFFFFFFFFFFFFFFFFD9
:10E75000FFFFFFFFFFFFFFFFFFFFFFFFFFFFFFFFC9
:10E76000FFFFFFFFFFFFFFFFFFFFFFFFFFFFFFFFB9
:10E77000FFFFFFFFFFFFFFFFFFFFFFFFFFFFFFFFA9
:10E78000FFFFFFFFFFFFFFFFFFFFFFFFFFFFFFFF99
:10E79000FFFFFFFFFFFFFFFFFFFFFFFFFFFFFFFF89
:10E7A000FFFFFFFFFFFFFFFFFFFFFFFFFFFFFFFF79
:10E7B000FFFFFFFFFFFFFFFFFFFFFFFFFFFFFFFF69
:10E7C000FFFFFFFFFFFFFFFFFFFFFFFFFFFFFFFF59
:10E7D000FFFFFFFFFFFFFFFFFFFFFFFFFFFFFFFF49
:10E7E000FFFFFFFFFFFFFFFFFFFFFFFFFFFFFFFF39
:10E7F000FFFFFFFFFFFFFFFFFFFFFFFFFFFFFFFF29
:10E80000FFFFFFFFFFFFFFFFFFFFFFFFFFFFFFFF18
:10E81000FFFFFFFFFFFFFFFFFFFFFFFFFFFFFFFF08
:10E82000FFFFFFFFFFFFFFFFFFFFFFFFFFFFFFFFF8
:10E83000FFFFFFFFFFFFFFFFFFFFFFFFFFFFFFFFE8
:10E84000FFFFFFFFFFFFFFFFFFFFFFFFFFFFFFFFD8
:10E85000FFFFFFFFFFFFFFFFFFFFFFFFFFFFFFFFC8
:10E86000FFFFFFFFFFFFFFFFFFFFFFFFFFFFFFFFB8
:10E87000FFFFFFFFFFFFFFFFFFFFFFFFFFFFFFFFA8
:10E88000FFFFFFFFFFFFFFFFFFFFFFFFFFFFFFFF98
:10E89000FFFFFFFFFFFFFFFFFFFFFFFFFFFFFFFF88
:10E8A000FFFFFFFFFFFFFFFFFFFFFFFFFFFFFFFF78
:10E8B000FFFFFFFFFFFFFFFFFFFFFFFFFFFFFFFF68
:10E8C000FFFFFFFFFFFFFFFFFFFFFFFFFFFFFFFF58
:10E8D000FFFFFFFFFFFFFFFFFFFFFFFFFFFFFFFF48
:10E8E000FFFFFFFFFFFFFFFFFFFFFFFFFFFFFFFF38
:10E8F000FFFFFFFFFFFFFFFFFFFFFFFFFFFFFFFF28
:10E90000FFFFFFFFFFFFFFFFFFFFFFFFFFFFFFFF17
:10E91000FFFFFFFFFFFFFFFFFFFFFFFFFFFFFFFF07
:10E92000FFFFFFFFFFFFFFFFFFFFFFFFFFFFFFFFF7
:10E93000FFFFFFFFFFFFFFFFFFFFFFFFFFFFFFFFE7
:10E94000FFFFFFFFFFFFFFFFFFFFFFFFFFFFFFFFD7
:10E95000FFFFFFFFFFFFFFFFFFFFFFFFFFFFFFFFC7
:10E96000FFFFFFFFFFFFFFFFFFFFFFFFFFFFFFFFB7
:10E97000FFFFFFFFFFFFFFFFFFFFFFFFFFFFFFFFA7
:10E98000FFFFFFFFFFFFFFFFFFFFFFFFFFFFFFFF97
:10E99000FFFFFFFFFFFFFFFFFFFFFFFFFFFFFFFF87
:10E9A000FFFFFFFFFFFFFFFFFFFFFFFFFFFFFFFF77
:10E9B000FFFFFFFFFFFFFFFFFFFFFFFFFFFFFFFF67
:10E9C000FFFFFFFFFFFFFFFFFFFFFFFFFFFFFFFF57
:10E9D000FFFFFFFFFFFFFFFFFFFFFFFFFFFFFFFF47
:10E9E000FFFFFFFFFFFFFFFFFFFFFFFFFFFFFFFF37
:10E9F000FFFFFFFFFFFFFFFFFFFFFFFFFFFFFFFF27
:10EA0000FFFFFFFFFFFFFFFFFFFFFFFFFFFFFFFF16
:10EA1000FFFFFFFFFFFFFFFFFFFFFFFFFFFFFFFF06
:10EA2000FFFFFFFFFFFFFFFFFFFFFFFFFFFFFFFFF6
:10EA3000FFFFFFFFFFFFFFFFFFFFFFFFFFFFFFFFE6
:10EA4000FFFFFFFFFFFFFFFFFFFFFFFFFFFFFFFFD6
:10EA5000FFFFFFFFFFFFFFFFFFFFFFFFFFFFFFFFC6
:10EA6000FFFFFFFFFFFFFFFFFFFFFFFFFFFFFFFFB6
:10EA7000FFFFFFFFFFFFFFFFFFFFFFFFFFFFFFFFA6
:10EA8000FFFFFFFFFFFFFFFFFFFFFFFFFFFFFFFF96
:10EA9000FFFFFFFFFFFFFFFFFFFFFFFFFFFFFFFF86
:10EAA000FFFFFFFFFFFFFFFFFFFFFFFFFFFFFFFF76
:10EAB000FFFFFFFFFFFFFFFFFFFFFFFFFFFFFFFF66
:10EAC000FFFFFFFFFFFFFFFFFFFFFFFFFFFFFFFF56
:10EAD000FFFFFFFFFFFFFFFFFFFFFFFFFFFFFFFF46
:10EAE000FFFFFFFFFFFFFFFFFFFFFFFFFFFFFFFF36
:10EAF000FFFFFFFFFFFFFFFFFFFFFFFFFFFFFFFF26
:10EB0000FFFFFFFFFFFFFFFFFFFFFFFFFFFFFFFF15
:10EB1000FFFFFFFFFFFFFFFFFFFFFFFFFFFFFFFF05
:10EB2000FFFFFFFFFFFFFFFFFFFFFFFFFFFFFFFFF5
:10EB3000FFFFFFFFFFFFFFFFFFFFFFFFFFFFFFFFE5
:10EB4000FFFFFFFFFFFFFFFFFFFFFFFFFFFFFFFFD5
:10EB5000FFFFFFFFFFFFFFFFFFFFFFFFFFFFFFFFC5
:10EB6000FFFFFFFFFFFFFFFFFFFFFFFFFFFFFFFFB5
:10EB7000FFFFFFFFFFFFFFFFFFFFFFFFFFFFFFFFA5
:10EB8000FFFFFFFFFFFFFFFFFFFFFFFFFFFFFFFF95
:10EB9000FFFFFFFFFFFFFFFFFFFFFFFFFFFFFFFF85
:10EBA000FFFFFFFFFFFFFFFFFFFFFFFFFFFFFFFF75
:10EBB000FFFFFFFFFFFFFFFFFFFFFFFFFFFFFFFF65
:10EBC000FFFFFFFFFFFFFFFFFFFFFFFFFFFFFFFF55
:10EBD000FFFFFFFFFFFFFFFFFFFFFFFFFFFFFFFF45
:10EBE000FFFFFFFFFFFFFFFFFFFFFFFFFFFFFFFF35
:10EBF000FFFFFFFFFFFFFFFFFFFFFFFFFFFFFFFF25
:10EC0000FFFFFFFFFFFFFFFFFFFFFFFFFFFFFFFF14
:10EC1000FFFFFFFFFFFFFFFFFFFFFFFFFFFFFFFF04
:10EC2000FFFFFFFFFFFFFFFFFFFFFFFFFFFFFFFFF4
:10EC3000FFFFFFFFFFFFFFFFFFFFFFFFFFFFFFFFE4
:10EC4000FFFFFFFFFFFFFFFFFFFFFFFFFFFFFFFFD4
:10EC5000FFFFFFFFFFFFFFFFFFFFFFFFFFFFFFFFC4
:10EC6000FFFFFFFFFFFFFFFFFFFFFFFFFFFFFFFFB4
:10EC7000FFFFFFFFFFFFFFFFFFFFFFFFFFFFFFFFA4
:10EC8000FFFFFFFFFFFFFFFFFFFFFFFFFFFFFFFF94
:10EC9000FFFFFFFFFFFFFFFFFFFFFFFFFFFFFFFF84
:10ECA000FFFFFFFFFFFFFFFFFFFFFFFFFFFFFFFF74
:10ECB000FFFFFFFFFFFFFFFFFFFFFFFFFFFFFFFF64
:10ECC000FFFFFFFFFFFFFFFFFFFFFFFFFFFFFFFF54
:10ECD000FFFFFFFFFFFFFFFFFFFFFFFFFFFFFFFF44
:10ECE000FFFFFFFFFFFFFFFFFFFFFFFFFFFFFFFF34
:10ECF000FFFFFFFFFFFFFFFFFFFFFFFFFFFFFFFF24
:10ED0000FFFFFFFFFFFFFFFFFFFFFFFFFFFFFFFF13
:10ED1000FFFFFFFFFFFFFFFFFFFFFFFFFFFFFFFF03
:10ED2000FFFFFFFFFFFFFFFFFFFFFFFFFFFFFFFFF3
:10ED3000FFFFFFFFFFFFFFFFFFFFFFFFFFFFFFFFE3
:10ED4000FFFFFFFFFFFFFFFFFFFFFFFFFFFFFFFFD3
:10ED5000FFFFFFFFFFFFFFFFFFFFFFFFFFFFFFFFC3
:10ED6000FFFFFFFFFFFFFFFFFFFFFFFFFFFFFFFFB3
:10ED7000FFFFFFFFFFFFFFFFFFFFFFFFFFFFFFFFA3
:10ED8000FFFFFFFFFFFFFFFFFFFFFFFFFFFFFFFF93
:10ED9000FFFFFFFFFFFFFFFFFFFFFFFFFFFFFFFF83
:10EDA000FFFFFFFFFFFFFFFFFFFFFFFFFFFFFFFF73
:10EDB000FFFFFFFFFFFFFFFFFFFFFFFFFFFFFFFF63
:10EDC000FFFFFFFFFFFFFFFFFFFFFFFFFFFFFFFF53
:10EDD000FFFFFFFFFFFFFFFFFFFFFFFFFFFFFFFF43
:10EDE000FFFFFFFFFFFFFFFFFFFFFFFFFFFFFFFF33
:10EDF000FFFFFFFFFFFFFFFFFFFFFFFFFFFFFFFF23
:10EE0000FFFFFFFFFFFFFFFFFFFFFFFFFFFFFFFF12
:10EE1000FFFFFFFFFFFFFFFFFFFFFFFFFFFFFFFF02
:10EE2000FFFFFFFFFFFFFFFFFFFFFFFFFFFFFFFFF2
:10EE3000FFFFFFFFFFFFFFFFFFFFFFFFFFFFFFFFE2
:10EE4000FFFFFFFFFFFFFFFFFFFFFFFFFFFFFFFFD2
:10EE5000FFFFFFFFFFFFFFFFFFFFFFFFFFFFFFFFC2
:10EE6000FFFFFFFFFFFFFFFFFFFFFFFFFFFFFFFFB2
:10EE7000FFFFFFFFFFFFFFFFFFFFFFFFFFFFFFFFA2
:10EE8000FFFFFFFFFFFFFFFFFFFFFFFFFFFFFFFF92
:10EE9000FFFFFFFFFFFFFFFFFFFFFFFFFFFFFFFF82
:10EEA000FFFFFFFFFFFFFFFFFFFFFFFFFFFFFFFF72
:10EEB000FFFFFFFFFFFFFFFFFFFFFFFFFFFFFFFF62
:10EEC000FFFFFFFFFFFFFFFFFFFFFFFFFFFFFFFF52
:10EED000FFFFFFFFFFFFFFFFFFFFFFFFFFFFFFFF42
:10EEE000FFFFFFFFFFFFFFFFFFFFFFFFFFFFFFFF32
:10EEF000FFFFFFFFFFFFFFFFFFFFFFFFFFFFFFFF22
:10EF0000FFFFFFFFFFFFFFFFFFFFFFFFFFFFFFFF11
:10EF1000FFFFFFFFFFFFFFFFFFFFFFFFFFFFFFFF01
:10EF2000FFFFFFFFFFFFFFFFFFFFFFFFFFFFFFFFF1
:10EF3000FFFFFFFFFFFFFFFFFFFFFFFFFFFFFFFFE1
:10EF4000FFFFFFFFFFFFFFFFFFFFFFFFFFFFFFFFD1
:10EF5000FFFFFFFFFFFFFFFFFFFFFFFFFFFFFFFFC1
:10EF6000FFFFFFFFFFFFFFFFFFFFFFFFFFFFFFFFB1
:10EF7000FFFFFFFFFFFFFFFFFFFFFFFFFFFFFFFFA1
:10EF8000FFFFFFFFFFFFFFFFFFFFFFFFFFFFFFFF91
:10EF9000FFFFFFFFFFFFFFFFFFFFFFFFFFFFFFFF81
:10EFA000FFFFFFFFFFFFFFFFFFFFFFFFFFFFFFFF71
:10EFB000FFFFFFFFFFFFFFFFFFFFFFFFFFFFFFFF61
:10EFC000FFFFFFFFFFFFFFFFFFFFFFFFFFFFFFFF51
:10EFD000FFFFFFFFFFFFFFFFFFFFFFFFFFFFFFFF41
:10EFE000FFFFFFFFFFFFFFFFFFFFFFFFFFFFFFFF31
:10EFF000FFFFFFFFFFFFFFFFFFFFFFFFFFFFFFFF21
:00000001FF
